#
# TABLE STRUCTURE FOR: admin
#

DROP TABLE IF EXISTS `admin`;

CREATE TABLE `admin` (
  `admin_id` int(11) NOT NULL AUTO_INCREMENT,
  `role_id` int(11) NOT NULL,
  `full_name` varchar(150) NOT NULL,
  `email_id` varchar(150) NOT NULL,
  `password` varchar(50) NOT NULL,
  `status` int(1) NOT NULL,
  `is_super_admin` int(1) NOT NULL DEFAULT '0',
  `creation_datetime` datetime NOT NULL,
  `updation_datetime` datetime DEFAULT NULL,
  PRIMARY KEY (`admin_id`)
) ENGINE=InnoDB AUTO_INCREMENT=7 DEFAULT CHARSET=latin1;

INSERT INTO `admin` (`admin_id`, `role_id`, `full_name`, `email_id`, `password`, `status`, `is_super_admin`, `creation_datetime`, `updation_datetime`) VALUES (1, 0, 'Admin', 'admin@eqwipetrol.com', '25a41cec631264f04815eda23dc6edd9', 1, 1, '2022-09-19 10:48:01', NULL);
INSERT INTO `admin` (`admin_id`, `role_id`, `full_name`, `email_id`, `password`, `status`, `is_super_admin`, `creation_datetime`, `updation_datetime`) VALUES (2, 2, 'dinesh', 'dinesh@test.com', 'e10adc3949ba59abbe56e057f20f883e', 1, 0, '2022-10-18 17:42:50', '2023-01-30 13:10:26');
INSERT INTO `admin` (`admin_id`, `role_id`, `full_name`, `email_id`, `password`, `status`, `is_super_admin`, `creation_datetime`, `updation_datetime`) VALUES (3, 2, 'Price Updateer', 'test@test1.com', '4297f44b13955235245b2497399d7a93', 1, 0, '2022-11-04 16:37:45', NULL);
INSERT INTO `admin` (`admin_id`, `role_id`, `full_name`, `email_id`, `password`, `status`, `is_super_admin`, `creation_datetime`, `updation_datetime`) VALUES (4, 3, 'Felix', 'njinufelix@gmail.com', '5ed06a69afeaaa39163460fc2fc2ddf8', 1, 0, '2022-11-23 16:25:43', NULL);
INSERT INTO `admin` (`admin_id`, `role_id`, `full_name`, `email_id`, `password`, `status`, `is_super_admin`, `creation_datetime`, `updation_datetime`) VALUES (6, 4, 'venkatesh', 'hemavenkatesh208@gmail.com', 'e10adc3949ba59abbe56e057f20f883e', 1, 0, '2023-01-17 15:12:53', NULL);


#
# TABLE STRUCTURE FOR: admin_dashboard_menu
#

DROP TABLE IF EXISTS `admin_dashboard_menu`;

CREATE TABLE `admin_dashboard_menu` (
  `id` int(11) NOT NULL AUTO_INCREMENT,
  `menu_id` int(11) NOT NULL,
  `menu_name` varchar(100) COLLATE utf8mb4_unicode_ci NOT NULL,
  `menu_icon` varchar(100) COLLATE utf8mb4_unicode_ci DEFAULT NULL,
  `menu_url` varchar(100) COLLATE utf8mb4_unicode_ci NOT NULL DEFAULT '#',
  `display_order` int(11) NOT NULL,
  `status` tinyint(1) NOT NULL DEFAULT '1',
  `sub_ids` text COLLATE utf8mb4_unicode_ci,
  `created_date` datetime NOT NULL,
  `updated_date` datetime DEFAULT NULL,
  PRIMARY KEY (`id`)
) ENGINE=InnoDB AUTO_INCREMENT=41 DEFAULT CHARSET=utf8mb4 COLLATE=utf8mb4_unicode_ci;

INSERT INTO `admin_dashboard_menu` (`id`, `menu_id`, `menu_name`, `menu_icon`, `menu_url`, `display_order`, `status`, `sub_ids`, `created_date`, `updated_date`) VALUES (1, 0, 'Dashboard', 'fa fa-dashboard', 'admin/home', 1, 1, NULL, '2022-09-19 15:25:39', '2022-10-18 13:14:13');
INSERT INTO `admin_dashboard_menu` (`id`, `menu_id`, `menu_name`, `menu_icon`, `menu_url`, `display_order`, `status`, `sub_ids`, `created_date`, `updated_date`) VALUES (2, 0, 'Products', 'fa fa-product-hunt', 'admin/product', 11, 1, NULL, '2022-10-17 16:27:36', '2022-10-20 16:57:54');
INSERT INTO `admin_dashboard_menu` (`id`, `menu_id`, `menu_name`, `menu_icon`, `menu_url`, `display_order`, `status`, `sub_ids`, `created_date`, `updated_date`) VALUES (3, 0, 'Setting', 'fa fa-gear', '#', 14, 1, '4,6,13,15,22,25,32,33,34', '2022-10-17 20:44:21', '2022-10-20 16:58:29');
INSERT INTO `admin_dashboard_menu` (`id`, `menu_id`, `menu_name`, `menu_icon`, `menu_url`, `display_order`, `status`, `sub_ids`, `created_date`, `updated_date`) VALUES (4, 3, 'Site Setting', 'fa fa-gear', 'admin/setting/site_setting', 1, 1, NULL, '2022-10-17 20:47:05', '2022-10-18 13:13:59');
INSERT INTO `admin_dashboard_menu` (`id`, `menu_id`, `menu_name`, `menu_icon`, `menu_url`, `display_order`, `status`, `sub_ids`, `created_date`, `updated_date`) VALUES (5, 0, 'Boarding Sliders', 'fa fa-sliders', 'admin/boarding_slider', 15, 1, '6', '2022-10-18 11:39:46', '2022-10-20 16:57:24');
INSERT INTO `admin_dashboard_menu` (`id`, `menu_id`, `menu_name`, `menu_icon`, `menu_url`, `display_order`, `status`, `sub_ids`, `created_date`, `updated_date`) VALUES (6, 3, 'CMS Pages', 'fa fa-gear', 'admin/setting/cms_pages', 4, 1, NULL, '2022-10-18 11:42:46', '2022-12-02 16:20:52');
INSERT INTO `admin_dashboard_menu` (`id`, `menu_id`, `menu_name`, `menu_icon`, `menu_url`, `display_order`, `status`, `sub_ids`, `created_date`, `updated_date`) VALUES (8, 0, 'Admin', 'fa fa-user', '#', 2, 1, '9,10', '2022-10-18 13:40:30', '2022-10-18 13:41:10');
INSERT INTO `admin_dashboard_menu` (`id`, `menu_id`, `menu_name`, `menu_icon`, `menu_url`, `display_order`, `status`, `sub_ids`, `created_date`, `updated_date`) VALUES (9, 8, 'Roles', 'fa fa-gear', 'admin/role', 1, 1, NULL, '2022-10-18 13:42:39', NULL);
INSERT INTO `admin_dashboard_menu` (`id`, `menu_id`, `menu_name`, `menu_icon`, `menu_url`, `display_order`, `status`, `sub_ids`, `created_date`, `updated_date`) VALUES (10, 8, 'Sub Admin', 'fa fa-user', 'admin/sub_admin', 2, 1, NULL, '2022-10-18 17:27:15', NULL);
INSERT INTO `admin_dashboard_menu` (`id`, `menu_id`, `menu_name`, `menu_icon`, `menu_url`, `display_order`, `status`, `sub_ids`, `created_date`, `updated_date`) VALUES (11, 0, 'Owners', 'fa fa-user', 'admin/owner', 3, 1, NULL, '2022-10-19 12:51:14', NULL);
INSERT INTO `admin_dashboard_menu` (`id`, `menu_id`, `menu_name`, `menu_icon`, `menu_url`, `display_order`, `status`, `sub_ids`, `created_date`, `updated_date`) VALUES (12, 0, 'Managers', 'fa fa-user', 'admin/manager', 5, 1, NULL, '2022-10-19 12:51:47', '2022-10-19 16:06:03');
INSERT INTO `admin_dashboard_menu` (`id`, `menu_id`, `menu_name`, `menu_icon`, `menu_url`, `display_order`, `status`, `sub_ids`, `created_date`, `updated_date`) VALUES (13, 3, 'SMS Setting', 'fa fa-gear', 'admin/setting/sms_setting', 3, 1, NULL, '2022-10-19 15:38:23', '2022-12-02 16:20:34');
INSERT INTO `admin_dashboard_menu` (`id`, `menu_id`, `menu_name`, `menu_icon`, `menu_url`, `display_order`, `status`, `sub_ids`, `created_date`, `updated_date`) VALUES (14, 0, 'Stations', 'fa fa-map-marker', 'admin/station', 4, 1, NULL, '2022-10-19 16:01:08', '2022-10-19 16:05:53');
INSERT INTO `admin_dashboard_menu` (`id`, `menu_id`, `menu_name`, `menu_icon`, `menu_url`, `display_order`, `status`, `sub_ids`, `created_date`, `updated_date`) VALUES (15, 3, 'Contact Us', 'fa fa-gear', 'admin/setting/contact_us', 5, 1, NULL, '2022-10-19 18:12:37', '2022-12-02 16:21:02');
INSERT INTO `admin_dashboard_menu` (`id`, `menu_id`, `menu_name`, `menu_icon`, `menu_url`, `display_order`, `status`, `sub_ids`, `created_date`, `updated_date`) VALUES (16, 0, 'Price List', 'fa fa-money', 'admin/product_price', 12, 1, NULL, '2022-10-20 11:40:38', '2022-10-20 16:57:35');
INSERT INTO `admin_dashboard_menu` (`id`, `menu_id`, `menu_name`, `menu_icon`, `menu_url`, `display_order`, `status`, `sub_ids`, `created_date`, `updated_date`) VALUES (17, 0, 'Attendants', 'fa fa-user', 'admin/attendant', 6, 1, NULL, '2022-10-20 13:09:39', '2022-10-20 13:09:52');
INSERT INTO `admin_dashboard_menu` (`id`, `menu_id`, `menu_name`, `menu_icon`, `menu_url`, `display_order`, `status`, `sub_ids`, `created_date`, `updated_date`) VALUES (18, 0, 'Transporters', 'fa fa-user', 'admin/transporter', 7, 1, NULL, '2022-10-20 13:24:02', NULL);
INSERT INTO `admin_dashboard_menu` (`id`, `menu_id`, `menu_name`, `menu_icon`, `menu_url`, `display_order`, `status`, `sub_ids`, `created_date`, `updated_date`) VALUES (19, 0, 'Vendors', 'fa fa-user', 'admin/vendor', 9, 1, NULL, '2022-10-20 16:59:05', '2022-10-20 17:57:51');
INSERT INTO `admin_dashboard_menu` (`id`, `menu_id`, `menu_name`, `menu_icon`, `menu_url`, `display_order`, `status`, `sub_ids`, `created_date`, `updated_date`) VALUES (20, 0, 'Vehicles', 'fa fa-truck', 'admin/vehicle', 8, 1, NULL, '2022-10-20 17:58:51', NULL);
INSERT INTO `admin_dashboard_menu` (`id`, `menu_id`, `menu_name`, `menu_icon`, `menu_url`, `display_order`, `status`, `sub_ids`, `created_date`, `updated_date`) VALUES (21, 0, 'Orders', 'fa fa-money', 'admin/orders/status', 18, 1, NULL, '2022-11-04 10:12:16', '2022-11-10 13:14:21');
INSERT INTO `admin_dashboard_menu` (`id`, `menu_id`, `menu_name`, `menu_icon`, `menu_url`, `display_order`, `status`, `sub_ids`, `created_date`, `updated_date`) VALUES (22, 3, 'Reject Reasons', 'fa fa-gear', 'admin/setting/reject_reason', 8, 1, NULL, '2022-11-11 12:33:18', '2022-12-02 16:12:21');
INSERT INTO `admin_dashboard_menu` (`id`, `menu_id`, `menu_name`, `menu_icon`, `menu_url`, `display_order`, `status`, `sub_ids`, `created_date`, `updated_date`) VALUES (23, 0, 'Feedbacks', 'fa fa-commenting-o', 'admin/feedbacks', 13, 1, NULL, '2022-11-21 11:26:18', NULL);
INSERT INTO `admin_dashboard_menu` (`id`, `menu_id`, `menu_name`, `menu_icon`, `menu_url`, `display_order`, `status`, `sub_ids`, `created_date`, `updated_date`) VALUES (24, 0, 'Transactions', 'fa fa-money', 'admin/transactions', 20, 1, NULL, '2022-11-21 15:26:47', NULL);
INSERT INTO `admin_dashboard_menu` (`id`, `menu_id`, `menu_name`, `menu_icon`, `menu_url`, `display_order`, `status`, `sub_ids`, `created_date`, `updated_date`) VALUES (25, 3, 'Send Push Notifications', 'fa fa-gear', 'admin/setting/push_notification', 6, 1, NULL, '2022-11-23 11:44:12', '2022-12-02 16:21:12');
INSERT INTO `admin_dashboard_menu` (`id`, `menu_id`, `menu_name`, `menu_icon`, `menu_url`, `display_order`, `status`, `sub_ids`, `created_date`, `updated_date`) VALUES (26, 0, 'Help & Supports', 'fa fa-question-circle', '#', 16, 1, '29,30', '2022-11-28 14:55:12', '2022-11-30 14:41:42');
INSERT INTO `admin_dashboard_menu` (`id`, `menu_id`, `menu_name`, `menu_icon`, `menu_url`, `display_order`, `status`, `sub_ids`, `created_date`, `updated_date`) VALUES (27, 0, 'Order Reviews', 'fa fa-star', 'admin/order_reviews', 19, 1, NULL, '2022-11-28 18:05:14', '2022-12-05 16:29:02');
INSERT INTO `admin_dashboard_menu` (`id`, `menu_id`, `menu_name`, `menu_icon`, `menu_url`, `display_order`, `status`, `sub_ids`, `created_date`, `updated_date`) VALUES (28, 0, 'Advertisements', 'fa fa-buysellads', 'admin/advertisement', 17, 1, NULL, '2022-11-29 12:25:20', NULL);
INSERT INTO `admin_dashboard_menu` (`id`, `menu_id`, `menu_name`, `menu_icon`, `menu_url`, `display_order`, `status`, `sub_ids`, `created_date`, `updated_date`) VALUES (29, 26, 'Raised Tickets', 'fa fa-question-circle', 'admin/help/ticket', 2, 1, NULL, '2022-11-30 14:40:19', NULL);
INSERT INTO `admin_dashboard_menu` (`id`, `menu_id`, `menu_name`, `menu_icon`, `menu_url`, `display_order`, `status`, `sub_ids`, `created_date`, `updated_date`) VALUES (30, 26, 'Help & Supports', 'fa fa-gear', 'admin/help', 1, 1, NULL, '2022-11-30 14:41:08', NULL);
INSERT INTO `admin_dashboard_menu` (`id`, `menu_id`, `menu_name`, `menu_icon`, `menu_url`, `display_order`, `status`, `sub_ids`, `created_date`, `updated_date`) VALUES (31, 0, 'Coupons', 'fa fa-file', 'admin/coupon', 19, 1, NULL, '2022-11-30 19:05:43', '2022-11-30 19:06:08');
INSERT INTO `admin_dashboard_menu` (`id`, `menu_id`, `menu_name`, `menu_icon`, `menu_url`, `display_order`, `status`, `sub_ids`, `created_date`, `updated_date`) VALUES (32, 3, 'Payment Gateway Setting', 'fa fa-gear', 'admin/setting/payment_gateway_setting', 7, 1, NULL, '2022-12-02 16:13:42', NULL);
INSERT INTO `admin_dashboard_menu` (`id`, `menu_id`, `menu_name`, `menu_icon`, `menu_url`, `display_order`, `status`, `sub_ids`, `created_date`, `updated_date`) VALUES (33, 3, 'Email Setting', 'fa fa-gear', 'admin/setting/email_setting', 2, 1, NULL, '2022-12-02 16:21:35', NULL);
INSERT INTO `admin_dashboard_menu` (`id`, `menu_id`, `menu_name`, `menu_icon`, `menu_url`, `display_order`, `status`, `sub_ids`, `created_date`, `updated_date`) VALUES (34, 3, 'App Version', 'fa fa-gear', 'admin/setting/app_version', 9, 1, NULL, '2022-12-03 11:05:45', NULL);
INSERT INTO `admin_dashboard_menu` (`id`, `menu_id`, `menu_name`, `menu_icon`, `menu_url`, `display_order`, `status`, `sub_ids`, `created_date`, `updated_date`) VALUES (35, 0, 'Vendor Purchase', 'fa fa-money', 'admin/vendor_purchase', 10, 1, NULL, '2022-12-05 12:06:37', NULL);
INSERT INTO `admin_dashboard_menu` (`id`, `menu_id`, `menu_name`, `menu_icon`, `menu_url`, `display_order`, `status`, `sub_ids`, `created_date`, `updated_date`) VALUES (36, 0, 'Database Backup', 'fa fa-database', 'admin/backup', 30, 1, NULL, '2022-12-05 15:21:34', '2022-12-05 17:10:50');
INSERT INTO `admin_dashboard_menu` (`id`, `menu_id`, `menu_name`, `menu_icon`, `menu_url`, `display_order`, `status`, `sub_ids`, `created_date`, `updated_date`) VALUES (37, 0, 'Reports', 'fa fa-file', 'admin/reports', 25, 1, NULL, '2022-12-06 12:53:32', NULL);
INSERT INTO `admin_dashboard_menu` (`id`, `menu_id`, `menu_name`, `menu_icon`, `menu_url`, `display_order`, `status`, `sub_ids`, `created_date`, `updated_date`) VALUES (38, 0, 'Transporter Availability', 'fa fa-user', 'admin/transporter/availability', 7, 1, NULL, '2023-01-13 17:39:13', '2023-01-13 17:39:25');
INSERT INTO `admin_dashboard_menu` (`id`, `menu_id`, `menu_name`, `menu_icon`, `menu_url`, `display_order`, `status`, `sub_ids`, `created_date`, `updated_date`) VALUES (39, 0, 'Transporter Notifications', 'fa fa-envelope', 'admin/notifications', 18, 1, NULL, '2023-01-27 13:54:42', '2023-01-31 12:58:01');
INSERT INTO `admin_dashboard_menu` (`id`, `menu_id`, `menu_name`, `menu_icon`, `menu_url`, `display_order`, `status`, `sub_ids`, `created_date`, `updated_date`) VALUES (40, 0, 'Admin Send Notifications', 'fa fa-envelope', 'admin/admin_notifications', 19, 1, NULL, '2023-01-31 12:59:12', NULL);


#
# TABLE STRUCTURE FOR: admin_user_privileges
#

DROP TABLE IF EXISTS `admin_user_privileges`;

CREATE TABLE `admin_user_privileges` (
  `id` int(11) NOT NULL AUTO_INCREMENT,
  `admin_id` int(11) NOT NULL,
  `menu_type` enum('M','S') NOT NULL COMMENT 'M - Main, S - Sub',
  `menu_id` int(11) NOT NULL,
  `menu_name` varchar(100) NOT NULL,
  `menu_url` varchar(100) NOT NULL DEFAULT '#',
  `list_p` int(1) NOT NULL,
  `add_p` int(1) NOT NULL,
  `edit_p` int(1) NOT NULL,
  `delete_p` int(1) NOT NULL,
  `created_date` datetime NOT NULL,
  `updated_date` datetime DEFAULT NULL,
  PRIMARY KEY (`id`)
) ENGINE=InnoDB AUTO_INCREMENT=141 DEFAULT CHARSET=latin1;

INSERT INTO `admin_user_privileges` (`id`, `admin_id`, `menu_type`, `menu_id`, `menu_name`, `menu_url`, `list_p`, `add_p`, `edit_p`, `delete_p`, `created_date`, `updated_date`) VALUES (10, 2, 'M', 1, 'Dashboard', 'admin/home', 0, 0, 0, 0, '2022-11-04 16:37:45', '2023-01-30 13:10:26');
INSERT INTO `admin_user_privileges` (`id`, `admin_id`, `menu_type`, `menu_id`, `menu_name`, `menu_url`, `list_p`, `add_p`, `edit_p`, `delete_p`, `created_date`, `updated_date`) VALUES (11, 2, 'M', 8, 'Admin', '#', 0, 0, 0, 0, '2022-11-04 16:37:45', '2023-01-30 13:10:26');
INSERT INTO `admin_user_privileges` (`id`, `admin_id`, `menu_type`, `menu_id`, `menu_name`, `menu_url`, `list_p`, `add_p`, `edit_p`, `delete_p`, `created_date`, `updated_date`) VALUES (19, 2, 'M', 2, 'Products', 'admin/product', 0, 0, 0, 0, '2022-11-04 16:37:45', '2023-01-30 13:10:26');
INSERT INTO `admin_user_privileges` (`id`, `admin_id`, `menu_type`, `menu_id`, `menu_name`, `menu_url`, `list_p`, `add_p`, `edit_p`, `delete_p`, `created_date`, `updated_date`) VALUES (21, 2, 'M', 3, 'Setting', '#', 0, 0, 0, 0, '2022-11-04 16:37:45', '2023-01-30 13:10:26');
INSERT INTO `admin_user_privileges` (`id`, `admin_id`, `menu_type`, `menu_id`, `menu_name`, `menu_url`, `list_p`, `add_p`, `edit_p`, `delete_p`, `created_date`, `updated_date`) VALUES (22, 2, 'M', 5, 'Boarding Sliders', 'admin/boarding_slider', 0, 0, 0, 0, '2022-11-04 16:37:45', '2023-01-30 13:10:26');
INSERT INTO `admin_user_privileges` (`id`, `admin_id`, `menu_type`, `menu_id`, `menu_name`, `menu_url`, `list_p`, `add_p`, `edit_p`, `delete_p`, `created_date`, `updated_date`) VALUES (24, 2, 'S', 9, 'Roles', 'admin/role', 0, 0, 0, 0, '2022-11-04 16:37:45', '2023-01-30 13:10:26');
INSERT INTO `admin_user_privileges` (`id`, `admin_id`, `menu_type`, `menu_id`, `menu_name`, `menu_url`, `list_p`, `add_p`, `edit_p`, `delete_p`, `created_date`, `updated_date`) VALUES (25, 2, 'S', 10, 'Sub Admin', 'admin/sub_admin', 0, 0, 0, 0, '2022-11-04 16:37:45', '2023-01-30 13:10:26');
INSERT INTO `admin_user_privileges` (`id`, `admin_id`, `menu_type`, `menu_id`, `menu_name`, `menu_url`, `list_p`, `add_p`, `edit_p`, `delete_p`, `created_date`, `updated_date`) VALUES (26, 2, 'S', 4, 'Site Setting', 'admin/setting/site_setting', 0, 0, 0, 0, '2022-11-04 16:37:45', '2023-01-30 13:10:26');
INSERT INTO `admin_user_privileges` (`id`, `admin_id`, `menu_type`, `menu_id`, `menu_name`, `menu_url`, `list_p`, `add_p`, `edit_p`, `delete_p`, `created_date`, `updated_date`) VALUES (28, 2, 'S', 6, 'CMS Pages', 'admin/setting/cms_pages', 0, 0, 0, 0, '2022-11-04 16:37:45', '2023-01-30 13:10:26');
INSERT INTO `admin_user_privileges` (`id`, `admin_id`, `menu_type`, `menu_id`, `menu_name`, `menu_url`, `list_p`, `add_p`, `edit_p`, `delete_p`, `created_date`, `updated_date`) VALUES (30, 4, 'M', 1, 'Dashboard', 'admin/home', 1, 1, 1, 1, '2022-11-23 16:25:43', NULL);
INSERT INTO `admin_user_privileges` (`id`, `admin_id`, `menu_type`, `menu_id`, `menu_name`, `menu_url`, `list_p`, `add_p`, `edit_p`, `delete_p`, `created_date`, `updated_date`) VALUES (31, 4, 'M', 8, 'Admin', '#', 1, 1, 1, 1, '2022-11-23 16:25:43', NULL);
INSERT INTO `admin_user_privileges` (`id`, `admin_id`, `menu_type`, `menu_id`, `menu_name`, `menu_url`, `list_p`, `add_p`, `edit_p`, `delete_p`, `created_date`, `updated_date`) VALUES (32, 2, 'M', 11, 'Owners', 'admin/owner', 0, 0, 0, 0, '2022-11-23 16:25:43', '2023-01-30 13:10:26');
INSERT INTO `admin_user_privileges` (`id`, `admin_id`, `menu_type`, `menu_id`, `menu_name`, `menu_url`, `list_p`, `add_p`, `edit_p`, `delete_p`, `created_date`, `updated_date`) VALUES (33, 2, 'M', 14, 'Stations', 'admin/station', 0, 0, 0, 0, '2022-11-23 16:25:43', '2023-01-30 13:10:26');
INSERT INTO `admin_user_privileges` (`id`, `admin_id`, `menu_type`, `menu_id`, `menu_name`, `menu_url`, `list_p`, `add_p`, `edit_p`, `delete_p`, `created_date`, `updated_date`) VALUES (34, 2, 'M', 12, 'Managers', 'admin/manager', 0, 0, 0, 0, '2022-11-23 16:25:43', '2023-01-30 13:10:26');
INSERT INTO `admin_user_privileges` (`id`, `admin_id`, `menu_type`, `menu_id`, `menu_name`, `menu_url`, `list_p`, `add_p`, `edit_p`, `delete_p`, `created_date`, `updated_date`) VALUES (35, 2, 'M', 17, 'Attendants', 'admin/attendant', 0, 0, 0, 0, '2022-11-23 16:25:43', '2023-01-30 13:10:26');
INSERT INTO `admin_user_privileges` (`id`, `admin_id`, `menu_type`, `menu_id`, `menu_name`, `menu_url`, `list_p`, `add_p`, `edit_p`, `delete_p`, `created_date`, `updated_date`) VALUES (36, 2, 'M', 18, 'Transporters', 'admin/transporter', 0, 0, 0, 0, '2022-11-23 16:25:43', '2023-01-30 13:10:26');
INSERT INTO `admin_user_privileges` (`id`, `admin_id`, `menu_type`, `menu_id`, `menu_name`, `menu_url`, `list_p`, `add_p`, `edit_p`, `delete_p`, `created_date`, `updated_date`) VALUES (37, 2, 'M', 20, 'Vehicles', 'admin/vehicle', 0, 0, 0, 0, '2022-11-23 16:25:43', '2023-01-30 13:10:26');
INSERT INTO `admin_user_privileges` (`id`, `admin_id`, `menu_type`, `menu_id`, `menu_name`, `menu_url`, `list_p`, `add_p`, `edit_p`, `delete_p`, `created_date`, `updated_date`) VALUES (38, 2, 'M', 19, 'Vendors', 'admin/vendor', 0, 0, 0, 0, '2022-11-23 16:25:43', '2023-01-30 13:10:26');
INSERT INTO `admin_user_privileges` (`id`, `admin_id`, `menu_type`, `menu_id`, `menu_name`, `menu_url`, `list_p`, `add_p`, `edit_p`, `delete_p`, `created_date`, `updated_date`) VALUES (39, 4, 'M', 2, 'Products', 'admin/product', 1, 1, 1, 1, '2022-11-23 16:25:43', NULL);
INSERT INTO `admin_user_privileges` (`id`, `admin_id`, `menu_type`, `menu_id`, `menu_name`, `menu_url`, `list_p`, `add_p`, `edit_p`, `delete_p`, `created_date`, `updated_date`) VALUES (40, 2, 'M', 16, 'Price List', 'admin/product_price', 0, 0, 0, 0, '2022-11-23 16:25:43', '2023-01-30 13:10:26');
INSERT INTO `admin_user_privileges` (`id`, `admin_id`, `menu_type`, `menu_id`, `menu_name`, `menu_url`, `list_p`, `add_p`, `edit_p`, `delete_p`, `created_date`, `updated_date`) VALUES (42, 4, 'M', 3, 'Setting', '#', 1, 1, 1, 1, '2022-11-23 16:25:43', NULL);
INSERT INTO `admin_user_privileges` (`id`, `admin_id`, `menu_type`, `menu_id`, `menu_name`, `menu_url`, `list_p`, `add_p`, `edit_p`, `delete_p`, `created_date`, `updated_date`) VALUES (43, 4, 'M', 5, 'Boarding Sliders', 'admin/boarding_slider', 1, 1, 1, 1, '2022-11-23 16:25:43', NULL);
INSERT INTO `admin_user_privileges` (`id`, `admin_id`, `menu_type`, `menu_id`, `menu_name`, `menu_url`, `list_p`, `add_p`, `edit_p`, `delete_p`, `created_date`, `updated_date`) VALUES (44, 2, 'M', 21, 'Orders', 'admin/orders/status', 0, 0, 0, 0, '2022-11-23 16:25:43', '2023-01-30 13:10:26');
INSERT INTO `admin_user_privileges` (`id`, `admin_id`, `menu_type`, `menu_id`, `menu_name`, `menu_url`, `list_p`, `add_p`, `edit_p`, `delete_p`, `created_date`, `updated_date`) VALUES (46, 4, 'S', 9, 'Roles', 'admin/role', 1, 1, 1, 1, '2022-11-23 16:25:43', NULL);
INSERT INTO `admin_user_privileges` (`id`, `admin_id`, `menu_type`, `menu_id`, `menu_name`, `menu_url`, `list_p`, `add_p`, `edit_p`, `delete_p`, `created_date`, `updated_date`) VALUES (47, 4, 'S', 10, 'Sub Admin', 'admin/sub_admin', 1, 1, 1, 1, '2022-11-23 16:25:43', NULL);
INSERT INTO `admin_user_privileges` (`id`, `admin_id`, `menu_type`, `menu_id`, `menu_name`, `menu_url`, `list_p`, `add_p`, `edit_p`, `delete_p`, `created_date`, `updated_date`) VALUES (48, 4, 'S', 4, 'Site Setting', 'admin/setting/site_setting', 1, 1, 1, 1, '2022-11-23 16:25:43', NULL);
INSERT INTO `admin_user_privileges` (`id`, `admin_id`, `menu_type`, `menu_id`, `menu_name`, `menu_url`, `list_p`, `add_p`, `edit_p`, `delete_p`, `created_date`, `updated_date`) VALUES (49, 2, 'S', 13, 'SMS Setting', 'admin/setting/sms_setting', 0, 0, 0, 0, '2022-11-23 16:25:43', '2023-01-30 13:10:26');
INSERT INTO `admin_user_privileges` (`id`, `admin_id`, `menu_type`, `menu_id`, `menu_name`, `menu_url`, `list_p`, `add_p`, `edit_p`, `delete_p`, `created_date`, `updated_date`) VALUES (50, 4, 'S', 6, 'CMS Pages', 'admin/setting/cms_pages', 1, 1, 1, 1, '2022-11-23 16:25:43', NULL);
INSERT INTO `admin_user_privileges` (`id`, `admin_id`, `menu_type`, `menu_id`, `menu_name`, `menu_url`, `list_p`, `add_p`, `edit_p`, `delete_p`, `created_date`, `updated_date`) VALUES (51, 2, 'S', 15, 'Contact Us', 'admin/setting/contact_us', 0, 0, 0, 0, '2022-11-23 16:25:43', '2023-01-30 13:10:26');
INSERT INTO `admin_user_privileges` (`id`, `admin_id`, `menu_type`, `menu_id`, `menu_name`, `menu_url`, `list_p`, `add_p`, `edit_p`, `delete_p`, `created_date`, `updated_date`) VALUES (103, 6, 'M', 1, 'Dashboard', 'admin/home', 0, 1, 0, 0, '2023-01-17 15:12:53', NULL);
INSERT INTO `admin_user_privileges` (`id`, `admin_id`, `menu_type`, `menu_id`, `menu_name`, `menu_url`, `list_p`, `add_p`, `edit_p`, `delete_p`, `created_date`, `updated_date`) VALUES (104, 6, 'M', 8, 'Admin', '#', 0, 1, 0, 0, '2023-01-17 15:12:53', NULL);
INSERT INTO `admin_user_privileges` (`id`, `admin_id`, `menu_type`, `menu_id`, `menu_name`, `menu_url`, `list_p`, `add_p`, `edit_p`, `delete_p`, `created_date`, `updated_date`) VALUES (105, 6, 'M', 11, 'Owners', 'admin/owner', 0, 1, 0, 0, '2023-01-17 15:12:53', NULL);
INSERT INTO `admin_user_privileges` (`id`, `admin_id`, `menu_type`, `menu_id`, `menu_name`, `menu_url`, `list_p`, `add_p`, `edit_p`, `delete_p`, `created_date`, `updated_date`) VALUES (106, 6, 'M', 14, 'Stations', 'admin/station', 0, 1, 0, 0, '2023-01-17 15:12:53', NULL);
INSERT INTO `admin_user_privileges` (`id`, `admin_id`, `menu_type`, `menu_id`, `menu_name`, `menu_url`, `list_p`, `add_p`, `edit_p`, `delete_p`, `created_date`, `updated_date`) VALUES (107, 6, 'M', 12, 'Managers', 'admin/manager', 0, 1, 0, 0, '2023-01-17 15:12:53', NULL);
INSERT INTO `admin_user_privileges` (`id`, `admin_id`, `menu_type`, `menu_id`, `menu_name`, `menu_url`, `list_p`, `add_p`, `edit_p`, `delete_p`, `created_date`, `updated_date`) VALUES (108, 6, 'M', 17, 'Attendants', 'admin/attendant', 0, 1, 0, 0, '2023-01-17 15:12:53', NULL);
INSERT INTO `admin_user_privileges` (`id`, `admin_id`, `menu_type`, `menu_id`, `menu_name`, `menu_url`, `list_p`, `add_p`, `edit_p`, `delete_p`, `created_date`, `updated_date`) VALUES (109, 6, 'M', 18, 'Transporters', 'admin/transporter', 0, 1, 0, 0, '2023-01-17 15:12:53', NULL);
INSERT INTO `admin_user_privileges` (`id`, `admin_id`, `menu_type`, `menu_id`, `menu_name`, `menu_url`, `list_p`, `add_p`, `edit_p`, `delete_p`, `created_date`, `updated_date`) VALUES (110, 2, 'M', 38, 'Transporter Availability', 'admin/transporter/availability', 0, 0, 0, 0, '2023-01-17 15:12:53', '2023-01-30 13:10:26');
INSERT INTO `admin_user_privileges` (`id`, `admin_id`, `menu_type`, `menu_id`, `menu_name`, `menu_url`, `list_p`, `add_p`, `edit_p`, `delete_p`, `created_date`, `updated_date`) VALUES (111, 6, 'M', 20, 'Vehicles', 'admin/vehicle', 0, 1, 0, 0, '2023-01-17 15:12:53', NULL);
INSERT INTO `admin_user_privileges` (`id`, `admin_id`, `menu_type`, `menu_id`, `menu_name`, `menu_url`, `list_p`, `add_p`, `edit_p`, `delete_p`, `created_date`, `updated_date`) VALUES (112, 6, 'M', 19, 'Vendors', 'admin/vendor', 0, 1, 0, 0, '2023-01-17 15:12:53', NULL);
INSERT INTO `admin_user_privileges` (`id`, `admin_id`, `menu_type`, `menu_id`, `menu_name`, `menu_url`, `list_p`, `add_p`, `edit_p`, `delete_p`, `created_date`, `updated_date`) VALUES (113, 2, 'M', 35, 'Vendor Purchase', 'admin/vendor_purchase', 0, 0, 0, 0, '2023-01-17 15:12:53', '2023-01-30 13:10:26');
INSERT INTO `admin_user_privileges` (`id`, `admin_id`, `menu_type`, `menu_id`, `menu_name`, `menu_url`, `list_p`, `add_p`, `edit_p`, `delete_p`, `created_date`, `updated_date`) VALUES (114, 6, 'M', 2, 'Products', 'admin/product', 0, 1, 0, 0, '2023-01-17 15:12:53', NULL);
INSERT INTO `admin_user_privileges` (`id`, `admin_id`, `menu_type`, `menu_id`, `menu_name`, `menu_url`, `list_p`, `add_p`, `edit_p`, `delete_p`, `created_date`, `updated_date`) VALUES (115, 6, 'M', 16, 'Price List', 'admin/product_price', 0, 1, 0, 0, '2023-01-17 15:12:53', NULL);
INSERT INTO `admin_user_privileges` (`id`, `admin_id`, `menu_type`, `menu_id`, `menu_name`, `menu_url`, `list_p`, `add_p`, `edit_p`, `delete_p`, `created_date`, `updated_date`) VALUES (116, 2, 'M', 23, 'Feedbacks', 'admin/feedbacks', 0, 0, 0, 0, '2023-01-17 15:12:53', '2023-01-30 13:10:26');
INSERT INTO `admin_user_privileges` (`id`, `admin_id`, `menu_type`, `menu_id`, `menu_name`, `menu_url`, `list_p`, `add_p`, `edit_p`, `delete_p`, `created_date`, `updated_date`) VALUES (117, 6, 'M', 3, 'Setting', '#', 0, 1, 0, 0, '2023-01-17 15:12:53', NULL);
INSERT INTO `admin_user_privileges` (`id`, `admin_id`, `menu_type`, `menu_id`, `menu_name`, `menu_url`, `list_p`, `add_p`, `edit_p`, `delete_p`, `created_date`, `updated_date`) VALUES (118, 6, 'M', 5, 'Boarding Sliders', 'admin/boarding_slider', 0, 1, 0, 0, '2023-01-17 15:12:53', NULL);
INSERT INTO `admin_user_privileges` (`id`, `admin_id`, `menu_type`, `menu_id`, `menu_name`, `menu_url`, `list_p`, `add_p`, `edit_p`, `delete_p`, `created_date`, `updated_date`) VALUES (119, 2, 'M', 26, 'Help & Supports', '#', 0, 0, 0, 0, '2023-01-17 15:12:53', '2023-01-30 13:10:26');
INSERT INTO `admin_user_privileges` (`id`, `admin_id`, `menu_type`, `menu_id`, `menu_name`, `menu_url`, `list_p`, `add_p`, `edit_p`, `delete_p`, `created_date`, `updated_date`) VALUES (120, 2, 'M', 28, 'Advertisements', 'admin/advertisement', 0, 0, 0, 0, '2023-01-17 15:12:53', '2023-01-30 13:10:26');
INSERT INTO `admin_user_privileges` (`id`, `admin_id`, `menu_type`, `menu_id`, `menu_name`, `menu_url`, `list_p`, `add_p`, `edit_p`, `delete_p`, `created_date`, `updated_date`) VALUES (121, 6, 'M', 21, 'Orders', 'admin/orders/status', 0, 1, 0, 0, '2023-01-17 15:12:53', NULL);
INSERT INTO `admin_user_privileges` (`id`, `admin_id`, `menu_type`, `menu_id`, `menu_name`, `menu_url`, `list_p`, `add_p`, `edit_p`, `delete_p`, `created_date`, `updated_date`) VALUES (122, 2, 'M', 27, 'Order Reviews', 'admin/order_reviews', 0, 0, 0, 0, '2023-01-17 15:12:53', '2023-01-30 13:10:26');
INSERT INTO `admin_user_privileges` (`id`, `admin_id`, `menu_type`, `menu_id`, `menu_name`, `menu_url`, `list_p`, `add_p`, `edit_p`, `delete_p`, `created_date`, `updated_date`) VALUES (123, 2, 'M', 31, 'Coupons', 'admin/coupon', 0, 0, 0, 0, '2023-01-17 15:12:53', '2023-01-30 13:10:26');
INSERT INTO `admin_user_privileges` (`id`, `admin_id`, `menu_type`, `menu_id`, `menu_name`, `menu_url`, `list_p`, `add_p`, `edit_p`, `delete_p`, `created_date`, `updated_date`) VALUES (124, 2, 'M', 24, 'Transactions', 'admin/transactions', 0, 0, 0, 0, '2023-01-17 15:12:53', '2023-01-30 13:10:26');
INSERT INTO `admin_user_privileges` (`id`, `admin_id`, `menu_type`, `menu_id`, `menu_name`, `menu_url`, `list_p`, `add_p`, `edit_p`, `delete_p`, `created_date`, `updated_date`) VALUES (125, 2, 'M', 37, 'Reports', 'admin/reports', 0, 0, 0, 0, '2023-01-17 15:12:53', '2023-01-30 13:10:26');
INSERT INTO `admin_user_privileges` (`id`, `admin_id`, `menu_type`, `menu_id`, `menu_name`, `menu_url`, `list_p`, `add_p`, `edit_p`, `delete_p`, `created_date`, `updated_date`) VALUES (126, 2, 'M', 36, 'Database Backup', 'admin/backup', 0, 0, 0, 0, '2023-01-17 15:12:53', '2023-01-30 13:10:26');
INSERT INTO `admin_user_privileges` (`id`, `admin_id`, `menu_type`, `menu_id`, `menu_name`, `menu_url`, `list_p`, `add_p`, `edit_p`, `delete_p`, `created_date`, `updated_date`) VALUES (127, 6, 'S', 9, 'Roles', 'admin/role', 0, 1, 0, 0, '2023-01-17 15:12:53', NULL);
INSERT INTO `admin_user_privileges` (`id`, `admin_id`, `menu_type`, `menu_id`, `menu_name`, `menu_url`, `list_p`, `add_p`, `edit_p`, `delete_p`, `created_date`, `updated_date`) VALUES (128, 6, 'S', 10, 'Sub Admin', 'admin/sub_admin', 0, 1, 0, 0, '2023-01-17 15:12:53', NULL);
INSERT INTO `admin_user_privileges` (`id`, `admin_id`, `menu_type`, `menu_id`, `menu_name`, `menu_url`, `list_p`, `add_p`, `edit_p`, `delete_p`, `created_date`, `updated_date`) VALUES (129, 6, 'S', 4, 'Site Setting', 'admin/setting/site_setting', 0, 1, 0, 0, '2023-01-17 15:12:53', NULL);
INSERT INTO `admin_user_privileges` (`id`, `admin_id`, `menu_type`, `menu_id`, `menu_name`, `menu_url`, `list_p`, `add_p`, `edit_p`, `delete_p`, `created_date`, `updated_date`) VALUES (130, 2, 'S', 33, 'Email Setting', 'admin/setting/email_setting', 0, 0, 0, 0, '2023-01-17 15:12:53', '2023-01-30 13:10:26');
INSERT INTO `admin_user_privileges` (`id`, `admin_id`, `menu_type`, `menu_id`, `menu_name`, `menu_url`, `list_p`, `add_p`, `edit_p`, `delete_p`, `created_date`, `updated_date`) VALUES (131, 6, 'S', 13, 'SMS Setting', 'admin/setting/sms_setting', 0, 1, 0, 0, '2023-01-17 15:12:53', NULL);
INSERT INTO `admin_user_privileges` (`id`, `admin_id`, `menu_type`, `menu_id`, `menu_name`, `menu_url`, `list_p`, `add_p`, `edit_p`, `delete_p`, `created_date`, `updated_date`) VALUES (132, 6, 'S', 6, 'CMS Pages', 'admin/setting/cms_pages', 0, 1, 0, 0, '2023-01-17 15:12:53', NULL);
INSERT INTO `admin_user_privileges` (`id`, `admin_id`, `menu_type`, `menu_id`, `menu_name`, `menu_url`, `list_p`, `add_p`, `edit_p`, `delete_p`, `created_date`, `updated_date`) VALUES (133, 6, 'S', 15, 'Contact Us', 'admin/setting/contact_us', 0, 1, 0, 0, '2023-01-17 15:12:53', NULL);
INSERT INTO `admin_user_privileges` (`id`, `admin_id`, `menu_type`, `menu_id`, `menu_name`, `menu_url`, `list_p`, `add_p`, `edit_p`, `delete_p`, `created_date`, `updated_date`) VALUES (134, 2, 'S', 25, 'Send Push Notifications', 'admin/setting/push_notification', 0, 0, 0, 0, '2023-01-17 15:12:53', '2023-01-30 13:10:26');
INSERT INTO `admin_user_privileges` (`id`, `admin_id`, `menu_type`, `menu_id`, `menu_name`, `menu_url`, `list_p`, `add_p`, `edit_p`, `delete_p`, `created_date`, `updated_date`) VALUES (135, 2, 'S', 32, 'Payment Gateway Setting', 'admin/setting/payment_gateway_setting', 0, 0, 0, 0, '2023-01-17 15:12:53', '2023-01-30 13:10:26');
INSERT INTO `admin_user_privileges` (`id`, `admin_id`, `menu_type`, `menu_id`, `menu_name`, `menu_url`, `list_p`, `add_p`, `edit_p`, `delete_p`, `created_date`, `updated_date`) VALUES (136, 2, 'S', 22, 'Reject Reasons', 'admin/setting/reject_reason', 0, 0, 0, 0, '2023-01-17 15:12:53', '2023-01-30 13:10:26');
INSERT INTO `admin_user_privileges` (`id`, `admin_id`, `menu_type`, `menu_id`, `menu_name`, `menu_url`, `list_p`, `add_p`, `edit_p`, `delete_p`, `created_date`, `updated_date`) VALUES (137, 2, 'S', 34, 'App Version', 'admin/setting/app_version', 0, 0, 0, 0, '2023-01-17 15:12:53', '2023-01-30 13:10:26');
INSERT INTO `admin_user_privileges` (`id`, `admin_id`, `menu_type`, `menu_id`, `menu_name`, `menu_url`, `list_p`, `add_p`, `edit_p`, `delete_p`, `created_date`, `updated_date`) VALUES (138, 2, 'S', 30, 'Help & Supports', 'admin/help', 0, 0, 0, 0, '2023-01-17 15:12:53', '2023-01-30 13:10:26');
INSERT INTO `admin_user_privileges` (`id`, `admin_id`, `menu_type`, `menu_id`, `menu_name`, `menu_url`, `list_p`, `add_p`, `edit_p`, `delete_p`, `created_date`, `updated_date`) VALUES (139, 2, 'S', 29, 'Raised Tickets', 'admin/help/ticket', 0, 0, 0, 0, '2023-01-17 15:12:53', '2023-01-30 13:10:26');
INSERT INTO `admin_user_privileges` (`id`, `admin_id`, `menu_type`, `menu_id`, `menu_name`, `menu_url`, `list_p`, `add_p`, `edit_p`, `delete_p`, `created_date`, `updated_date`) VALUES (140, 2, 'M', 39, 'Notifications', 'admin/notifications', 0, 0, 0, 0, '2023-01-30 12:51:27', '2023-01-30 13:10:26');


#
# TABLE STRUCTURE FOR: advertisement
#

DROP TABLE IF EXISTS `advertisement`;

CREATE TABLE `advertisement` (
  `id` int(11) NOT NULL AUTO_INCREMENT,
  `title` varchar(100) COLLATE utf8mb4_unicode_ci NOT NULL,
  `description` longtext COLLATE utf8mb4_unicode_ci NOT NULL,
  `image` varchar(100) COLLATE utf8mb4_unicode_ci NOT NULL,
  `display_order` int(11) NOT NULL,
  `advertisement_type` enum('Owner','Transporter','Both') COLLATE utf8mb4_unicode_ci NOT NULL,
  `status` tinyint(1) NOT NULL DEFAULT '1',
  `created_date` datetime NOT NULL,
  `updated_date` datetime DEFAULT NULL,
  PRIMARY KEY (`id`)
) ENGINE=InnoDB AUTO_INCREMENT=3 DEFAULT CHARSET=utf8mb4 COLLATE=utf8mb4_unicode_ci;

INSERT INTO `advertisement` (`id`, `title`, `description`, `image`, `display_order`, `advertisement_type`, `status`, `created_date`, `updated_date`) VALUES (1, 'Test Advertisement', 'Test Advertisement Description', 'ads_2411669963770.png', 2, 'Transporter', 0, '2022-11-29 12:32:27', '2023-01-18 12:14:25');
INSERT INTO `advertisement` (`id`, `title`, `description`, `image`, `display_order`, `advertisement_type`, `status`, `created_date`, `updated_date`) VALUES (2, 'Test Advertisement', 'Our Trucks', 'ads_4691670827705.png', 1, 'Both', 1, '2022-12-12 12:18:25', '2023-02-01 15:31:56');


#
# TABLE STRUCTURE FOR: assign_order_details
#

DROP TABLE IF EXISTS `assign_order_details`;

CREATE TABLE `assign_order_details` (
  `id` bigint(20) NOT NULL AUTO_INCREMENT,
  `order_id` bigint(20) NOT NULL,
  `assign_order_id` bigint(20) NOT NULL,
  `reason_id` int(11) NOT NULL,
  `reason_title` varchar(255) COLLATE utf8mb4_unicode_ci DEFAULT NULL,
  `reason_description` text COLLATE utf8mb4_unicode_ci,
  `order_status` varchar(100) COLLATE utf8mb4_unicode_ci DEFAULT NULL,
  `date_time` datetime NOT NULL,
  PRIMARY KEY (`id`)
) ENGINE=InnoDB AUTO_INCREMENT=2036 DEFAULT CHARSET=utf8mb4 COLLATE=utf8mb4_unicode_ci;

INSERT INTO `assign_order_details` (`id`, `order_id`, `assign_order_id`, `reason_id`, `reason_title`, `reason_description`, `order_status`, `date_time`) VALUES ('1912', '868', '747', 0, NULL, NULL, 'New', '2023-01-25 14:36:13');
INSERT INTO `assign_order_details` (`id`, `order_id`, `assign_order_id`, `reason_id`, `reason_title`, `reason_description`, `order_status`, `date_time`) VALUES ('1913', '869', '748', 0, NULL, NULL, 'New', '2023-01-25 14:36:28');
INSERT INTO `assign_order_details` (`id`, `order_id`, `assign_order_id`, `reason_id`, `reason_title`, `reason_description`, `order_status`, `date_time`) VALUES ('1914', '868', '747', 0, NULL, NULL, 'Accept', '2023-01-25 14:36:33');
INSERT INTO `assign_order_details` (`id`, `order_id`, `assign_order_id`, `reason_id`, `reason_title`, `reason_description`, `order_status`, `date_time`) VALUES ('1915', '869', '748', 0, NULL, NULL, 'Accept', '2023-01-25 14:36:49');
INSERT INTO `assign_order_details` (`id`, `order_id`, `assign_order_id`, `reason_id`, `reason_title`, `reason_description`, `order_status`, `date_time`) VALUES ('1916', '868', '747', 0, NULL, NULL, 'Reach', '2023-01-25 14:37:01');
INSERT INTO `assign_order_details` (`id`, `order_id`, `assign_order_id`, `reason_id`, `reason_title`, `reason_description`, `order_status`, `date_time`) VALUES ('1917', '868', '747', 0, NULL, NULL, 'Loaded', '2023-01-25 14:37:06');
INSERT INTO `assign_order_details` (`id`, `order_id`, `assign_order_id`, `reason_id`, `reason_title`, `reason_description`, `order_status`, `date_time`) VALUES ('1918', '870', '749', 0, NULL, NULL, 'New', '2023-01-25 14:38:13');
INSERT INTO `assign_order_details` (`id`, `order_id`, `assign_order_id`, `reason_id`, `reason_title`, `reason_description`, `order_status`, `date_time`) VALUES ('1919', '870', '749', 0, NULL, NULL, 'Accept', '2023-01-25 14:38:25');
INSERT INTO `assign_order_details` (`id`, `order_id`, `assign_order_id`, `reason_id`, `reason_title`, `reason_description`, `order_status`, `date_time`) VALUES ('1920', '871', '750', 0, NULL, NULL, 'New', '2023-01-25 14:40:14');
INSERT INTO `assign_order_details` (`id`, `order_id`, `assign_order_id`, `reason_id`, `reason_title`, `reason_description`, `order_status`, `date_time`) VALUES ('1921', '875', '751', 0, NULL, NULL, 'New', '2023-01-25 15:53:47');
INSERT INTO `assign_order_details` (`id`, `order_id`, `assign_order_id`, `reason_id`, `reason_title`, `reason_description`, `order_status`, `date_time`) VALUES ('1922', '876', '752', 0, NULL, NULL, 'New', '2023-01-25 16:16:04');
INSERT INTO `assign_order_details` (`id`, `order_id`, `assign_order_id`, `reason_id`, `reason_title`, `reason_description`, `order_status`, `date_time`) VALUES ('1923', '882', '753', 0, NULL, NULL, 'New', '2023-01-25 17:54:57');
INSERT INTO `assign_order_details` (`id`, `order_id`, `assign_order_id`, `reason_id`, `reason_title`, `reason_description`, `order_status`, `date_time`) VALUES ('1924', '882', '753', 0, NULL, NULL, 'Accept', '2023-01-25 18:03:30');
INSERT INTO `assign_order_details` (`id`, `order_id`, `assign_order_id`, `reason_id`, `reason_title`, `reason_description`, `order_status`, `date_time`) VALUES ('1925', '882', '753', 0, NULL, NULL, 'Reach', '2023-01-25 18:12:16');
INSERT INTO `assign_order_details` (`id`, `order_id`, `assign_order_id`, `reason_id`, `reason_title`, `reason_description`, `order_status`, `date_time`) VALUES ('1926', '882', '753', 0, NULL, NULL, 'Loaded', '2023-01-25 18:12:32');
INSERT INTO `assign_order_details` (`id`, `order_id`, `assign_order_id`, `reason_id`, `reason_title`, `reason_description`, `order_status`, `date_time`) VALUES ('1927', '882', '753', 0, NULL, NULL, 'Delivered', '2023-01-25 18:14:15');
INSERT INTO `assign_order_details` (`id`, `order_id`, `assign_order_id`, `reason_id`, `reason_title`, `reason_description`, `order_status`, `date_time`) VALUES ('1928', '886', '754', 0, NULL, NULL, 'New', '2023-01-27 17:17:32');
INSERT INTO `assign_order_details` (`id`, `order_id`, `assign_order_id`, `reason_id`, `reason_title`, `reason_description`, `order_status`, `date_time`) VALUES ('1929', '887', '755', 0, NULL, NULL, 'New', '2023-01-27 17:31:01');
INSERT INTO `assign_order_details` (`id`, `order_id`, `assign_order_id`, `reason_id`, `reason_title`, `reason_description`, `order_status`, `date_time`) VALUES ('1930', '888', '756', 0, NULL, NULL, 'New', '2023-01-27 17:32:16');
INSERT INTO `assign_order_details` (`id`, `order_id`, `assign_order_id`, `reason_id`, `reason_title`, `reason_description`, `order_status`, `date_time`) VALUES ('1931', '888', '756', 0, NULL, NULL, 'Accept', '2023-01-27 17:32:33');
INSERT INTO `assign_order_details` (`id`, `order_id`, `assign_order_id`, `reason_id`, `reason_title`, `reason_description`, `order_status`, `date_time`) VALUES ('1932', '888', '756', 0, NULL, NULL, 'Reach', '2023-01-27 18:10:27');
INSERT INTO `assign_order_details` (`id`, `order_id`, `assign_order_id`, `reason_id`, `reason_title`, `reason_description`, `order_status`, `date_time`) VALUES ('1933', '888', '756', 0, NULL, NULL, 'Loaded', '2023-01-27 18:10:29');
INSERT INTO `assign_order_details` (`id`, `order_id`, `assign_order_id`, `reason_id`, `reason_title`, `reason_description`, `order_status`, `date_time`) VALUES ('1934', '891', '757', 0, NULL, NULL, 'New', '2023-01-27 18:44:18');
INSERT INTO `assign_order_details` (`id`, `order_id`, `assign_order_id`, `reason_id`, `reason_title`, `reason_description`, `order_status`, `date_time`) VALUES ('1935', '892', '758', 0, NULL, NULL, 'New', '2023-01-27 18:45:17');
INSERT INTO `assign_order_details` (`id`, `order_id`, `assign_order_id`, `reason_id`, `reason_title`, `reason_description`, `order_status`, `date_time`) VALUES ('1936', '893', '759', 0, NULL, NULL, 'New', '2023-01-27 18:49:34');
INSERT INTO `assign_order_details` (`id`, `order_id`, `assign_order_id`, `reason_id`, `reason_title`, `reason_description`, `order_status`, `date_time`) VALUES ('1937', '894', '760', 0, NULL, NULL, 'New', '2023-01-28 10:55:22');
INSERT INTO `assign_order_details` (`id`, `order_id`, `assign_order_id`, `reason_id`, `reason_title`, `reason_description`, `order_status`, `date_time`) VALUES ('1938', '899', '761', 0, NULL, NULL, 'New', '2023-01-28 11:25:22');
INSERT INTO `assign_order_details` (`id`, `order_id`, `assign_order_id`, `reason_id`, `reason_title`, `reason_description`, `order_status`, `date_time`) VALUES ('1939', '905', '762', 0, NULL, NULL, 'New', '2023-01-28 11:34:39');
INSERT INTO `assign_order_details` (`id`, `order_id`, `assign_order_id`, `reason_id`, `reason_title`, `reason_description`, `order_status`, `date_time`) VALUES ('1940', '908', '763', 0, NULL, NULL, 'New', '2023-01-28 11:42:43');
INSERT INTO `assign_order_details` (`id`, `order_id`, `assign_order_id`, `reason_id`, `reason_title`, `reason_description`, `order_status`, `date_time`) VALUES ('1941', '908', '763', 0, NULL, NULL, 'Accept', '2023-01-28 11:45:11');
INSERT INTO `assign_order_details` (`id`, `order_id`, `assign_order_id`, `reason_id`, `reason_title`, `reason_description`, `order_status`, `date_time`) VALUES ('1942', '908', '763', 0, NULL, NULL, 'Reach', '2023-01-28 11:45:18');
INSERT INTO `assign_order_details` (`id`, `order_id`, `assign_order_id`, `reason_id`, `reason_title`, `reason_description`, `order_status`, `date_time`) VALUES ('1943', '908', '763', 0, NULL, NULL, 'Loaded', '2023-01-28 11:45:20');
INSERT INTO `assign_order_details` (`id`, `order_id`, `assign_order_id`, `reason_id`, `reason_title`, `reason_description`, `order_status`, `date_time`) VALUES ('1944', '908', '763', 0, NULL, NULL, 'Delivered', '2023-01-28 11:47:05');
INSERT INTO `assign_order_details` (`id`, `order_id`, `assign_order_id`, `reason_id`, `reason_title`, `reason_description`, `order_status`, `date_time`) VALUES ('1945', '911', '764', 0, NULL, NULL, 'New', '2023-01-28 12:11:47');
INSERT INTO `assign_order_details` (`id`, `order_id`, `assign_order_id`, `reason_id`, `reason_title`, `reason_description`, `order_status`, `date_time`) VALUES ('1946', '912', '765', 0, NULL, NULL, 'New', '2023-01-28 12:30:13');
INSERT INTO `assign_order_details` (`id`, `order_id`, `assign_order_id`, `reason_id`, `reason_title`, `reason_description`, `order_status`, `date_time`) VALUES ('1947', '913', '766', 0, NULL, NULL, 'New', '2023-01-28 13:00:18');
INSERT INTO `assign_order_details` (`id`, `order_id`, `assign_order_id`, `reason_id`, `reason_title`, `reason_description`, `order_status`, `date_time`) VALUES ('1948', '914', '767', 0, NULL, NULL, 'New', '2023-01-28 13:04:27');
INSERT INTO `assign_order_details` (`id`, `order_id`, `assign_order_id`, `reason_id`, `reason_title`, `reason_description`, `order_status`, `date_time`) VALUES ('1949', '915', '768', 0, NULL, NULL, 'New', '2023-01-28 13:04:56');
INSERT INTO `assign_order_details` (`id`, `order_id`, `assign_order_id`, `reason_id`, `reason_title`, `reason_description`, `order_status`, `date_time`) VALUES ('1950', '909', '769', 0, NULL, NULL, 'New', '2023-01-28 13:29:14');
INSERT INTO `assign_order_details` (`id`, `order_id`, `assign_order_id`, `reason_id`, `reason_title`, `reason_description`, `order_status`, `date_time`) VALUES ('1951', '916', '770', 0, NULL, NULL, 'New', '2023-01-30 10:22:25');
INSERT INTO `assign_order_details` (`id`, `order_id`, `assign_order_id`, `reason_id`, `reason_title`, `reason_description`, `order_status`, `date_time`) VALUES ('1952', '916', '770', 0, NULL, NULL, 'Accept', '2023-01-30 10:22:59');
INSERT INTO `assign_order_details` (`id`, `order_id`, `assign_order_id`, `reason_id`, `reason_title`, `reason_description`, `order_status`, `date_time`) VALUES ('1953', '917', '771', 0, NULL, NULL, 'New', '2023-01-30 10:28:12');
INSERT INTO `assign_order_details` (`id`, `order_id`, `assign_order_id`, `reason_id`, `reason_title`, `reason_description`, `order_status`, `date_time`) VALUES ('1954', '918', '772', 0, NULL, NULL, 'New', '2023-01-30 10:28:54');
INSERT INTO `assign_order_details` (`id`, `order_id`, `assign_order_id`, `reason_id`, `reason_title`, `reason_description`, `order_status`, `date_time`) VALUES ('1955', '917', '771', 0, NULL, NULL, 'Accept', '2023-01-30 10:29:14');
INSERT INTO `assign_order_details` (`id`, `order_id`, `assign_order_id`, `reason_id`, `reason_title`, `reason_description`, `order_status`, `date_time`) VALUES ('1956', '919', '773', 0, NULL, NULL, 'New', '2023-01-30 10:41:11');
INSERT INTO `assign_order_details` (`id`, `order_id`, `assign_order_id`, `reason_id`, `reason_title`, `reason_description`, `order_status`, `date_time`) VALUES ('1957', '919', '773', 0, NULL, NULL, 'Accept', '2023-01-30 10:42:36');
INSERT INTO `assign_order_details` (`id`, `order_id`, `assign_order_id`, `reason_id`, `reason_title`, `reason_description`, `order_status`, `date_time`) VALUES ('1958', '918', '772', 0, NULL, NULL, 'Accept', '2023-01-30 10:42:45');
INSERT INTO `assign_order_details` (`id`, `order_id`, `assign_order_id`, `reason_id`, `reason_title`, `reason_description`, `order_status`, `date_time`) VALUES ('1959', '920', '774', 0, NULL, NULL, 'New', '2023-01-30 11:02:56');
INSERT INTO `assign_order_details` (`id`, `order_id`, `assign_order_id`, `reason_id`, `reason_title`, `reason_description`, `order_status`, `date_time`) VALUES ('1960', '920', '774', 1, 'I am not available', 'hi', 'Reject', '2023-01-30 11:03:09');
INSERT INTO `assign_order_details` (`id`, `order_id`, `assign_order_id`, `reason_id`, `reason_title`, `reason_description`, `order_status`, `date_time`) VALUES ('1961', '921', '775', 0, NULL, NULL, 'New', '2023-01-30 11:13:27');
INSERT INTO `assign_order_details` (`id`, `order_id`, `assign_order_id`, `reason_id`, `reason_title`, `reason_description`, `order_status`, `date_time`) VALUES ('1962', '922', '776', 0, NULL, NULL, 'New', '2023-01-30 11:19:48');
INSERT INTO `assign_order_details` (`id`, `order_id`, `assign_order_id`, `reason_id`, `reason_title`, `reason_description`, `order_status`, `date_time`) VALUES ('1963', '923', '777', 0, NULL, NULL, 'New', '2023-01-30 11:24:29');
INSERT INTO `assign_order_details` (`id`, `order_id`, `assign_order_id`, `reason_id`, `reason_title`, `reason_description`, `order_status`, `date_time`) VALUES ('1964', '924', '778', 0, NULL, NULL, 'New', '2023-01-30 11:28:12');
INSERT INTO `assign_order_details` (`id`, `order_id`, `assign_order_id`, `reason_id`, `reason_title`, `reason_description`, `order_status`, `date_time`) VALUES ('1965', '924', '778', 1, 'I am not available', 'hi', 'Reject', '2023-01-30 11:28:36');
INSERT INTO `assign_order_details` (`id`, `order_id`, `assign_order_id`, `reason_id`, `reason_title`, `reason_description`, `order_status`, `date_time`) VALUES ('1966', '925', '779', 0, NULL, NULL, 'New', '2023-01-30 11:32:44');
INSERT INTO `assign_order_details` (`id`, `order_id`, `assign_order_id`, `reason_id`, `reason_title`, `reason_description`, `order_status`, `date_time`) VALUES ('1967', '925', '779', 1, 'I am not available', 'y7', 'Reject', '2023-01-30 11:33:16');
INSERT INTO `assign_order_details` (`id`, `order_id`, `assign_order_id`, `reason_id`, `reason_title`, `reason_description`, `order_status`, `date_time`) VALUES ('1968', '926', '780', 0, NULL, NULL, 'New', '2023-01-30 11:40:29');
INSERT INTO `assign_order_details` (`id`, `order_id`, `assign_order_id`, `reason_id`, `reason_title`, `reason_description`, `order_status`, `date_time`) VALUES ('1969', '926', '780', 0, NULL, NULL, 'Accept', '2023-01-30 11:40:52');
INSERT INTO `assign_order_details` (`id`, `order_id`, `assign_order_id`, `reason_id`, `reason_title`, `reason_description`, `order_status`, `date_time`) VALUES ('1970', '926', '780', 0, NULL, NULL, 'Reach', '2023-01-30 11:41:19');
INSERT INTO `assign_order_details` (`id`, `order_id`, `assign_order_id`, `reason_id`, `reason_title`, `reason_description`, `order_status`, `date_time`) VALUES ('1971', '926', '780', 0, NULL, NULL, 'Loaded', '2023-01-30 11:41:24');
INSERT INTO `assign_order_details` (`id`, `order_id`, `assign_order_id`, `reason_id`, `reason_title`, `reason_description`, `order_status`, `date_time`) VALUES ('1972', '926', '780', 1, 'I am not available', 'hi', 'Reject', '2023-01-30 11:41:24');
INSERT INTO `assign_order_details` (`id`, `order_id`, `assign_order_id`, `reason_id`, `reason_title`, `reason_description`, `order_status`, `date_time`) VALUES ('1973', '926', '780', 0, NULL, NULL, 'Delivered', '2023-01-30 11:41:46');
INSERT INTO `assign_order_details` (`id`, `order_id`, `assign_order_id`, `reason_id`, `reason_title`, `reason_description`, `order_status`, `date_time`) VALUES ('1974', '928', '781', 0, NULL, NULL, 'New', '2023-01-30 11:54:40');
INSERT INTO `assign_order_details` (`id`, `order_id`, `assign_order_id`, `reason_id`, `reason_title`, `reason_description`, `order_status`, `date_time`) VALUES ('1975', '928', '781', 0, NULL, NULL, 'Accept', '2023-01-30 11:54:48');
INSERT INTO `assign_order_details` (`id`, `order_id`, `assign_order_id`, `reason_id`, `reason_title`, `reason_description`, `order_status`, `date_time`) VALUES ('1976', '928', '781', 0, NULL, NULL, 'Reach', '2023-01-30 11:54:56');
INSERT INTO `assign_order_details` (`id`, `order_id`, `assign_order_id`, `reason_id`, `reason_title`, `reason_description`, `order_status`, `date_time`) VALUES ('1977', '928', '781', 0, NULL, NULL, 'Loaded', '2023-01-30 11:54:59');
INSERT INTO `assign_order_details` (`id`, `order_id`, `assign_order_id`, `reason_id`, `reason_title`, `reason_description`, `order_status`, `date_time`) VALUES ('1978', '928', '781', 0, NULL, NULL, 'Delivered', '2023-01-30 11:55:30');
INSERT INTO `assign_order_details` (`id`, `order_id`, `assign_order_id`, `reason_id`, `reason_title`, `reason_description`, `order_status`, `date_time`) VALUES ('1979', '929', '782', 0, NULL, NULL, 'New', '2023-01-30 11:55:42');
INSERT INTO `assign_order_details` (`id`, `order_id`, `assign_order_id`, `reason_id`, `reason_title`, `reason_description`, `order_status`, `date_time`) VALUES ('1980', '930', '783', 0, NULL, NULL, 'New', '2023-01-30 11:57:55');
INSERT INTO `assign_order_details` (`id`, `order_id`, `assign_order_id`, `reason_id`, `reason_title`, `reason_description`, `order_status`, `date_time`) VALUES ('1981', '930', '783', 0, NULL, NULL, 'Accept', '2023-01-30 11:58:53');
INSERT INTO `assign_order_details` (`id`, `order_id`, `assign_order_id`, `reason_id`, `reason_title`, `reason_description`, `order_status`, `date_time`) VALUES ('1982', '929', '782', 0, NULL, NULL, 'Accept', '2023-01-30 11:59:07');
INSERT INTO `assign_order_details` (`id`, `order_id`, `assign_order_id`, `reason_id`, `reason_title`, `reason_description`, `order_status`, `date_time`) VALUES ('1983', '930', '783', 0, NULL, NULL, 'Reach', '2023-01-30 11:59:14');
INSERT INTO `assign_order_details` (`id`, `order_id`, `assign_order_id`, `reason_id`, `reason_title`, `reason_description`, `order_status`, `date_time`) VALUES ('1984', '931', '784', 0, NULL, NULL, 'New', '2023-01-30 12:03:27');
INSERT INTO `assign_order_details` (`id`, `order_id`, `assign_order_id`, `reason_id`, `reason_title`, `reason_description`, `order_status`, `date_time`) VALUES ('1985', '931', '784', 0, NULL, NULL, 'Accept', '2023-01-30 12:03:39');
INSERT INTO `assign_order_details` (`id`, `order_id`, `assign_order_id`, `reason_id`, `reason_title`, `reason_description`, `order_status`, `date_time`) VALUES ('1986', '931', '784', 0, NULL, NULL, 'Reach', '2023-01-30 12:06:21');
INSERT INTO `assign_order_details` (`id`, `order_id`, `assign_order_id`, `reason_id`, `reason_title`, `reason_description`, `order_status`, `date_time`) VALUES ('1987', '931', '784', 0, NULL, NULL, 'Loaded', '2023-01-30 12:06:32');
INSERT INTO `assign_order_details` (`id`, `order_id`, `assign_order_id`, `reason_id`, `reason_title`, `reason_description`, `order_status`, `date_time`) VALUES ('1988', '931', '784', 0, NULL, NULL, 'Delivered', '2023-01-30 12:07:20');
INSERT INTO `assign_order_details` (`id`, `order_id`, `assign_order_id`, `reason_id`, `reason_title`, `reason_description`, `order_status`, `date_time`) VALUES ('1989', '932', '785', 0, NULL, NULL, 'New', '2023-01-30 12:09:25');
INSERT INTO `assign_order_details` (`id`, `order_id`, `assign_order_id`, `reason_id`, `reason_title`, `reason_description`, `order_status`, `date_time`) VALUES ('1990', '932', '785', 0, NULL, NULL, 'Accept', '2023-01-30 12:11:42');
INSERT INTO `assign_order_details` (`id`, `order_id`, `assign_order_id`, `reason_id`, `reason_title`, `reason_description`, `order_status`, `date_time`) VALUES ('1991', '932', '785', 0, NULL, NULL, 'Reach', '2023-01-30 12:16:02');
INSERT INTO `assign_order_details` (`id`, `order_id`, `assign_order_id`, `reason_id`, `reason_title`, `reason_description`, `order_status`, `date_time`) VALUES ('1992', '932', '785', 0, NULL, NULL, 'Loaded', '2023-01-30 12:16:08');
INSERT INTO `assign_order_details` (`id`, `order_id`, `assign_order_id`, `reason_id`, `reason_title`, `reason_description`, `order_status`, `date_time`) VALUES ('1993', '932', '785', 0, NULL, NULL, 'Delivered', '2023-01-30 12:16:27');
INSERT INTO `assign_order_details` (`id`, `order_id`, `assign_order_id`, `reason_id`, `reason_title`, `reason_description`, `order_status`, `date_time`) VALUES ('1994', '933', '786', 0, NULL, NULL, 'New', '2023-01-30 12:19:28');
INSERT INTO `assign_order_details` (`id`, `order_id`, `assign_order_id`, `reason_id`, `reason_title`, `reason_description`, `order_status`, `date_time`) VALUES ('1995', '937', '787', 0, NULL, NULL, 'New', '2023-01-30 12:30:46');
INSERT INTO `assign_order_details` (`id`, `order_id`, `assign_order_id`, `reason_id`, `reason_title`, `reason_description`, `order_status`, `date_time`) VALUES ('1996', '938', '788', 0, NULL, NULL, 'New', '2023-01-30 12:46:43');
INSERT INTO `assign_order_details` (`id`, `order_id`, `assign_order_id`, `reason_id`, `reason_title`, `reason_description`, `order_status`, `date_time`) VALUES ('1997', '938', '788', 0, NULL, NULL, 'Pending', '2023-01-30 12:48:04');
INSERT INTO `assign_order_details` (`id`, `order_id`, `assign_order_id`, `reason_id`, `reason_title`, `reason_description`, `order_status`, `date_time`) VALUES ('1998', '939', '789', 0, NULL, NULL, 'New', '2023-01-30 18:09:17');
INSERT INTO `assign_order_details` (`id`, `order_id`, `assign_order_id`, `reason_id`, `reason_title`, `reason_description`, `order_status`, `date_time`) VALUES ('1999', '939', '789', 1, 'I am not available', 'hi', 'Reject', '2023-01-30 18:11:13');
INSERT INTO `assign_order_details` (`id`, `order_id`, `assign_order_id`, `reason_id`, `reason_title`, `reason_description`, `order_status`, `date_time`) VALUES ('2000', '939', '789', 0, NULL, NULL, 'Accept', '2023-01-30 18:11:14');
INSERT INTO `assign_order_details` (`id`, `order_id`, `assign_order_id`, `reason_id`, `reason_title`, `reason_description`, `order_status`, `date_time`) VALUES ('2001', '940', '790', 0, NULL, NULL, 'New', '2023-01-30 18:20:53');
INSERT INTO `assign_order_details` (`id`, `order_id`, `assign_order_id`, `reason_id`, `reason_title`, `reason_description`, `order_status`, `date_time`) VALUES ('2002', '940', '790', 0, NULL, NULL, 'Accept', '2023-01-30 18:21:03');
INSERT INTO `assign_order_details` (`id`, `order_id`, `assign_order_id`, `reason_id`, `reason_title`, `reason_description`, `order_status`, `date_time`) VALUES ('2003', '941', '791', 0, NULL, NULL, 'New', '2023-01-31 15:24:24');
INSERT INTO `assign_order_details` (`id`, `order_id`, `assign_order_id`, `reason_id`, `reason_title`, `reason_description`, `order_status`, `date_time`) VALUES ('2004', '941', '791', 0, NULL, NULL, 'Accept', '2023-01-31 15:26:04');
INSERT INTO `assign_order_details` (`id`, `order_id`, `assign_order_id`, `reason_id`, `reason_title`, `reason_description`, `order_status`, `date_time`) VALUES ('2005', '941', '791', 0, NULL, NULL, 'Reach', '2023-01-31 15:26:16');
INSERT INTO `assign_order_details` (`id`, `order_id`, `assign_order_id`, `reason_id`, `reason_title`, `reason_description`, `order_status`, `date_time`) VALUES ('2006', '941', '791', 0, NULL, NULL, 'Loaded', '2023-01-31 15:34:47');
INSERT INTO `assign_order_details` (`id`, `order_id`, `assign_order_id`, `reason_id`, `reason_title`, `reason_description`, `order_status`, `date_time`) VALUES ('2007', '941', '791', 0, NULL, NULL, 'Delivered', '2023-01-31 15:35:13');
INSERT INTO `assign_order_details` (`id`, `order_id`, `assign_order_id`, `reason_id`, `reason_title`, `reason_description`, `order_status`, `date_time`) VALUES ('2008', '870', '749', 0, NULL, NULL, 'Reach', '2023-01-31 15:35:46');
INSERT INTO `assign_order_details` (`id`, `order_id`, `assign_order_id`, `reason_id`, `reason_title`, `reason_description`, `order_status`, `date_time`) VALUES ('2009', '870', '749', 0, NULL, NULL, 'Loaded', '2023-01-31 15:35:55');
INSERT INTO `assign_order_details` (`id`, `order_id`, `assign_order_id`, `reason_id`, `reason_title`, `reason_description`, `order_status`, `date_time`) VALUES ('2010', '870', '749', 0, NULL, NULL, 'Delivered', '2023-01-31 15:36:41');
INSERT INTO `assign_order_details` (`id`, `order_id`, `assign_order_id`, `reason_id`, `reason_title`, `reason_description`, `order_status`, `date_time`) VALUES ('2011', '942', '792', 0, NULL, NULL, 'New', '2023-01-31 15:40:25');
INSERT INTO `assign_order_details` (`id`, `order_id`, `assign_order_id`, `reason_id`, `reason_title`, `reason_description`, `order_status`, `date_time`) VALUES ('2012', '943', '793', 0, NULL, NULL, 'New', '2023-01-31 15:41:26');
INSERT INTO `assign_order_details` (`id`, `order_id`, `assign_order_id`, `reason_id`, `reason_title`, `reason_description`, `order_status`, `date_time`) VALUES ('2013', '944', '794', 0, NULL, NULL, 'New', '2023-01-31 18:48:57');
INSERT INTO `assign_order_details` (`id`, `order_id`, `assign_order_id`, `reason_id`, `reason_title`, `reason_description`, `order_status`, `date_time`) VALUES ('2014', '944', '794', 1, 'I am not available', 'ugghhfv', 'Reject', '2023-01-31 18:49:58');
INSERT INTO `assign_order_details` (`id`, `order_id`, `assign_order_id`, `reason_id`, `reason_title`, `reason_description`, `order_status`, `date_time`) VALUES ('2015', '945', '795', 0, NULL, NULL, 'New', '2023-01-31 18:50:58');
INSERT INTO `assign_order_details` (`id`, `order_id`, `assign_order_id`, `reason_id`, `reason_title`, `reason_description`, `order_status`, `date_time`) VALUES ('2016', '956', '796', 0, NULL, NULL, 'New', '2023-02-01 11:01:21');
INSERT INTO `assign_order_details` (`id`, `order_id`, `assign_order_id`, `reason_id`, `reason_title`, `reason_description`, `order_status`, `date_time`) VALUES ('2017', '974', '797', 0, NULL, NULL, 'New', '2023-02-01 15:18:23');
INSERT INTO `assign_order_details` (`id`, `order_id`, `assign_order_id`, `reason_id`, `reason_title`, `reason_description`, `order_status`, `date_time`) VALUES ('2018', '974', '797', 0, NULL, NULL, 'Accept', '2023-02-01 15:18:31');
INSERT INTO `assign_order_details` (`id`, `order_id`, `assign_order_id`, `reason_id`, `reason_title`, `reason_description`, `order_status`, `date_time`) VALUES ('2019', '974', '797', 0, NULL, NULL, 'Reach', '2023-02-01 15:18:58');
INSERT INTO `assign_order_details` (`id`, `order_id`, `assign_order_id`, `reason_id`, `reason_title`, `reason_description`, `order_status`, `date_time`) VALUES ('2020', '974', '797', 0, NULL, NULL, 'Loaded', '2023-02-01 15:19:23');
INSERT INTO `assign_order_details` (`id`, `order_id`, `assign_order_id`, `reason_id`, `reason_title`, `reason_description`, `order_status`, `date_time`) VALUES ('2021', '975', '798', 0, NULL, NULL, 'New', '2023-02-01 15:38:53');
INSERT INTO `assign_order_details` (`id`, `order_id`, `assign_order_id`, `reason_id`, `reason_title`, `reason_description`, `order_status`, `date_time`) VALUES ('2022', '975', '798', 0, NULL, NULL, 'Accept', '2023-02-01 15:39:29');
INSERT INTO `assign_order_details` (`id`, `order_id`, `assign_order_id`, `reason_id`, `reason_title`, `reason_description`, `order_status`, `date_time`) VALUES ('2023', '976', '799', 0, NULL, NULL, 'New', '2023-02-01 15:40:39');
INSERT INTO `assign_order_details` (`id`, `order_id`, `assign_order_id`, `reason_id`, `reason_title`, `reason_description`, `order_status`, `date_time`) VALUES ('2024', '976', '799', 0, NULL, NULL, 'Accept', '2023-02-01 15:41:15');
INSERT INTO `assign_order_details` (`id`, `order_id`, `assign_order_id`, `reason_id`, `reason_title`, `reason_description`, `order_status`, `date_time`) VALUES ('2025', '977', '800', 0, NULL, NULL, 'New', '2023-02-01 17:08:34');
INSERT INTO `assign_order_details` (`id`, `order_id`, `assign_order_id`, `reason_id`, `reason_title`, `reason_description`, `order_status`, `date_time`) VALUES ('2026', '980', '801', 0, NULL, NULL, 'New', '2023-02-01 17:27:35');
INSERT INTO `assign_order_details` (`id`, `order_id`, `assign_order_id`, `reason_id`, `reason_title`, `reason_description`, `order_status`, `date_time`) VALUES ('2027', '981', '802', 0, NULL, NULL, 'New', '2023-02-01 17:35:19');
INSERT INTO `assign_order_details` (`id`, `order_id`, `assign_order_id`, `reason_id`, `reason_title`, `reason_description`, `order_status`, `date_time`) VALUES ('2028', '980', '801', 0, NULL, NULL, 'Accept', '2023-02-01 17:40:29');
INSERT INTO `assign_order_details` (`id`, `order_id`, `assign_order_id`, `reason_id`, `reason_title`, `reason_description`, `order_status`, `date_time`) VALUES ('2029', '980', '801', 0, NULL, NULL, 'Reach', '2023-02-01 17:41:28');
INSERT INTO `assign_order_details` (`id`, `order_id`, `assign_order_id`, `reason_id`, `reason_title`, `reason_description`, `order_status`, `date_time`) VALUES ('2030', '980', '801', 0, NULL, NULL, 'Loaded', '2023-02-01 17:41:34');
INSERT INTO `assign_order_details` (`id`, `order_id`, `assign_order_id`, `reason_id`, `reason_title`, `reason_description`, `order_status`, `date_time`) VALUES ('2031', '980', '801', 0, NULL, NULL, 'Delivered', '2023-02-01 17:43:05');
INSERT INTO `assign_order_details` (`id`, `order_id`, `assign_order_id`, `reason_id`, `reason_title`, `reason_description`, `order_status`, `date_time`) VALUES ('2032', '981', '802', 0, NULL, NULL, 'Accept', '2023-02-01 17:48:10');
INSERT INTO `assign_order_details` (`id`, `order_id`, `assign_order_id`, `reason_id`, `reason_title`, `reason_description`, `order_status`, `date_time`) VALUES ('2033', '981', '802', 0, NULL, NULL, 'Reach', '2023-02-01 17:48:17');
INSERT INTO `assign_order_details` (`id`, `order_id`, `assign_order_id`, `reason_id`, `reason_title`, `reason_description`, `order_status`, `date_time`) VALUES ('2034', '981', '802', 0, NULL, NULL, 'Loaded', '2023-02-01 17:48:18');
INSERT INTO `assign_order_details` (`id`, `order_id`, `assign_order_id`, `reason_id`, `reason_title`, `reason_description`, `order_status`, `date_time`) VALUES ('2035', '981', '802', 0, NULL, NULL, 'Delivered', '2023-02-01 17:51:53');


#
# TABLE STRUCTURE FOR: assign_orders
#

DROP TABLE IF EXISTS `assign_orders`;

CREATE TABLE `assign_orders` (
  `id` bigint(20) NOT NULL AUTO_INCREMENT,
  `order_id` bigint(20) NOT NULL,
  `transporter_id` bigint(20) NOT NULL,
  `station_id` bigint(20) NOT NULL,
  `pickup_data` text COLLATE utf8mb4_unicode_ci,
  `station_data` text COLLATE utf8mb4_unicode_ci,
  `assign_status` enum('New','Pending','Accept','Reject','Delivered') COLLATE utf8mb4_unicode_ci DEFAULT 'New',
  `status` tinyint(1) NOT NULL DEFAULT '0',
  `assign_datetime` datetime NOT NULL,
  PRIMARY KEY (`id`)
) ENGINE=InnoDB AUTO_INCREMENT=803 DEFAULT CHARSET=utf8mb4 COLLATE=utf8mb4_unicode_ci;

INSERT INTO `assign_orders` (`id`, `order_id`, `transporter_id`, `station_id`, `pickup_data`, `station_data`, `assign_status`, `status`, `assign_datetime`) VALUES ('747', '868', '160', '133', '{\"address\":\"Qwp2+3xr,00300,Nairobi City,Nairobi Country,Kenya\",\"contact_no\":\"9876543210\",\"latitude\":\"-1.291020\",\"longitude\":\"36.821390\"}', '{\"station_id\":\"133\",\"owner_id\":\"162\",\"station_name\":\"Indian petrol station\",\"contact_person\":\"venky\",\"contact_number\":\"8143601989\",\"alternate_number\":\"8143601989\",\"country\":\"India\",\"state\":\"Andhra Pradesh\",\"city\":\"Visakhapatnam\",\"pincode\":\"530016\",\"landmark\":\"\",\"address\":\"Bharath Towers,501,\",\"latitude\":\"17.7284981\",\"longitude\":\"83.3055466\",\"geo_fencing_address\":null,\"status\":\"1\",\"created_date\":\"2023-01-25 14:22:47\",\"updated_date\":null}', 'Accept', 0, '2023-01-25 14:36:13');
INSERT INTO `assign_orders` (`id`, `order_id`, `transporter_id`, `station_id`, `pickup_data`, `station_data`, `assign_status`, `status`, `assign_datetime`) VALUES ('748', '869', '160', '125', '{\"address\":\"Qwp2+3xr,00300,Nairobi City,Nairobi Country,Kenya\",\"contact_no\":\"9876543210\",\"latitude\":\"-1.291020\",\"longitude\":\"36.821390\"}', '{\"station_id\":\"125\",\"owner_id\":\"68\",\"station_name\":\"chaitu station\",\"contact_person\":\"chaitu\",\"contact_number\":\"9632580747\",\"alternate_number\":\"\",\"country\":\"India\",\"state\":\"Andhra Pradesh\",\"city\":\"Visakhapatnam\",\"pincode\":\"530016\",\"landmark\":\"\",\"address\":\"5th Lane,Dwarka 5th Line,\",\"latitude\":\"17.7284948\",\"longitude\":\"83.3055442\",\"geo_fencing_address\":null,\"status\":\"1\",\"created_date\":\"2023-01-23 14:11:58\",\"updated_date\":null}', 'Accept', 0, '2023-01-25 14:36:28');
INSERT INTO `assign_orders` (`id`, `order_id`, `transporter_id`, `station_id`, `pickup_data`, `station_data`, `assign_status`, `status`, `assign_datetime`) VALUES ('749', '870', '19', '125', '{\"address\":\"Qwp2+3xr,00300,Nairobi City,Nairobi Country,Kenya\",\"contact_no\":\"9876543210\",\"latitude\":\"-1.291020\",\"longitude\":\"36.821390\"}', '{\"station_id\":\"125\",\"owner_id\":\"68\",\"station_name\":\"chaitu station\",\"contact_person\":\"chaitu\",\"contact_number\":\"9632580747\",\"alternate_number\":\"\",\"country\":\"India\",\"state\":\"Andhra Pradesh\",\"city\":\"Visakhapatnam\",\"pincode\":\"530016\",\"landmark\":\"\",\"address\":\"5th Lane,Dwarka 5th Line,\",\"latitude\":\"17.7284948\",\"longitude\":\"83.3055442\",\"geo_fencing_address\":null,\"status\":\"1\",\"created_date\":\"2023-01-23 14:11:58\",\"updated_date\":null}', 'Delivered', 0, '2023-01-25 14:38:13');
INSERT INTO `assign_orders` (`id`, `order_id`, `transporter_id`, `station_id`, `pickup_data`, `station_data`, `assign_status`, `status`, `assign_datetime`) VALUES ('750', '871', '0', '125', '{\"address\":\"Qwp2+3xr,00300,Nairobi City,Nairobi Country,Kenya\",\"contact_no\":\"9876543210\",\"latitude\":\"-1.291020\",\"longitude\":\"36.821390\"}', '{\"station_id\":\"125\",\"owner_id\":\"68\",\"station_name\":\"chaitu station\",\"contact_person\":\"chaitu\",\"contact_number\":\"9632580747\",\"alternate_number\":\"\",\"country\":\"India\",\"state\":\"Andhra Pradesh\",\"city\":\"Visakhapatnam\",\"pincode\":\"530016\",\"landmark\":\"\",\"address\":\"5th Lane,Dwarka 5th Line,\",\"latitude\":\"17.7284948\",\"longitude\":\"83.3055442\",\"geo_fencing_address\":null,\"status\":\"1\",\"created_date\":\"2023-01-23 14:11:58\",\"updated_date\":null}', 'Pending', 0, '2023-01-25 14:40:14');
INSERT INTO `assign_orders` (`id`, `order_id`, `transporter_id`, `station_id`, `pickup_data`, `station_data`, `assign_status`, `status`, `assign_datetime`) VALUES ('751', '875', '0', '107', '{\"address\":\"Qwp2+3xr,00300,Nairobi City,Nairobi Country,Kenya\",\"contact_no\":\"9876543210\",\"latitude\":\"-1.291020\",\"longitude\":\"36.821390\"}', '{\"station_id\":\"107\",\"owner_id\":\"63\",\"station_name\":\"Shell\",\"contact_person\":\"Jennifer\",\"contact_number\":\"0719585416\",\"alternate_number\":\"\",\"country\":\"Kenya\",\"state\":\"Nairobi County\",\"city\":\"Nairobi City\",\"pincode\":\"00300\",\"landmark\":\"\",\"address\":\"QWP2+3XR,QWP2+3XR,\",\"latitude\":\"-1.2149516\",\"longitude\":\"36.9026107\",\"geo_fencing_address\":null,\"status\":\"1\",\"created_date\":\"2023-01-05 16:58:15\",\"updated_date\":null}', 'Pending', 0, '2023-01-25 15:53:47');
INSERT INTO `assign_orders` (`id`, `order_id`, `transporter_id`, `station_id`, `pickup_data`, `station_data`, `assign_status`, `status`, `assign_datetime`) VALUES ('752', '876', '0', '70', '{\"address\":\"Qwp2+3xr,00300,Nairobi City,Nairobi Country,Kenya\",\"contact_no\":\"9876543210\",\"latitude\":\"-1.291020\",\"longitude\":\"36.821390\"}', '{\"station_id\":\"70\",\"owner_id\":\"70\",\"station_name\":\"FELIX STATION\",\"contact_person\":\"Felix Njinu\",\"contact_number\":\"0724347822\",\"alternate_number\":\"\",\"country\":\"Kenya\",\"state\":\"kenya\",\"city\":\"Nairobi\",\"pincode\":\"254\",\"landmark\":\"KICC\",\"address\":\"1838-0200 NAIROBI\",\"latitude\":\"-1.288811\",\"longitude\":\"36.823219\",\"geo_fencing_address\":null,\"status\":\"1\",\"created_date\":\"2022-11-23 16:48:54\",\"updated_date\":null}', 'Pending', 0, '2023-01-25 16:16:04');
INSERT INTO `assign_orders` (`id`, `order_id`, `transporter_id`, `station_id`, `pickup_data`, `station_data`, `assign_status`, `status`, `assign_datetime`) VALUES ('753', '882', '175', '70', '{\"address\":\"Qwp2+3xr,00300,Nairobi City,Nairobi Country,Kenya\",\"contact_no\":\"9876543210\",\"latitude\":\"-1.291020\",\"longitude\":\"36.821390\"}', '{\"station_id\":\"70\",\"owner_id\":\"70\",\"station_name\":\"FELIX STATION\",\"contact_person\":\"Felix Njinu\",\"contact_number\":\"0724347822\",\"alternate_number\":\"\",\"country\":\"Kenya\",\"state\":\"kenya\",\"city\":\"Nairobi\",\"pincode\":\"254\",\"landmark\":\"KICC\",\"address\":\"1838-0200 NAIROBI\",\"latitude\":\"-1.288811\",\"longitude\":\"36.823219\",\"geo_fencing_address\":null,\"status\":\"1\",\"created_date\":\"2022-11-23 16:48:54\",\"updated_date\":null}', 'Delivered', 0, '2023-01-25 17:54:57');
INSERT INTO `assign_orders` (`id`, `order_id`, `transporter_id`, `station_id`, `pickup_data`, `station_data`, `assign_status`, `status`, `assign_datetime`) VALUES ('754', '886', '0', '125', '{\"address\":\"Qwp2+3xr,00300,Nairobi City,Nairobi Country,Kenya\",\"contact_no\":\"9876543210\",\"latitude\":\"-1.291020\",\"longitude\":\"36.821390\"}', '{\"station_id\":\"125\",\"owner_id\":\"68\",\"station_name\":\"chaitu station\",\"contact_person\":\"chaitu\",\"contact_number\":\"9632580747\",\"alternate_number\":\"\",\"country\":\"India\",\"state\":\"Andhra Pradesh\",\"city\":\"Visakhapatnam\",\"pincode\":\"530016\",\"landmark\":\"\",\"address\":\"5th Lane,Dwarka 5th Line,\",\"latitude\":\"17.7284948\",\"longitude\":\"83.3055442\",\"geo_fencing_address\":null,\"status\":\"1\",\"created_date\":\"2023-01-23 14:11:58\",\"updated_date\":null}', 'Pending', 0, '2023-01-27 17:17:32');
INSERT INTO `assign_orders` (`id`, `order_id`, `transporter_id`, `station_id`, `pickup_data`, `station_data`, `assign_status`, `status`, `assign_datetime`) VALUES ('755', '887', '0', '125', '{\"address\":\"Qwp2+3xr,00300,Nairobi City,Nairobi Country,Kenya\",\"contact_no\":\"9876543210\",\"latitude\":\"-1.291020\",\"longitude\":\"36.821390\"}', '{\"station_id\":\"125\",\"owner_id\":\"68\",\"station_name\":\"chaitu station\",\"contact_person\":\"chaitu\",\"contact_number\":\"9632580747\",\"alternate_number\":\"\",\"country\":\"India\",\"state\":\"Andhra Pradesh\",\"city\":\"Visakhapatnam\",\"pincode\":\"530016\",\"landmark\":\"\",\"address\":\"5th Lane,Dwarka 5th Line,\",\"latitude\":\"17.7284948\",\"longitude\":\"83.3055442\",\"geo_fencing_address\":null,\"status\":\"1\",\"created_date\":\"2023-01-23 14:11:58\",\"updated_date\":null}', 'Pending', 0, '2023-01-27 17:31:01');
INSERT INTO `assign_orders` (`id`, `order_id`, `transporter_id`, `station_id`, `pickup_data`, `station_data`, `assign_status`, `status`, `assign_datetime`) VALUES ('756', '888', '19', '125', '{\"address\":\"Qwp2+3xr,00300,Nairobi City,Nairobi Country,Kenya\",\"contact_no\":\"9876543210\",\"latitude\":\"-1.291020\",\"longitude\":\"36.821390\"}', '{\"station_id\":\"125\",\"owner_id\":\"68\",\"station_name\":\"chaitu station\",\"contact_person\":\"chaitu\",\"contact_number\":\"9632580747\",\"alternate_number\":\"\",\"country\":\"India\",\"state\":\"Andhra Pradesh\",\"city\":\"Visakhapatnam\",\"pincode\":\"530016\",\"landmark\":\"\",\"address\":\"5th Lane,Dwarka 5th Line,\",\"latitude\":\"17.7284948\",\"longitude\":\"83.3055442\",\"geo_fencing_address\":null,\"status\":\"1\",\"created_date\":\"2023-01-23 14:11:58\",\"updated_date\":null}', 'Accept', 0, '2023-01-27 17:32:16');
INSERT INTO `assign_orders` (`id`, `order_id`, `transporter_id`, `station_id`, `pickup_data`, `station_data`, `assign_status`, `status`, `assign_datetime`) VALUES ('757', '891', '0', '125', '{\"address\":\"Qwp2+3xr,00300,Nairobi City,Nairobi Country,Kenya\",\"contact_no\":\"9876543210\",\"latitude\":\"-1.291020\",\"longitude\":\"36.821390\"}', '{\"station_id\":\"125\",\"owner_id\":\"68\",\"station_name\":\"chaitu station\",\"contact_person\":\"chaitu\",\"contact_number\":\"9632580747\",\"alternate_number\":\"\",\"country\":\"India\",\"state\":\"Andhra Pradesh\",\"city\":\"Visakhapatnam\",\"pincode\":\"530016\",\"landmark\":\"\",\"address\":\"5th Lane,Dwarka 5th Line,\",\"latitude\":\"17.7284948\",\"longitude\":\"83.3055442\",\"geo_fencing_address\":null,\"status\":\"1\",\"created_date\":\"2023-01-23 14:11:58\",\"updated_date\":null}', 'Pending', 0, '2023-01-27 18:44:18');
INSERT INTO `assign_orders` (`id`, `order_id`, `transporter_id`, `station_id`, `pickup_data`, `station_data`, `assign_status`, `status`, `assign_datetime`) VALUES ('758', '892', '0', '125', '{\"address\":\"Qwp2+3xr,00300,Nairobi City,Nairobi Country,Kenya\",\"contact_no\":\"9876543210\",\"latitude\":\"-1.291020\",\"longitude\":\"36.821390\"}', '{\"station_id\":\"125\",\"owner_id\":\"68\",\"station_name\":\"chaitu station\",\"contact_person\":\"chaitu\",\"contact_number\":\"9632580747\",\"alternate_number\":\"\",\"country\":\"India\",\"state\":\"Andhra Pradesh\",\"city\":\"Visakhapatnam\",\"pincode\":\"530016\",\"landmark\":\"\",\"address\":\"5th Lane,Dwarka 5th Line,\",\"latitude\":\"17.7284948\",\"longitude\":\"83.3055442\",\"geo_fencing_address\":null,\"status\":\"1\",\"created_date\":\"2023-01-23 14:11:58\",\"updated_date\":null}', 'Pending', 0, '2023-01-27 18:45:17');
INSERT INTO `assign_orders` (`id`, `order_id`, `transporter_id`, `station_id`, `pickup_data`, `station_data`, `assign_status`, `status`, `assign_datetime`) VALUES ('759', '893', '0', '125', '{\"address\":\"Qwp2+3xr,00300,Nairobi City,Nairobi Country,Kenya\",\"contact_no\":\"9876543210\",\"latitude\":\"-1.291020\",\"longitude\":\"36.821390\"}', '{\"station_id\":\"125\",\"owner_id\":\"68\",\"station_name\":\"chaitu station\",\"contact_person\":\"chaitu\",\"contact_number\":\"9632580747\",\"alternate_number\":\"\",\"country\":\"India\",\"state\":\"Andhra Pradesh\",\"city\":\"Visakhapatnam\",\"pincode\":\"530016\",\"landmark\":\"\",\"address\":\"5th Lane,Dwarka 5th Line,\",\"latitude\":\"17.7284948\",\"longitude\":\"83.3055442\",\"geo_fencing_address\":null,\"status\":\"1\",\"created_date\":\"2023-01-23 14:11:58\",\"updated_date\":null}', 'Pending', 0, '2023-01-27 18:49:34');
INSERT INTO `assign_orders` (`id`, `order_id`, `transporter_id`, `station_id`, `pickup_data`, `station_data`, `assign_status`, `status`, `assign_datetime`) VALUES ('760', '894', '0', '125', '{\"address\":\"Qwp2+3xr,00300,Nairobi City,Nairobi Country,Kenya\",\"contact_no\":\"9876543210\",\"latitude\":\"-1.291020\",\"longitude\":\"36.821390\"}', '{\"station_id\":\"125\",\"owner_id\":\"68\",\"station_name\":\"chaitu station\",\"contact_person\":\"chaitu\",\"contact_number\":\"9632580747\",\"alternate_number\":\"\",\"country\":\"India\",\"state\":\"Andhra Pradesh\",\"city\":\"Visakhapatnam\",\"pincode\":\"530016\",\"landmark\":\"\",\"address\":\"5th Lane,Dwarka 5th Line,\",\"latitude\":\"17.7284948\",\"longitude\":\"83.3055442\",\"geo_fencing_address\":null,\"status\":\"1\",\"created_date\":\"2023-01-23 14:11:58\",\"updated_date\":null}', 'Pending', 0, '2023-01-28 10:55:22');
INSERT INTO `assign_orders` (`id`, `order_id`, `transporter_id`, `station_id`, `pickup_data`, `station_data`, `assign_status`, `status`, `assign_datetime`) VALUES ('761', '899', '0', '125', '{\"address\":\"Qwp2+3xr,00300,Nairobi City,Nairobi Country,Kenya\",\"contact_no\":\"9876543210\",\"latitude\":\"-1.291020\",\"longitude\":\"36.821390\"}', '{\"station_id\":\"125\",\"owner_id\":\"68\",\"station_name\":\"chaitu station\",\"contact_person\":\"chaitu\",\"contact_number\":\"9632580747\",\"alternate_number\":\"\",\"country\":\"India\",\"state\":\"Andhra Pradesh\",\"city\":\"Visakhapatnam\",\"pincode\":\"530016\",\"landmark\":\"\",\"address\":\"5th Lane,Dwarka 5th Line,\",\"latitude\":\"17.7284948\",\"longitude\":\"83.3055442\",\"geo_fencing_address\":null,\"status\":\"1\",\"created_date\":\"2023-01-23 14:11:58\",\"updated_date\":null}', 'Pending', 0, '2023-01-28 11:25:22');
INSERT INTO `assign_orders` (`id`, `order_id`, `transporter_id`, `station_id`, `pickup_data`, `station_data`, `assign_status`, `status`, `assign_datetime`) VALUES ('762', '905', '0', '125', '{\"address\":\"Qwp2+3xr,00300,Nairobi City,Nairobi Country,Kenya\",\"contact_no\":\"9876543210\",\"latitude\":\"-1.291020\",\"longitude\":\"36.821390\"}', '{\"station_id\":\"125\",\"owner_id\":\"68\",\"station_name\":\"chaitu station\",\"contact_person\":\"chaitu\",\"contact_number\":\"9632580747\",\"alternate_number\":\"\",\"country\":\"India\",\"state\":\"Andhra Pradesh\",\"city\":\"Visakhapatnam\",\"pincode\":\"530016\",\"landmark\":\"\",\"address\":\"5th Lane,Dwarka 5th Line,\",\"latitude\":\"17.7284948\",\"longitude\":\"83.3055442\",\"geo_fencing_address\":null,\"status\":\"1\",\"created_date\":\"2023-01-23 14:11:58\",\"updated_date\":null}', 'Pending', 0, '2023-01-28 11:34:39');
INSERT INTO `assign_orders` (`id`, `order_id`, `transporter_id`, `station_id`, `pickup_data`, `station_data`, `assign_status`, `status`, `assign_datetime`) VALUES ('763', '908', '19', '125', '{\"address\":\"Qwp2+3xr,00300,Nairobi City,Nairobi Country,Kenya\",\"contact_no\":\"9876543210\",\"latitude\":\"-1.291020\",\"longitude\":\"36.821390\"}', '{\"station_id\":\"125\",\"owner_id\":\"68\",\"station_name\":\"chaitu station\",\"contact_person\":\"chaitu\",\"contact_number\":\"9632580747\",\"alternate_number\":\"\",\"country\":\"India\",\"state\":\"Andhra Pradesh\",\"city\":\"Visakhapatnam\",\"pincode\":\"530016\",\"landmark\":\"\",\"address\":\"5th Lane,Dwarka 5th Line,\",\"latitude\":\"17.7284948\",\"longitude\":\"83.3055442\",\"geo_fencing_address\":null,\"status\":\"1\",\"created_date\":\"2023-01-23 14:11:58\",\"updated_date\":null}', 'Delivered', 0, '2023-01-28 11:42:43');
INSERT INTO `assign_orders` (`id`, `order_id`, `transporter_id`, `station_id`, `pickup_data`, `station_data`, `assign_status`, `status`, `assign_datetime`) VALUES ('764', '911', '0', '125', '{\"address\":\"Qwp2+3xr,00300,Nairobi City,Nairobi Country,Kenya\",\"contact_no\":\"9876543210\",\"latitude\":\"-1.291020\",\"longitude\":\"36.821390\"}', '{\"station_id\":\"125\",\"owner_id\":\"68\",\"station_name\":\"chaitu station\",\"contact_person\":\"chaitu\",\"contact_number\":\"9632580747\",\"alternate_number\":\"\",\"country\":\"India\",\"state\":\"Andhra Pradesh\",\"city\":\"Visakhapatnam\",\"pincode\":\"530016\",\"landmark\":\"\",\"address\":\"5th Lane,Dwarka 5th Line,\",\"latitude\":\"17.7284948\",\"longitude\":\"83.3055442\",\"geo_fencing_address\":null,\"status\":\"1\",\"created_date\":\"2023-01-23 14:11:58\",\"updated_date\":null}', 'Pending', 0, '2023-01-28 12:11:47');
INSERT INTO `assign_orders` (`id`, `order_id`, `transporter_id`, `station_id`, `pickup_data`, `station_data`, `assign_status`, `status`, `assign_datetime`) VALUES ('765', '912', '0', '125', '{\"address\":\"Qwp2+3xr,00300,Nairobi City,Nairobi Country,Kenya\",\"contact_no\":\"9876543210\",\"latitude\":\"-1.291020\",\"longitude\":\"36.821390\"}', '{\"station_id\":\"125\",\"owner_id\":\"68\",\"station_name\":\"chaitu station\",\"contact_person\":\"chaitu\",\"contact_number\":\"9632580747\",\"alternate_number\":\"\",\"country\":\"India\",\"state\":\"Andhra Pradesh\",\"city\":\"Visakhapatnam\",\"pincode\":\"530016\",\"landmark\":\"\",\"address\":\"5th Lane,Dwarka 5th Line,\",\"latitude\":\"17.7284948\",\"longitude\":\"83.3055442\",\"geo_fencing_address\":null,\"status\":\"1\",\"created_date\":\"2023-01-23 14:11:58\",\"updated_date\":null}', 'Pending', 0, '2023-01-28 12:30:13');
INSERT INTO `assign_orders` (`id`, `order_id`, `transporter_id`, `station_id`, `pickup_data`, `station_data`, `assign_status`, `status`, `assign_datetime`) VALUES ('766', '913', '0', '125', '{\"address\":\"Qwp2+3xr,00300,Nairobi City,Nairobi Country,Kenya\",\"contact_no\":\"9876543210\",\"latitude\":\"-1.291020\",\"longitude\":\"36.821390\"}', '{\"station_id\":\"125\",\"owner_id\":\"68\",\"station_name\":\"chaitu station\",\"contact_person\":\"chaitu\",\"contact_number\":\"9632580747\",\"alternate_number\":\"\",\"country\":\"India\",\"state\":\"Andhra Pradesh\",\"city\":\"Visakhapatnam\",\"pincode\":\"530016\",\"landmark\":\"\",\"address\":\"5th Lane,Dwarka 5th Line,\",\"latitude\":\"17.7284948\",\"longitude\":\"83.3055442\",\"geo_fencing_address\":null,\"status\":\"1\",\"created_date\":\"2023-01-23 14:11:58\",\"updated_date\":null}', 'Pending', 0, '2023-01-28 13:00:18');
INSERT INTO `assign_orders` (`id`, `order_id`, `transporter_id`, `station_id`, `pickup_data`, `station_data`, `assign_status`, `status`, `assign_datetime`) VALUES ('767', '914', '0', '125', '{\"address\":\"Qwp2+3xr,00300,Nairobi City,Nairobi Country,Kenya\",\"contact_no\":\"9876543210\",\"latitude\":\"-1.291020\",\"longitude\":\"36.821390\"}', '{\"station_id\":\"125\",\"owner_id\":\"68\",\"station_name\":\"chaitu station\",\"contact_person\":\"chaitu\",\"contact_number\":\"9632580747\",\"alternate_number\":\"\",\"country\":\"India\",\"state\":\"Andhra Pradesh\",\"city\":\"Visakhapatnam\",\"pincode\":\"530016\",\"landmark\":\"\",\"address\":\"5th Lane,Dwarka 5th Line,\",\"latitude\":\"17.7284948\",\"longitude\":\"83.3055442\",\"geo_fencing_address\":null,\"status\":\"1\",\"created_date\":\"2023-01-23 14:11:58\",\"updated_date\":null}', 'Pending', 0, '2023-01-28 13:04:27');
INSERT INTO `assign_orders` (`id`, `order_id`, `transporter_id`, `station_id`, `pickup_data`, `station_data`, `assign_status`, `status`, `assign_datetime`) VALUES ('768', '915', '0', '125', '{\"address\":\"Qwp2+3xr,00300,Nairobi City,Nairobi Country,Kenya\",\"contact_no\":\"9876543210\",\"latitude\":\"-1.291020\",\"longitude\":\"36.821390\"}', '{\"station_id\":\"125\",\"owner_id\":\"68\",\"station_name\":\"chaitu station\",\"contact_person\":\"chaitu\",\"contact_number\":\"9632580747\",\"alternate_number\":\"\",\"country\":\"India\",\"state\":\"Andhra Pradesh\",\"city\":\"Visakhapatnam\",\"pincode\":\"530016\",\"landmark\":\"\",\"address\":\"5th Lane,Dwarka 5th Line,\",\"latitude\":\"17.7284948\",\"longitude\":\"83.3055442\",\"geo_fencing_address\":null,\"status\":\"1\",\"created_date\":\"2023-01-23 14:11:58\",\"updated_date\":null}', 'Pending', 0, '2023-01-28 13:04:56');
INSERT INTO `assign_orders` (`id`, `order_id`, `transporter_id`, `station_id`, `pickup_data`, `station_data`, `assign_status`, `status`, `assign_datetime`) VALUES ('769', '909', '0', '125', '{\"address\":\"Qwp2+3xr,00300,Nairobi City,Nairobi Country,Kenya\",\"contact_no\":\"9876543210\",\"latitude\":\"-1.291020\",\"longitude\":\"36.821390\"}', '{\"station_id\":\"125\",\"owner_id\":\"68\",\"station_name\":\"chaitu station\",\"contact_person\":\"chaitu\",\"contact_number\":\"9632580747\",\"alternate_number\":\"\",\"country\":\"India\",\"state\":\"Andhra Pradesh\",\"city\":\"Visakhapatnam\",\"pincode\":\"530016\",\"landmark\":\"\",\"address\":\"5th Lane,Dwarka 5th Line,\",\"latitude\":\"17.7284948\",\"longitude\":\"83.3055442\",\"geo_fencing_address\":null,\"status\":\"1\",\"created_date\":\"2023-01-23 14:11:58\",\"updated_date\":null}', 'Pending', 0, '2023-01-28 13:29:14');
INSERT INTO `assign_orders` (`id`, `order_id`, `transporter_id`, `station_id`, `pickup_data`, `station_data`, `assign_status`, `status`, `assign_datetime`) VALUES ('770', '916', '133', '133', '{\"address\":\"Qwp2+3xr,00300,Nairobi City,Nairobi Country,Kenya\",\"contact_no\":\"9876543210\",\"latitude\":\"-1.291020\",\"longitude\":\"36.821390\"}', '{\"station_id\":\"133\",\"owner_id\":\"162\",\"station_name\":\"Indian petrol station\",\"contact_person\":\"venky\",\"contact_number\":\"8143601989\",\"alternate_number\":\"8143601989\",\"country\":\"India\",\"state\":\"Andhra Pradesh\",\"city\":\"Visakhapatnam\",\"pincode\":\"530016\",\"landmark\":\"\",\"address\":\"Bharath Towers,501,\",\"latitude\":\"17.7284981\",\"longitude\":\"83.3055466\",\"geo_fencing_address\":null,\"status\":\"1\",\"created_date\":\"2023-01-25 14:22:47\",\"updated_date\":null}', 'Accept', 0, '2023-01-30 10:22:25');
INSERT INTO `assign_orders` (`id`, `order_id`, `transporter_id`, `station_id`, `pickup_data`, `station_data`, `assign_status`, `status`, `assign_datetime`) VALUES ('771', '917', '133', '133', '{\"address\":\"Qwp2+3xr,00300,Nairobi City,Nairobi Country,Kenya\",\"contact_no\":\"9876543210\",\"latitude\":\"-1.291020\",\"longitude\":\"36.821390\"}', '{\"station_id\":\"133\",\"owner_id\":\"162\",\"station_name\":\"Indian petrol station\",\"contact_person\":\"venky\",\"contact_number\":\"8143601989\",\"alternate_number\":\"8143601989\",\"country\":\"India\",\"state\":\"Andhra Pradesh\",\"city\":\"Visakhapatnam\",\"pincode\":\"530016\",\"landmark\":\"\",\"address\":\"Bharath Towers,501,\",\"latitude\":\"17.7284981\",\"longitude\":\"83.3055466\",\"geo_fencing_address\":null,\"status\":\"1\",\"created_date\":\"2023-01-25 14:22:47\",\"updated_date\":null}', 'Accept', 0, '2023-01-30 10:28:12');
INSERT INTO `assign_orders` (`id`, `order_id`, `transporter_id`, `station_id`, `pickup_data`, `station_data`, `assign_status`, `status`, `assign_datetime`) VALUES ('772', '918', '133', '133', '{\"address\":\"Qwp2+3xr,00300,Nairobi City,Nairobi Country,Kenya\",\"contact_no\":\"9876543210\",\"latitude\":\"-1.291020\",\"longitude\":\"36.821390\"}', '{\"station_id\":\"133\",\"owner_id\":\"162\",\"station_name\":\"Indian petrol station\",\"contact_person\":\"venky\",\"contact_number\":\"8143601989\",\"alternate_number\":\"8143601989\",\"country\":\"India\",\"state\":\"Andhra Pradesh\",\"city\":\"Visakhapatnam\",\"pincode\":\"530016\",\"landmark\":\"\",\"address\":\"Bharath Towers,501,\",\"latitude\":\"17.7284981\",\"longitude\":\"83.3055466\",\"geo_fencing_address\":null,\"status\":\"1\",\"created_date\":\"2023-01-25 14:22:47\",\"updated_date\":null}', 'Accept', 0, '2023-01-30 10:28:54');
INSERT INTO `assign_orders` (`id`, `order_id`, `transporter_id`, `station_id`, `pickup_data`, `station_data`, `assign_status`, `status`, `assign_datetime`) VALUES ('773', '919', '133', '133', '{\"address\":\"Qwp2+3xr,00300,Nairobi City,Nairobi Country,Kenya\",\"contact_no\":\"9876543210\",\"latitude\":\"-1.291020\",\"longitude\":\"36.821390\"}', '{\"station_id\":\"133\",\"owner_id\":\"162\",\"station_name\":\"Indian petrol station\",\"contact_person\":\"venky\",\"contact_number\":\"8143601989\",\"alternate_number\":\"8143601989\",\"country\":\"India\",\"state\":\"Andhra Pradesh\",\"city\":\"Visakhapatnam\",\"pincode\":\"530016\",\"landmark\":\"\",\"address\":\"Bharath Towers,501,\",\"latitude\":\"17.7284981\",\"longitude\":\"83.3055466\",\"geo_fencing_address\":null,\"status\":\"1\",\"created_date\":\"2023-01-25 14:22:47\",\"updated_date\":null}', 'Accept', 0, '2023-01-30 10:41:11');
INSERT INTO `assign_orders` (`id`, `order_id`, `transporter_id`, `station_id`, `pickup_data`, `station_data`, `assign_status`, `status`, `assign_datetime`) VALUES ('774', '920', '0', '133', '{\"address\":\"Qwp2+3xr,00300,Nairobi City,Nairobi Country,Kenya\",\"contact_no\":\"9876543210\",\"latitude\":\"-1.291020\",\"longitude\":\"36.821390\"}', '{\"station_id\":\"133\",\"owner_id\":\"162\",\"station_name\":\"Indian petrol station\",\"contact_person\":\"venky\",\"contact_number\":\"8143601989\",\"alternate_number\":\"8143601989\",\"country\":\"India\",\"state\":\"Andhra Pradesh\",\"city\":\"Visakhapatnam\",\"pincode\":\"530016\",\"landmark\":\"\",\"address\":\"Bharath Towers,501,\",\"latitude\":\"17.7284981\",\"longitude\":\"83.3055466\",\"geo_fencing_address\":null,\"status\":\"1\",\"created_date\":\"2023-01-25 14:22:47\",\"updated_date\":null}', 'Reject', 0, '2023-01-30 11:02:56');
INSERT INTO `assign_orders` (`id`, `order_id`, `transporter_id`, `station_id`, `pickup_data`, `station_data`, `assign_status`, `status`, `assign_datetime`) VALUES ('775', '921', '0', '133', '{\"address\":\"Qwp2+3xr,00300,Nairobi City,Nairobi Country,Kenya\",\"contact_no\":\"9876543210\",\"latitude\":\"-1.291020\",\"longitude\":\"36.821390\"}', '{\"station_id\":\"133\",\"owner_id\":\"162\",\"station_name\":\"Indian petrol station\",\"contact_person\":\"venky\",\"contact_number\":\"8143601989\",\"alternate_number\":\"8143601989\",\"country\":\"India\",\"state\":\"Andhra Pradesh\",\"city\":\"Visakhapatnam\",\"pincode\":\"530016\",\"landmark\":\"\",\"address\":\"Bharath Towers,501,\",\"latitude\":\"17.7284981\",\"longitude\":\"83.3055466\",\"geo_fencing_address\":null,\"status\":\"1\",\"created_date\":\"2023-01-25 14:22:47\",\"updated_date\":null}', 'Pending', 0, '2023-01-30 11:13:27');
INSERT INTO `assign_orders` (`id`, `order_id`, `transporter_id`, `station_id`, `pickup_data`, `station_data`, `assign_status`, `status`, `assign_datetime`) VALUES ('776', '922', '0', '133', '{\"address\":\"Qwp2+3xr,00300,Nairobi City,Nairobi Country,Kenya\",\"contact_no\":\"9876543210\",\"latitude\":\"-1.291020\",\"longitude\":\"36.821390\"}', '{\"station_id\":\"133\",\"owner_id\":\"162\",\"station_name\":\"Indian petrol station\",\"contact_person\":\"venky\",\"contact_number\":\"8143601989\",\"alternate_number\":\"8143601989\",\"country\":\"India\",\"state\":\"Andhra Pradesh\",\"city\":\"Visakhapatnam\",\"pincode\":\"530016\",\"landmark\":\"\",\"address\":\"Bharath Towers,501,\",\"latitude\":\"17.7284981\",\"longitude\":\"83.3055466\",\"geo_fencing_address\":null,\"status\":\"1\",\"created_date\":\"2023-01-25 14:22:47\",\"updated_date\":null}', 'Pending', 0, '2023-01-30 11:19:48');
INSERT INTO `assign_orders` (`id`, `order_id`, `transporter_id`, `station_id`, `pickup_data`, `station_data`, `assign_status`, `status`, `assign_datetime`) VALUES ('777', '923', '0', '133', '{\"address\":\"Qwp2+3xr,00300,Nairobi City,Nairobi Country,Kenya\",\"contact_no\":\"9876543210\",\"latitude\":\"-1.291020\",\"longitude\":\"36.821390\"}', '{\"station_id\":\"133\",\"owner_id\":\"162\",\"station_name\":\"Indian petrol station\",\"contact_person\":\"venky\",\"contact_number\":\"8143601989\",\"alternate_number\":\"8143601989\",\"country\":\"India\",\"state\":\"Andhra Pradesh\",\"city\":\"Visakhapatnam\",\"pincode\":\"530016\",\"landmark\":\"\",\"address\":\"Bharath Towers,501,\",\"latitude\":\"17.7284981\",\"longitude\":\"83.3055466\",\"geo_fencing_address\":null,\"status\":\"1\",\"created_date\":\"2023-01-25 14:22:47\",\"updated_date\":null}', 'Pending', 0, '2023-01-30 11:24:29');
INSERT INTO `assign_orders` (`id`, `order_id`, `transporter_id`, `station_id`, `pickup_data`, `station_data`, `assign_status`, `status`, `assign_datetime`) VALUES ('778', '924', '0', '133', '{\"address\":\"Qwp2+3xr,00300,Nairobi City,Nairobi Country,Kenya\",\"contact_no\":\"9876543210\",\"latitude\":\"-1.291020\",\"longitude\":\"36.821390\"}', '{\"station_id\":\"133\",\"owner_id\":\"162\",\"station_name\":\"Indian petrol station\",\"contact_person\":\"venky\",\"contact_number\":\"8143601989\",\"alternate_number\":\"8143601989\",\"country\":\"India\",\"state\":\"Andhra Pradesh\",\"city\":\"Visakhapatnam\",\"pincode\":\"530016\",\"landmark\":\"\",\"address\":\"Bharath Towers,501,\",\"latitude\":\"17.7284981\",\"longitude\":\"83.3055466\",\"geo_fencing_address\":null,\"status\":\"1\",\"created_date\":\"2023-01-25 14:22:47\",\"updated_date\":null}', 'Reject', 0, '2023-01-30 11:28:12');
INSERT INTO `assign_orders` (`id`, `order_id`, `transporter_id`, `station_id`, `pickup_data`, `station_data`, `assign_status`, `status`, `assign_datetime`) VALUES ('779', '925', '0', '133', '{\"address\":\"Qwp2+3xr,00300,Nairobi City,Nairobi Country,Kenya\",\"contact_no\":\"9876543210\",\"latitude\":\"-1.291020\",\"longitude\":\"36.821390\"}', '{\"station_id\":\"133\",\"owner_id\":\"162\",\"station_name\":\"Indian petrol station\",\"contact_person\":\"venky\",\"contact_number\":\"8143601989\",\"alternate_number\":\"8143601989\",\"country\":\"India\",\"state\":\"Andhra Pradesh\",\"city\":\"Visakhapatnam\",\"pincode\":\"530016\",\"landmark\":\"\",\"address\":\"Bharath Towers,501,\",\"latitude\":\"17.7284981\",\"longitude\":\"83.3055466\",\"geo_fencing_address\":null,\"status\":\"1\",\"created_date\":\"2023-01-25 14:22:47\",\"updated_date\":null}', 'Reject', 0, '2023-01-30 11:32:44');
INSERT INTO `assign_orders` (`id`, `order_id`, `transporter_id`, `station_id`, `pickup_data`, `station_data`, `assign_status`, `status`, `assign_datetime`) VALUES ('780', '926', '19', '133', '{\"address\":\"Qwp2+3xr,00300,Nairobi City,Nairobi Country,Kenya\",\"contact_no\":\"9876543210\",\"latitude\":\"-1.291020\",\"longitude\":\"36.821390\"}', '{\"station_id\":\"133\",\"owner_id\":\"162\",\"station_name\":\"Indian petrol station\",\"contact_person\":\"venky\",\"contact_number\":\"8143601989\",\"alternate_number\":\"8143601989\",\"country\":\"India\",\"state\":\"Andhra Pradesh\",\"city\":\"Visakhapatnam\",\"pincode\":\"530016\",\"landmark\":\"\",\"address\":\"Bharath Towers,501,\",\"latitude\":\"17.7284981\",\"longitude\":\"83.3055466\",\"geo_fencing_address\":null,\"status\":\"1\",\"created_date\":\"2023-01-25 14:22:47\",\"updated_date\":null}', 'Delivered', 0, '2023-01-30 11:40:29');
INSERT INTO `assign_orders` (`id`, `order_id`, `transporter_id`, `station_id`, `pickup_data`, `station_data`, `assign_status`, `status`, `assign_datetime`) VALUES ('781', '928', '133', '133', '{\"address\":\"Qwp2+3xr,00300,Nairobi City,Nairobi Country,Kenya\",\"contact_no\":\"9876543210\",\"latitude\":\"-1.291020\",\"longitude\":\"36.821390\"}', '{\"station_id\":\"133\",\"owner_id\":\"162\",\"station_name\":\"Indian petrol station\",\"contact_person\":\"venky\",\"contact_number\":\"8143601989\",\"alternate_number\":\"8143601989\",\"country\":\"India\",\"state\":\"Andhra Pradesh\",\"city\":\"Visakhapatnam\",\"pincode\":\"530016\",\"landmark\":\"\",\"address\":\"Bharath Towers,501,\",\"latitude\":\"17.7284981\",\"longitude\":\"83.3055466\",\"geo_fencing_address\":null,\"status\":\"1\",\"created_date\":\"2023-01-25 14:22:47\",\"updated_date\":null}', 'Delivered', 0, '2023-01-30 11:54:40');
INSERT INTO `assign_orders` (`id`, `order_id`, `transporter_id`, `station_id`, `pickup_data`, `station_data`, `assign_status`, `status`, `assign_datetime`) VALUES ('782', '929', '19', '125', '{\"address\":\"Qwp2+3xr,00300,Nairobi City,Nairobi Country,Kenya\",\"contact_no\":\"9876543210\",\"latitude\":\"-1.291020\",\"longitude\":\"36.821390\"}', '{\"station_id\":\"125\",\"owner_id\":\"68\",\"station_name\":\"chaitu station\",\"contact_person\":\"chaitu\",\"contact_number\":\"9632580747\",\"alternate_number\":\"\",\"country\":\"India\",\"state\":\"Andhra Pradesh\",\"city\":\"Visakhapatnam\",\"pincode\":\"530016\",\"landmark\":\"\",\"address\":\"5th Lane,Dwarka 5th Line,\",\"latitude\":\"17.7284948\",\"longitude\":\"83.3055442\",\"geo_fencing_address\":null,\"status\":\"1\",\"created_date\":\"2023-01-23 14:11:58\",\"updated_date\":null}', 'Accept', 0, '2023-01-30 11:55:42');
INSERT INTO `assign_orders` (`id`, `order_id`, `transporter_id`, `station_id`, `pickup_data`, `station_data`, `assign_status`, `status`, `assign_datetime`) VALUES ('783', '930', '19', '133', '{\"address\":\"Qwp2+3xr,00300,Nairobi City,Nairobi Country,Kenya\",\"contact_no\":\"9876543210\",\"latitude\":\"-1.291020\",\"longitude\":\"36.821390\"}', '{\"station_id\":\"133\",\"owner_id\":\"162\",\"station_name\":\"Indian petrol station\",\"contact_person\":\"venky\",\"contact_number\":\"8143601989\",\"alternate_number\":\"8143601989\",\"country\":\"India\",\"state\":\"Andhra Pradesh\",\"city\":\"Visakhapatnam\",\"pincode\":\"530016\",\"landmark\":\"\",\"address\":\"Bharath Towers,501,\",\"latitude\":\"17.7284981\",\"longitude\":\"83.3055466\",\"geo_fencing_address\":null,\"status\":\"1\",\"created_date\":\"2023-01-25 14:22:47\",\"updated_date\":null}', 'Accept', 0, '2023-01-30 11:57:55');
INSERT INTO `assign_orders` (`id`, `order_id`, `transporter_id`, `station_id`, `pickup_data`, `station_data`, `assign_status`, `status`, `assign_datetime`) VALUES ('784', '931', '133', '133', '{\"address\":\"Qwp2+3xr,00300,Nairobi City,Nairobi Country,Kenya\",\"contact_no\":\"9876543210\",\"latitude\":\"-1.291020\",\"longitude\":\"36.821390\"}', '{\"station_id\":\"133\",\"owner_id\":\"162\",\"station_name\":\"Indian petrol station\",\"contact_person\":\"venky\",\"contact_number\":\"8143601989\",\"alternate_number\":\"8143601989\",\"country\":\"India\",\"state\":\"Andhra Pradesh\",\"city\":\"Visakhapatnam\",\"pincode\":\"530016\",\"landmark\":\"\",\"address\":\"Bharath Towers,501,\",\"latitude\":\"17.7284981\",\"longitude\":\"83.3055466\",\"geo_fencing_address\":null,\"status\":\"1\",\"created_date\":\"2023-01-25 14:22:47\",\"updated_date\":null}', 'Delivered', 0, '2023-01-30 12:03:27');
INSERT INTO `assign_orders` (`id`, `order_id`, `transporter_id`, `station_id`, `pickup_data`, `station_data`, `assign_status`, `status`, `assign_datetime`) VALUES ('785', '932', '133', '133', '{\"address\":\"Qwp2+3xr,00300,Nairobi City,Nairobi Country,Kenya\",\"contact_no\":\"9876543210\",\"latitude\":\"-1.291020\",\"longitude\":\"36.821390\"}', '{\"station_id\":\"133\",\"owner_id\":\"162\",\"station_name\":\"Indian petrol station\",\"contact_person\":\"venky\",\"contact_number\":\"8143601989\",\"alternate_number\":\"8143601989\",\"country\":\"India\",\"state\":\"Andhra Pradesh\",\"city\":\"Visakhapatnam\",\"pincode\":\"530016\",\"landmark\":\"\",\"address\":\"Bharath Towers,501,\",\"latitude\":\"17.7284981\",\"longitude\":\"83.3055466\",\"geo_fencing_address\":null,\"status\":\"1\",\"created_date\":\"2023-01-25 14:22:47\",\"updated_date\":null}', 'Delivered', 0, '2023-01-30 12:09:25');
INSERT INTO `assign_orders` (`id`, `order_id`, `transporter_id`, `station_id`, `pickup_data`, `station_data`, `assign_status`, `status`, `assign_datetime`) VALUES ('786', '933', '0', '133', '{\"address\":\"Qwp2+3xr,00300,Nairobi City,Nairobi Country,Kenya\",\"contact_no\":\"9876543210\",\"latitude\":\"-1.291020\",\"longitude\":\"36.821390\"}', '{\"station_id\":\"133\",\"owner_id\":\"162\",\"station_name\":\"Indian petrol station\",\"contact_person\":\"venky\",\"contact_number\":\"8143601989\",\"alternate_number\":\"8143601989\",\"country\":\"India\",\"state\":\"Andhra Pradesh\",\"city\":\"Visakhapatnam\",\"pincode\":\"530016\",\"landmark\":\"\",\"address\":\"Bharath Towers,501,\",\"latitude\":\"17.7284981\",\"longitude\":\"83.3055466\",\"geo_fencing_address\":null,\"status\":\"1\",\"created_date\":\"2023-01-25 14:22:47\",\"updated_date\":null}', 'Pending', 0, '2023-01-30 12:19:28');
INSERT INTO `assign_orders` (`id`, `order_id`, `transporter_id`, `station_id`, `pickup_data`, `station_data`, `assign_status`, `status`, `assign_datetime`) VALUES ('787', '937', '0', '2', '{\"address\":\"Qwp2+3xr,00300,Nairobi City,Nairobi Country,Kenya\",\"contact_no\":\"9876543210\",\"latitude\":\"-1.291020\",\"longitude\":\"36.821390\"}', '{\"station_id\":\"2\",\"owner_id\":\"3\",\"station_name\":\"Surat Petrol Pump\",\"contact_person\":\"Dinesh\",\"contact_number\":\"1234567890\",\"alternate_number\":\"1234567891\",\"country\":\"India\",\"state\":\"Gujarat\",\"city\":\"Surat\",\"pincode\":\"394210\",\"landmark\":\"Surat\",\"address\":\"Surat Station Road\",\"latitude\":\"17.7285\",\"longitude\":\"83.3055344\",\"geo_fencing_address\":null,\"status\":\"1\",\"created_date\":\"2022-10-19 22:20:32\",\"updated_date\":\"2022-11-02 14:36:35\"}', 'Pending', 0, '2023-01-30 12:30:46');
INSERT INTO `assign_orders` (`id`, `order_id`, `transporter_id`, `station_id`, `pickup_data`, `station_data`, `assign_status`, `status`, `assign_datetime`) VALUES ('788', '938', '133', '133', '{\"address\":\"Qwp2+3xr,00300,Nairobi City,Nairobi Country,Kenya\",\"contact_no\":\"9876543210\",\"latitude\":\"-1.291020\",\"longitude\":\"36.821390\"}', '{\"station_id\":\"133\",\"owner_id\":\"162\",\"station_name\":\"Indian petrol station\",\"contact_person\":\"venky\",\"contact_number\":\"8143601989\",\"alternate_number\":\"8143601989\",\"country\":\"India\",\"state\":\"Andhra Pradesh\",\"city\":\"Visakhapatnam\",\"pincode\":\"530016\",\"landmark\":\"\",\"address\":\"Bharath Towers,501,\",\"latitude\":\"17.7284981\",\"longitude\":\"83.3055466\",\"geo_fencing_address\":null,\"status\":\"1\",\"created_date\":\"2023-01-25 14:22:47\",\"updated_date\":null}', 'Accept', 0, '2023-01-30 12:48:04');
INSERT INTO `assign_orders` (`id`, `order_id`, `transporter_id`, `station_id`, `pickup_data`, `station_data`, `assign_status`, `status`, `assign_datetime`) VALUES ('789', '939', '133', '133', '{\"address\":\"Qwp2+3xr,00300,Nairobi City,Nairobi Country,Kenya\",\"contact_no\":\"9876543210\",\"latitude\":\"-1.291020\",\"longitude\":\"36.821390\"}', '{\"station_id\":\"133\",\"owner_id\":\"162\",\"station_name\":\"Indian petrol station\",\"contact_person\":\"venky\",\"contact_number\":\"8143601989\",\"alternate_number\":\"8143601989\",\"country\":\"India\",\"state\":\"Andhra Pradesh\",\"city\":\"Visakhapatnam\",\"pincode\":\"530016\",\"landmark\":\"\",\"address\":\"Bharath Towers,501,\",\"latitude\":\"17.7284981\",\"longitude\":\"83.3055466\",\"geo_fencing_address\":null,\"status\":\"1\",\"created_date\":\"2023-01-25 14:22:47\",\"updated_date\":null}', 'Accept', 0, '2023-01-30 18:09:17');
INSERT INTO `assign_orders` (`id`, `order_id`, `transporter_id`, `station_id`, `pickup_data`, `station_data`, `assign_status`, `status`, `assign_datetime`) VALUES ('790', '940', '133', '133', '{\"address\":\"Qwp2+3xr,00300,Nairobi City,Nairobi Country,Kenya\",\"contact_no\":\"9876543210\",\"latitude\":\"-1.291020\",\"longitude\":\"36.821390\"}', '{\"station_id\":\"133\",\"owner_id\":\"162\",\"station_name\":\"Indian petrol station\",\"contact_person\":\"venky\",\"contact_number\":\"8143601989\",\"alternate_number\":\"8143601989\",\"country\":\"India\",\"state\":\"Andhra Pradesh\",\"city\":\"Visakhapatnam\",\"pincode\":\"530016\",\"landmark\":\"\",\"address\":\"Bharath Towers,501,\",\"latitude\":\"17.7284981\",\"longitude\":\"83.3055466\",\"geo_fencing_address\":null,\"status\":\"1\",\"created_date\":\"2023-01-25 14:22:47\",\"updated_date\":null}', 'Accept', 0, '2023-01-30 18:20:53');
INSERT INTO `assign_orders` (`id`, `order_id`, `transporter_id`, `station_id`, `pickup_data`, `station_data`, `assign_status`, `status`, `assign_datetime`) VALUES ('791', '941', '19', '125', '{\"address\":\"Qwp2+3xr,00300,Nairobi City,Nairobi Country,Kenya\",\"contact_no\":\"9876543210\",\"latitude\":\"-1.291020\",\"longitude\":\"36.821390\"}', '{\"station_id\":\"125\",\"owner_id\":\"68\",\"station_name\":\"chaitu station\",\"contact_person\":\"chaitu\",\"contact_number\":\"9632580747\",\"alternate_number\":\"\",\"country\":\"India\",\"state\":\"Andhra Pradesh\",\"city\":\"Visakhapatnam\",\"pincode\":\"530016\",\"landmark\":\"\",\"address\":\"5th Lane,Dwarka 5th Line,\",\"latitude\":\"17.7284948\",\"longitude\":\"83.3055442\",\"geo_fencing_address\":null,\"status\":\"1\",\"created_date\":\"2023-01-23 14:11:58\",\"updated_date\":null}', 'Delivered', 0, '2023-01-31 15:24:24');
INSERT INTO `assign_orders` (`id`, `order_id`, `transporter_id`, `station_id`, `pickup_data`, `station_data`, `assign_status`, `status`, `assign_datetime`) VALUES ('792', '942', '0', '125', '{\"address\":\"Qwp2+3xr,00300,Nairobi City,Nairobi Country,Kenya\",\"contact_no\":\"9876543210\",\"latitude\":\"-1.291020\",\"longitude\":\"36.821390\"}', '{\"station_id\":\"125\",\"owner_id\":\"68\",\"station_name\":\"chaitu station\",\"contact_person\":\"chaitu\",\"contact_number\":\"9632580747\",\"alternate_number\":\"\",\"country\":\"India\",\"state\":\"Andhra Pradesh\",\"city\":\"Visakhapatnam\",\"pincode\":\"530016\",\"landmark\":\"\",\"address\":\"5th Lane,Dwarka 5th Line,\",\"latitude\":\"17.7284948\",\"longitude\":\"83.3055442\",\"geo_fencing_address\":null,\"status\":\"1\",\"created_date\":\"2023-01-23 14:11:58\",\"updated_date\":null}', 'Pending', 0, '2023-01-31 15:40:25');
INSERT INTO `assign_orders` (`id`, `order_id`, `transporter_id`, `station_id`, `pickup_data`, `station_data`, `assign_status`, `status`, `assign_datetime`) VALUES ('793', '943', '0', '125', '{\"address\":\"Qwp2+3xr,00300,Nairobi City,Nairobi Country,Kenya\",\"contact_no\":\"9876543210\",\"latitude\":\"-1.291020\",\"longitude\":\"36.821390\"}', '{\"station_id\":\"125\",\"owner_id\":\"68\",\"station_name\":\"chaitu station\",\"contact_person\":\"chaitu\",\"contact_number\":\"9632580747\",\"alternate_number\":\"\",\"country\":\"India\",\"state\":\"Andhra Pradesh\",\"city\":\"Visakhapatnam\",\"pincode\":\"530016\",\"landmark\":\"\",\"address\":\"5th Lane,Dwarka 5th Line,\",\"latitude\":\"17.7284948\",\"longitude\":\"83.3055442\",\"geo_fencing_address\":null,\"status\":\"1\",\"created_date\":\"2023-01-23 14:11:58\",\"updated_date\":null}', 'Pending', 0, '2023-01-31 15:41:26');
INSERT INTO `assign_orders` (`id`, `order_id`, `transporter_id`, `station_id`, `pickup_data`, `station_data`, `assign_status`, `status`, `assign_datetime`) VALUES ('794', '944', '0', '133', '{\"address\":\"Qwp2+3xr,00300,Nairobi City,Nairobi Country,Kenya\",\"contact_no\":\"9876543210\",\"latitude\":\"-1.291020\",\"longitude\":\"36.821390\"}', '{\"station_id\":\"133\",\"owner_id\":\"162\",\"station_name\":\"Indian petrol station\",\"contact_person\":\"venky\",\"contact_number\":\"8143601989\",\"alternate_number\":\"8143601989\",\"country\":\"India\",\"state\":\"Andhra Pradesh\",\"city\":\"Visakhapatnam\",\"pincode\":\"530016\",\"landmark\":\"\",\"address\":\"Bharath Towers,501,\",\"latitude\":\"17.7284981\",\"longitude\":\"83.3055466\",\"geo_fencing_address\":null,\"status\":\"1\",\"created_date\":\"2023-01-25 14:22:47\",\"updated_date\":null}', 'Reject', 0, '2023-01-31 18:48:57');
INSERT INTO `assign_orders` (`id`, `order_id`, `transporter_id`, `station_id`, `pickup_data`, `station_data`, `assign_status`, `status`, `assign_datetime`) VALUES ('795', '945', '0', '133', '{\"address\":\"Qwp2+3xr,00300,Nairobi City,Nairobi Country,Kenya\",\"contact_no\":\"9876543210\",\"latitude\":\"-1.291020\",\"longitude\":\"36.821390\"}', '{\"station_id\":\"133\",\"owner_id\":\"162\",\"station_name\":\"Indian petrol station\",\"contact_person\":\"venky\",\"contact_number\":\"8143601989\",\"alternate_number\":\"8143601989\",\"country\":\"India\",\"state\":\"Andhra Pradesh\",\"city\":\"Visakhapatnam\",\"pincode\":\"530016\",\"landmark\":\"\",\"address\":\"Bharath Towers,501,\",\"latitude\":\"17.7284981\",\"longitude\":\"83.3055466\",\"geo_fencing_address\":null,\"status\":\"1\",\"created_date\":\"2023-01-25 14:22:47\",\"updated_date\":null}', 'Pending', 0, '2023-01-31 18:50:58');
INSERT INTO `assign_orders` (`id`, `order_id`, `transporter_id`, `station_id`, `pickup_data`, `station_data`, `assign_status`, `status`, `assign_datetime`) VALUES ('796', '956', '0', '88', '{\"address\":\"Qwp2+3xr,00300,Nairobi City,Nairobi Country,Kenya\",\"contact_no\":\"9876543210\",\"latitude\":\"-1.291020\",\"longitude\":\"36.821390\"}', '{\"station_id\":\"88\",\"owner_id\":\"107\",\"station_name\":\"swathi station\",\"contact_person\":\"swathi\",\"contact_number\":\"9632580741\",\"alternate_number\":\"\",\"country\":\"India\",\"state\":\"Andhra Pradesh\",\"city\":\"Visakhapatnam\",\"pincode\":\"530007\",\"landmark\":\"\",\"address\":\"P7Q7+FV2,P7Q7+FV2,\",\"latitude\":\"17.738316182698284\",\"longitude\":\"83.26447729021311\",\"geo_fencing_address\":null,\"status\":\"1\",\"created_date\":\"2022-12-05 14:18:45\",\"updated_date\":null}', 'Pending', 0, '2023-02-01 11:01:21');
INSERT INTO `assign_orders` (`id`, `order_id`, `transporter_id`, `station_id`, `pickup_data`, `station_data`, `assign_status`, `status`, `assign_datetime`) VALUES ('797', '974', '19', '125', '{\"address\":\"Qwp2+3xr,00300,Nairobi City,Nairobi Country,Kenya\",\"contact_no\":\"9876543210\",\"latitude\":\"-1.291020\",\"longitude\":\"36.821390\"}', '{\"station_id\":\"125\",\"owner_id\":\"68\",\"station_name\":\"chaitu station\",\"contact_person\":\"chaitu\",\"contact_number\":\"9632580747\",\"alternate_number\":\"\",\"country\":\"India\",\"state\":\"Andhra Pradesh\",\"city\":\"Visakhapatnam\",\"pincode\":\"530016\",\"landmark\":\"\",\"address\":\"5th Lane,Dwarka 5th Line,\",\"latitude\":\"17.7284948\",\"longitude\":\"83.3055442\",\"geo_fencing_address\":null,\"status\":\"1\",\"created_date\":\"2023-01-23 14:11:58\",\"updated_date\":null}', 'Accept', 0, '2023-02-01 15:18:23');
INSERT INTO `assign_orders` (`id`, `order_id`, `transporter_id`, `station_id`, `pickup_data`, `station_data`, `assign_status`, `status`, `assign_datetime`) VALUES ('798', '975', '19', '88', '{\"address\":\"Qwp2+3xr,00300,Nairobi City,Nairobi Country,Kenya\",\"contact_no\":\"9876543210\",\"latitude\":\"-1.291020\",\"longitude\":\"36.821390\"}', '{\"station_id\":\"88\",\"owner_id\":\"107\",\"station_name\":\"swathi station\",\"contact_person\":\"swathi\",\"contact_number\":\"9632580741\",\"alternate_number\":\"\",\"country\":\"India\",\"state\":\"Andhra Pradesh\",\"city\":\"Visakhapatnam\",\"pincode\":\"530007\",\"landmark\":\"\",\"address\":\"P7Q7+FV2,P7Q7+FV2,\",\"latitude\":\"17.738316182698284\",\"longitude\":\"83.26447729021311\",\"geo_fencing_address\":null,\"status\":\"1\",\"created_date\":\"2022-12-05 14:18:45\",\"updated_date\":null}', 'Accept', 0, '2023-02-01 15:38:53');
INSERT INTO `assign_orders` (`id`, `order_id`, `transporter_id`, `station_id`, `pickup_data`, `station_data`, `assign_status`, `status`, `assign_datetime`) VALUES ('799', '976', '19', '88', '{\"address\":\"Qwp2+3xr,00300,Nairobi City,Nairobi Country,Kenya\",\"contact_no\":\"9876543210\",\"latitude\":\"-1.291020\",\"longitude\":\"36.821390\"}', '{\"station_id\":\"88\",\"owner_id\":\"107\",\"station_name\":\"swathi station\",\"contact_person\":\"swathi\",\"contact_number\":\"9632580741\",\"alternate_number\":\"\",\"country\":\"India\",\"state\":\"Andhra Pradesh\",\"city\":\"Visakhapatnam\",\"pincode\":\"530007\",\"landmark\":\"\",\"address\":\"P7Q7+FV2,P7Q7+FV2,\",\"latitude\":\"17.738316182698284\",\"longitude\":\"83.26447729021311\",\"geo_fencing_address\":null,\"status\":\"1\",\"created_date\":\"2022-12-05 14:18:45\",\"updated_date\":null}', 'Accept', 0, '2023-02-01 15:40:39');
INSERT INTO `assign_orders` (`id`, `order_id`, `transporter_id`, `station_id`, `pickup_data`, `station_data`, `assign_status`, `status`, `assign_datetime`) VALUES ('800', '977', '0', '137', '{\"address\":\"Qwp2+3xr,00300,Nairobi City,Nairobi Country,Kenya\",\"contact_no\":\"9876543210\",\"latitude\":\"-1.291020\",\"longitude\":\"36.821390\"}', '{\"station_id\":\"137\",\"owner_id\":\"180\",\"station_name\":\"swaraj station\",\"contact_person\":\"sandy\",\"contact_number\":\"8058895875\",\"alternate_number\":\"\",\"country\":\"India\",\"state\":\"Andhra Pradesh\",\"city\":\"Visakhapatnam\",\"pincode\":\"\",\"landmark\":\"\",\"address\":\"Q842+VVQ,Q842+VVQ,\",\"latitude\":\"17.756398332622492\",\"longitude\":\"83.30003265291452\",\"geo_fencing_address\":null,\"status\":\"1\",\"created_date\":\"2023-02-01 17:04:57\",\"updated_date\":null}', 'Pending', 0, '2023-02-01 17:08:34');
INSERT INTO `assign_orders` (`id`, `order_id`, `transporter_id`, `station_id`, `pickup_data`, `station_data`, `assign_status`, `status`, `assign_datetime`) VALUES ('801', '980', '85', '137', '{\"address\":\"Qwp2+3xr,00300,Nairobi City,Nairobi Country,Kenya\",\"contact_no\":\"9876543210\",\"latitude\":\"-1.291020\",\"longitude\":\"36.821390\"}', '{\"station_id\":\"137\",\"owner_id\":\"180\",\"station_name\":\"swaraj station\",\"contact_person\":\"sandy\",\"contact_number\":\"8058895875\",\"alternate_number\":\"\",\"country\":\"India\",\"state\":\"Andhra Pradesh\",\"city\":\"Visakhapatnam\",\"pincode\":\"\",\"landmark\":\"\",\"address\":\"Q842+VVQ,Q842+VVQ,\",\"latitude\":\"17.756398332622492\",\"longitude\":\"83.30003265291452\",\"geo_fencing_address\":null,\"status\":\"1\",\"created_date\":\"2023-02-01 17:04:57\",\"updated_date\":null}', 'Delivered', 0, '2023-02-01 17:27:35');
INSERT INTO `assign_orders` (`id`, `order_id`, `transporter_id`, `station_id`, `pickup_data`, `station_data`, `assign_status`, `status`, `assign_datetime`) VALUES ('802', '981', '85', '125', '{\"address\":\"Qwp2+3xr,00300,Nairobi City,Nairobi Country,Kenya\",\"contact_no\":\"9876543210\",\"latitude\":\"-1.291020\",\"longitude\":\"36.821390\"}', '{\"station_id\":\"125\",\"owner_id\":\"68\",\"station_name\":\"chaitu station\",\"contact_person\":\"chaitu\",\"contact_number\":\"9632580747\",\"alternate_number\":\"\",\"country\":\"India\",\"state\":\"Andhra Pradesh\",\"city\":\"Visakhapatnam\",\"pincode\":\"530016\",\"landmark\":\"\",\"address\":\"5th Lane,Dwarka 5th Line,\",\"latitude\":\"17.7284948\",\"longitude\":\"83.3055442\",\"geo_fencing_address\":null,\"status\":\"1\",\"created_date\":\"2023-01-23 14:11:58\",\"updated_date\":null}', 'Delivered', 0, '2023-02-01 17:35:19');


#
# TABLE STRUCTURE FOR: boarding_sliders
#

DROP TABLE IF EXISTS `boarding_sliders`;

CREATE TABLE `boarding_sliders` (
  `slider_id` int(11) NOT NULL AUTO_INCREMENT,
  `title` varchar(100) COLLATE utf8mb4_unicode_ci NOT NULL,
  `description` text COLLATE utf8mb4_unicode_ci NOT NULL,
  `image` varchar(100) COLLATE utf8mb4_unicode_ci NOT NULL,
  `display_order` int(11) NOT NULL,
  `status` tinyint(1) NOT NULL DEFAULT '1',
  `created_date` datetime NOT NULL,
  `updated_date` datetime DEFAULT NULL,
  PRIMARY KEY (`slider_id`)
) ENGINE=InnoDB AUTO_INCREMENT=3 DEFAULT CHARSET=utf8mb4 COLLATE=utf8mb4_unicode_ci;

INSERT INTO `boarding_sliders` (`slider_id`, `title`, `description`, `image`, `display_order`, `status`, `created_date`, `updated_date`) VALUES (1, 'Slider 1', 'we are happily saying we are awesome', 'slider_4581666787122.png', 1, 1, '2022-10-18 20:28:49', '2023-01-12 16:29:30');
INSERT INTO `boarding_sliders` (`slider_id`, `title`, `description`, `image`, `display_order`, `status`, `created_date`, `updated_date`) VALUES (2, 'Slider2', 'We provide you good standard feul', 'slider_1771666787158.png', 2, 1, '2022-10-26 17:55:58', NULL);


#
# TABLE STRUCTURE FOR: cart_order_details
#

DROP TABLE IF EXISTS `cart_order_details`;

CREATE TABLE `cart_order_details` (
  `id` bigint(20) NOT NULL AUTO_INCREMENT,
  `cart_order_id` bigint(20) NOT NULL,
  `cart_user_id` bigint(20) NOT NULL,
  `category_id` int(11) NOT NULL,
  `name` varchar(100) COLLATE utf8mb4_unicode_ci NOT NULL,
  `type` varchar(100) COLLATE utf8mb4_unicode_ci NOT NULL,
  `image` varchar(100) COLLATE utf8mb4_unicode_ci DEFAULT NULL,
  `measurement` varchar(50) COLLATE utf8mb4_unicode_ci NOT NULL,
  `qty` int(11) NOT NULL,
  `price` decimal(11,2) NOT NULL,
  `currency` varchar(20) COLLATE utf8mb4_unicode_ci NOT NULL,
  `total_price` decimal(11,2) NOT NULL,
  `status` tinyint(1) NOT NULL,
  `cart_created` datetime NOT NULL,
  `cart_updated` datetime DEFAULT NULL,
  `assign_order_id` bigint(20) DEFAULT NULL,
  `assign_order_detail_id` bigint(20) DEFAULT NULL,
  `transporter_id` bigint(20) DEFAULT NULL,
  `otp_code` int(11) DEFAULT NULL,
  `receive_qty` int(11) DEFAULT NULL,
  `quality_of_product` varchar(50) COLLATE utf8mb4_unicode_ci DEFAULT NULL,
  `receive_status` tinyint(1) DEFAULT '0',
  `receive_datetime` datetime DEFAULT NULL,
  `delivered_datetime` datetime DEFAULT NULL,
  PRIMARY KEY (`id`)
) ENGINE=InnoDB AUTO_INCREMENT=1013 DEFAULT CHARSET=utf8mb4 COLLATE=utf8mb4_unicode_ci;

INSERT INTO `cart_order_details` (`id`, `cart_order_id`, `cart_user_id`, `category_id`, `name`, `type`, `image`, `measurement`, `qty`, `price`, `currency`, `total_price`, `status`, `cart_created`, `cart_updated`, `assign_order_id`, `assign_order_detail_id`, `transporter_id`, `otp_code`, `receive_qty`, `quality_of_product`, `receive_status`, `receive_datetime`, `delivered_datetime`) VALUES ('876', '865', '172', 2, 'Petrol', 'Pms', 'product_5051666941331.png', 'Litr', 120, '80.00', 'KES', '9600.00', 0, '2023-01-25 14:31:29', NULL, NULL, NULL, NULL, NULL, NULL, NULL, 0, NULL, NULL);
INSERT INTO `cart_order_details` (`id`, `cart_order_id`, `cart_user_id`, `category_id`, `name`, `type`, `image`, `measurement`, `qty`, `price`, `currency`, `total_price`, `status`, `cart_created`, `cart_updated`, `assign_order_id`, `assign_order_detail_id`, `transporter_id`, `otp_code`, `receive_qty`, `quality_of_product`, `receive_status`, `receive_datetime`, `delivered_datetime`) VALUES ('877', '866', '172', 2, 'Petrol', 'Pms', 'product_5051666941331.png', 'Litr', 125, '80.00', 'KES', '10000.00', 0, '2023-01-25 14:32:44', NULL, NULL, NULL, NULL, NULL, NULL, NULL, 0, NULL, NULL);
INSERT INTO `cart_order_details` (`id`, `cart_order_id`, `cart_user_id`, `category_id`, `name`, `type`, `image`, `measurement`, `qty`, `price`, `currency`, `total_price`, `status`, `cart_created`, `cart_updated`, `assign_order_id`, `assign_order_detail_id`, `transporter_id`, `otp_code`, `receive_qty`, `quality_of_product`, `receive_status`, `receive_datetime`, `delivered_datetime`) VALUES ('878', '867', '172', 2, 'Petrol', 'Pms', 'product_5051666941331.png', 'Litr', 125, '80.00', 'KES', '10000.00', 0, '2023-01-25 14:33:42', NULL, NULL, NULL, NULL, NULL, NULL, NULL, 0, NULL, NULL);
INSERT INTO `cart_order_details` (`id`, `cart_order_id`, `cart_user_id`, `category_id`, `name`, `type`, `image`, `measurement`, `qty`, `price`, `currency`, `total_price`, `status`, `cart_created`, `cart_updated`, `assign_order_id`, `assign_order_detail_id`, `transporter_id`, `otp_code`, `receive_qty`, `quality_of_product`, `receive_status`, `receive_datetime`, `delivered_datetime`) VALUES ('879', '868', '174', 2, 'Petrol', 'Pms', 'product_5051666941331.png', 'Litr', 125, '80.00', 'KES', '10000.00', 0, '2023-01-25 14:35:04', NULL, NULL, NULL, NULL, NULL, NULL, NULL, 0, NULL, NULL);
INSERT INTO `cart_order_details` (`id`, `cart_order_id`, `cart_user_id`, `category_id`, `name`, `type`, `image`, `measurement`, `qty`, `price`, `currency`, `total_price`, `status`, `cart_created`, `cart_updated`, `assign_order_id`, `assign_order_detail_id`, `transporter_id`, `otp_code`, `receive_qty`, `quality_of_product`, `receive_status`, `receive_datetime`, `delivered_datetime`) VALUES ('880', '869', '68', 2, 'Petrol', 'Pms', 'product_5051666941331.png', 'Litr', 150, '80.00', 'KES', '12000.00', 0, '2023-01-25 14:35:43', NULL, NULL, NULL, NULL, NULL, NULL, NULL, 0, NULL, NULL);
INSERT INTO `cart_order_details` (`id`, `cart_order_id`, `cart_user_id`, `category_id`, `name`, `type`, `image`, `measurement`, `qty`, `price`, `currency`, `total_price`, `status`, `cart_created`, `cart_updated`, `assign_order_id`, `assign_order_detail_id`, `transporter_id`, `otp_code`, `receive_qty`, `quality_of_product`, `receive_status`, `receive_datetime`, `delivered_datetime`) VALUES ('881', '870', '68', 2, 'Petrol', 'Pms', 'product_5051666941331.png', 'Litr', 150, '80.00', 'KES', '12000.00', 0, '2023-01-25 14:37:04', NULL, NULL, NULL, NULL, NULL, NULL, NULL, 0, NULL, NULL);
INSERT INTO `cart_order_details` (`id`, `cart_order_id`, `cart_user_id`, `category_id`, `name`, `type`, `image`, `measurement`, `qty`, `price`, `currency`, `total_price`, `status`, `cart_created`, `cart_updated`, `assign_order_id`, `assign_order_detail_id`, `transporter_id`, `otp_code`, `receive_qty`, `quality_of_product`, `receive_status`, `receive_datetime`, `delivered_datetime`) VALUES ('882', '871', '68', 2, 'Petrol', 'Pms', 'product_5051666941331.png', 'Litr', 150, '80.00', 'KES', '12000.00', 0, '2023-01-25 14:39:36', NULL, NULL, NULL, NULL, NULL, NULL, NULL, 0, NULL, NULL);
INSERT INTO `cart_order_details` (`id`, `cart_order_id`, `cart_user_id`, `category_id`, `name`, `type`, `image`, `measurement`, `qty`, `price`, `currency`, `total_price`, `status`, `cart_created`, `cart_updated`, `assign_order_id`, `assign_order_detail_id`, `transporter_id`, `otp_code`, `receive_qty`, `quality_of_product`, `receive_status`, `receive_datetime`, `delivered_datetime`) VALUES ('883', '872', '174', 2, 'Petrol', 'Pms', 'product_5051666941331.png', 'Litr', 125, '80.00', 'KES', '10000.00', 0, '2023-01-25 14:39:52', NULL, NULL, NULL, NULL, NULL, NULL, NULL, 0, NULL, NULL);
INSERT INTO `cart_order_details` (`id`, `cart_order_id`, `cart_user_id`, `category_id`, `name`, `type`, `image`, `measurement`, `qty`, `price`, `currency`, `total_price`, `status`, `cart_created`, `cart_updated`, `assign_order_id`, `assign_order_detail_id`, `transporter_id`, `otp_code`, `receive_qty`, `quality_of_product`, `receive_status`, `receive_datetime`, `delivered_datetime`) VALUES ('884', '873', '174', 2, 'Petrol', 'Pms', 'product_5051666941331.png', 'Litr', 125, '80.00', 'KES', '10000.00', 0, '2023-01-25 14:40:43', NULL, NULL, NULL, NULL, NULL, NULL, NULL, 0, NULL, NULL);
INSERT INTO `cart_order_details` (`id`, `cart_order_id`, `cart_user_id`, `category_id`, `name`, `type`, `image`, `measurement`, `qty`, `price`, `currency`, `total_price`, `status`, `cart_created`, `cart_updated`, `assign_order_id`, `assign_order_detail_id`, `transporter_id`, `otp_code`, `receive_qty`, `quality_of_product`, `receive_status`, `receive_datetime`, `delivered_datetime`) VALUES ('885', '874', '68', 3, 'Diesel', 'Ago', 'product_6011666941346.png', 'Litr', 254, '150.00', 'KES', '38100.00', 0, '2023-01-25 15:47:48', NULL, NULL, NULL, NULL, NULL, NULL, NULL, 0, NULL, NULL);
INSERT INTO `cart_order_details` (`id`, `cart_order_id`, `cart_user_id`, `category_id`, `name`, `type`, `image`, `measurement`, `qty`, `price`, `currency`, `total_price`, `status`, `cart_created`, `cart_updated`, `assign_order_id`, `assign_order_detail_id`, `transporter_id`, `otp_code`, `receive_qty`, `quality_of_product`, `receive_status`, `receive_datetime`, `delivered_datetime`) VALUES ('886', '875', '63', 3, 'Diesel', 'Ago', 'product_6011666941346.png', 'Litr', 241, '150.00', 'KES', '36150.00', 0, '2023-01-25 15:53:11', NULL, NULL, NULL, NULL, NULL, NULL, NULL, 0, NULL, NULL);
INSERT INTO `cart_order_details` (`id`, `cart_order_id`, `cart_user_id`, `category_id`, `name`, `type`, `image`, `measurement`, `qty`, `price`, `currency`, `total_price`, `status`, `cart_created`, `cart_updated`, `assign_order_id`, `assign_order_detail_id`, `transporter_id`, `otp_code`, `receive_qty`, `quality_of_product`, `receive_status`, `receive_datetime`, `delivered_datetime`) VALUES ('887', '876', '70', 2, 'Petrol', 'Pms', 'product_5051666941331.png', 'Litr', 1000, '80.00', 'KES', '80000.00', 0, '2023-01-25 16:14:56', NULL, NULL, NULL, NULL, NULL, NULL, NULL, 0, NULL, NULL);
INSERT INTO `cart_order_details` (`id`, `cart_order_id`, `cart_user_id`, `category_id`, `name`, `type`, `image`, `measurement`, `qty`, `price`, `currency`, `total_price`, `status`, `cart_created`, `cart_updated`, `assign_order_id`, `assign_order_detail_id`, `transporter_id`, `otp_code`, `receive_qty`, `quality_of_product`, `receive_status`, `receive_datetime`, `delivered_datetime`) VALUES ('888', '877', '70', 2, 'Petrol', 'Pms', 'product_5051666941331.png', 'Litr', 10000, '80.00', 'KES', '800000.00', 0, '2023-01-25 17:49:10', NULL, NULL, NULL, NULL, NULL, NULL, NULL, 0, NULL, NULL);
INSERT INTO `cart_order_details` (`id`, `cart_order_id`, `cart_user_id`, `category_id`, `name`, `type`, `image`, `measurement`, `qty`, `price`, `currency`, `total_price`, `status`, `cart_created`, `cart_updated`, `assign_order_id`, `assign_order_detail_id`, `transporter_id`, `otp_code`, `receive_qty`, `quality_of_product`, `receive_status`, `receive_datetime`, `delivered_datetime`) VALUES ('889', '878', '70', 2, 'Petrol', 'Pms', 'product_5051666941331.png', 'Litr', 10000, '80.00', 'KES', '800000.00', 0, '2023-01-25 17:49:10', NULL, NULL, NULL, NULL, NULL, NULL, NULL, 0, NULL, NULL);
INSERT INTO `cart_order_details` (`id`, `cart_order_id`, `cart_user_id`, `category_id`, `name`, `type`, `image`, `measurement`, `qty`, `price`, `currency`, `total_price`, `status`, `cart_created`, `cart_updated`, `assign_order_id`, `assign_order_detail_id`, `transporter_id`, `otp_code`, `receive_qty`, `quality_of_product`, `receive_status`, `receive_datetime`, `delivered_datetime`) VALUES ('890', '879', '70', 2, 'Petrol', 'Pms', 'product_5051666941331.png', 'Litr', 10000, '80.00', 'KES', '800000.00', 0, '2023-01-25 17:49:10', '2023-01-25 17:52:36', NULL, NULL, NULL, NULL, NULL, NULL, 0, NULL, NULL);
INSERT INTO `cart_order_details` (`id`, `cart_order_id`, `cart_user_id`, `category_id`, `name`, `type`, `image`, `measurement`, `qty`, `price`, `currency`, `total_price`, `status`, `cart_created`, `cart_updated`, `assign_order_id`, `assign_order_detail_id`, `transporter_id`, `otp_code`, `receive_qty`, `quality_of_product`, `receive_status`, `receive_datetime`, `delivered_datetime`) VALUES ('891', '880', '70', 2, 'Petrol', 'Pms', 'product_5051666941331.png', 'Litr', 10000, '80.00', 'KES', '800000.00', 0, '2023-01-25 17:49:10', '2023-01-25 17:52:36', NULL, NULL, NULL, NULL, NULL, NULL, 0, NULL, NULL);
INSERT INTO `cart_order_details` (`id`, `cart_order_id`, `cart_user_id`, `category_id`, `name`, `type`, `image`, `measurement`, `qty`, `price`, `currency`, `total_price`, `status`, `cart_created`, `cart_updated`, `assign_order_id`, `assign_order_detail_id`, `transporter_id`, `otp_code`, `receive_qty`, `quality_of_product`, `receive_status`, `receive_datetime`, `delivered_datetime`) VALUES ('892', '881', '70', 2, 'Petrol', 'Pms', 'product_5051666941331.png', 'Litr', 1000, '80.00', 'KES', '80000.00', 0, '2023-01-25 17:49:10', '2023-01-25 17:54:03', NULL, NULL, NULL, NULL, NULL, NULL, 0, NULL, NULL);
INSERT INTO `cart_order_details` (`id`, `cart_order_id`, `cart_user_id`, `category_id`, `name`, `type`, `image`, `measurement`, `qty`, `price`, `currency`, `total_price`, `status`, `cart_created`, `cart_updated`, `assign_order_id`, `assign_order_detail_id`, `transporter_id`, `otp_code`, `receive_qty`, `quality_of_product`, `receive_status`, `receive_datetime`, `delivered_datetime`) VALUES ('893', '882', '70', 2, 'Petrol', 'Pms', 'product_5051666941331.png', 'Litr', 1000, '80.00', 'KES', '80000.00', 0, '2023-01-25 17:49:10', '2023-01-25 17:54:03', NULL, NULL, NULL, NULL, NULL, NULL, 0, NULL, NULL);
INSERT INTO `cart_order_details` (`id`, `cart_order_id`, `cart_user_id`, `category_id`, `name`, `type`, `image`, `measurement`, `qty`, `price`, `currency`, `total_price`, `status`, `cart_created`, `cart_updated`, `assign_order_id`, `assign_order_detail_id`, `transporter_id`, `otp_code`, `receive_qty`, `quality_of_product`, `receive_status`, `receive_datetime`, `delivered_datetime`) VALUES ('894', '883', '70', 5, 'Kerosene', 'JET', 'product_4351669204816.jfif', 'Litr', 2000, '150.00', 'KES', '300000.00', 0, '2023-01-25 18:19:16', NULL, NULL, NULL, NULL, NULL, NULL, NULL, 0, NULL, NULL);
INSERT INTO `cart_order_details` (`id`, `cart_order_id`, `cart_user_id`, `category_id`, `name`, `type`, `image`, `measurement`, `qty`, `price`, `currency`, `total_price`, `status`, `cart_created`, `cart_updated`, `assign_order_id`, `assign_order_detail_id`, `transporter_id`, `otp_code`, `receive_qty`, `quality_of_product`, `receive_status`, `receive_datetime`, `delivered_datetime`) VALUES ('895', '884', '70', 5, 'Kerosene', 'JET', 'product_4351669204816.jfif', 'Litr', 2000, '150.00', 'KES', '300000.00', 0, '2023-01-25 18:19:16', NULL, NULL, NULL, NULL, NULL, NULL, NULL, 0, NULL, NULL);
INSERT INTO `cart_order_details` (`id`, `cart_order_id`, `cart_user_id`, `category_id`, `name`, `type`, `image`, `measurement`, `qty`, `price`, `currency`, `total_price`, `status`, `cart_created`, `cart_updated`, `assign_order_id`, `assign_order_detail_id`, `transporter_id`, `otp_code`, `receive_qty`, `quality_of_product`, `receive_status`, `receive_datetime`, `delivered_datetime`) VALUES ('896', '885', '70', 5, 'Kerosene', 'JET', 'product_4351669204816.jfif', 'Litr', 2000, '150.00', 'KES', '300000.00', 0, '2023-01-25 18:19:16', NULL, NULL, NULL, NULL, NULL, NULL, NULL, 0, NULL, NULL);
INSERT INTO `cart_order_details` (`id`, `cart_order_id`, `cart_user_id`, `category_id`, `name`, `type`, `image`, `measurement`, `qty`, `price`, `currency`, `total_price`, `status`, `cart_created`, `cart_updated`, `assign_order_id`, `assign_order_detail_id`, `transporter_id`, `otp_code`, `receive_qty`, `quality_of_product`, `receive_status`, `receive_datetime`, `delivered_datetime`) VALUES ('897', '886', '68', 3, 'Diesel', 'Ago', 'product_6011666941346.png', 'Litr', 254, '150.00', 'KES', '38100.00', 0, '2023-01-25 15:47:48', NULL, NULL, NULL, NULL, NULL, NULL, NULL, 0, NULL, NULL);
INSERT INTO `cart_order_details` (`id`, `cart_order_id`, `cart_user_id`, `category_id`, `name`, `type`, `image`, `measurement`, `qty`, `price`, `currency`, `total_price`, `status`, `cart_created`, `cart_updated`, `assign_order_id`, `assign_order_detail_id`, `transporter_id`, `otp_code`, `receive_qty`, `quality_of_product`, `receive_status`, `receive_datetime`, `delivered_datetime`) VALUES ('898', '886', '68', 2, 'Petrol', 'Pms', 'product_5051666941331.png', 'Litr', 150, '80.00', 'KES', '12000.00', 0, '2023-01-27 17:16:44', NULL, NULL, NULL, NULL, NULL, NULL, NULL, 0, NULL, NULL);
INSERT INTO `cart_order_details` (`id`, `cart_order_id`, `cart_user_id`, `category_id`, `name`, `type`, `image`, `measurement`, `qty`, `price`, `currency`, `total_price`, `status`, `cart_created`, `cart_updated`, `assign_order_id`, `assign_order_detail_id`, `transporter_id`, `otp_code`, `receive_qty`, `quality_of_product`, `receive_status`, `receive_datetime`, `delivered_datetime`) VALUES ('899', '887', '68', 2, 'Petrol', 'Pms', 'product_5051666941331.png', 'Litr', 150, '80.00', 'KES', '12000.00', 0, '2023-01-27 17:30:23', NULL, NULL, NULL, NULL, NULL, NULL, NULL, 0, NULL, NULL);
INSERT INTO `cart_order_details` (`id`, `cart_order_id`, `cart_user_id`, `category_id`, `name`, `type`, `image`, `measurement`, `qty`, `price`, `currency`, `total_price`, `status`, `cart_created`, `cart_updated`, `assign_order_id`, `assign_order_detail_id`, `transporter_id`, `otp_code`, `receive_qty`, `quality_of_product`, `receive_status`, `receive_datetime`, `delivered_datetime`) VALUES ('900', '888', '68', 2, 'Petrol', 'Pms', 'product_5051666941331.png', 'Litr', 150, '80.00', 'KES', '12000.00', 0, '2023-01-27 17:31:16', NULL, NULL, NULL, NULL, NULL, NULL, NULL, 0, NULL, NULL);
INSERT INTO `cart_order_details` (`id`, `cart_order_id`, `cart_user_id`, `category_id`, `name`, `type`, `image`, `measurement`, `qty`, `price`, `currency`, `total_price`, `status`, `cart_created`, `cart_updated`, `assign_order_id`, `assign_order_detail_id`, `transporter_id`, `otp_code`, `receive_qty`, `quality_of_product`, `receive_status`, `receive_datetime`, `delivered_datetime`) VALUES ('901', '889', '68', 2, 'Petrol', 'Pms', 'product_5051666941331.png', 'Litr', 125, '80.00', 'KES', '10000.00', 0, '2023-01-27 18:22:05', NULL, NULL, NULL, NULL, NULL, NULL, NULL, 0, NULL, NULL);
INSERT INTO `cart_order_details` (`id`, `cart_order_id`, `cart_user_id`, `category_id`, `name`, `type`, `image`, `measurement`, `qty`, `price`, `currency`, `total_price`, `status`, `cart_created`, `cart_updated`, `assign_order_id`, `assign_order_detail_id`, `transporter_id`, `otp_code`, `receive_qty`, `quality_of_product`, `receive_status`, `receive_datetime`, `delivered_datetime`) VALUES ('902', '890', '174', 2, 'Petrol', 'Pms', 'product_5051666941331.png', 'Litr', 125, '80.00', 'KES', '10000.00', 0, '2023-01-27 18:34:05', NULL, NULL, NULL, NULL, NULL, NULL, NULL, 0, NULL, NULL);
INSERT INTO `cart_order_details` (`id`, `cart_order_id`, `cart_user_id`, `category_id`, `name`, `type`, `image`, `measurement`, `qty`, `price`, `currency`, `total_price`, `status`, `cart_created`, `cart_updated`, `assign_order_id`, `assign_order_detail_id`, `transporter_id`, `otp_code`, `receive_qty`, `quality_of_product`, `receive_status`, `receive_datetime`, `delivered_datetime`) VALUES ('903', '891', '68', 3, 'Diesel', 'Ago', 'product_6011666941346.png', 'Litr', 258, '150.00', 'KES', '38700.00', 0, '2023-01-27 18:43:35', NULL, NULL, NULL, NULL, NULL, NULL, NULL, 0, NULL, NULL);
INSERT INTO `cart_order_details` (`id`, `cart_order_id`, `cart_user_id`, `category_id`, `name`, `type`, `image`, `measurement`, `qty`, `price`, `currency`, `total_price`, `status`, `cart_created`, `cart_updated`, `assign_order_id`, `assign_order_detail_id`, `transporter_id`, `otp_code`, `receive_qty`, `quality_of_product`, `receive_status`, `receive_datetime`, `delivered_datetime`) VALUES ('904', '892', '68', 2, 'Petrol', 'Pms', 'product_5051666941331.png', 'Litr', 142, '80.00', 'KES', '11360.00', 0, '2023-01-27 18:44:47', NULL, NULL, NULL, NULL, NULL, NULL, NULL, 0, NULL, NULL);
INSERT INTO `cart_order_details` (`id`, `cart_order_id`, `cart_user_id`, `category_id`, `name`, `type`, `image`, `measurement`, `qty`, `price`, `currency`, `total_price`, `status`, `cart_created`, `cart_updated`, `assign_order_id`, `assign_order_detail_id`, `transporter_id`, `otp_code`, `receive_qty`, `quality_of_product`, `receive_status`, `receive_datetime`, `delivered_datetime`) VALUES ('905', '893', '68', 2, 'Petrol', 'Pms', 'product_5051666941331.png', 'Litr', 124, '80.00', 'KES', '9920.00', 0, '2023-01-27 18:48:16', NULL, NULL, NULL, NULL, NULL, NULL, NULL, 0, NULL, NULL);
INSERT INTO `cart_order_details` (`id`, `cart_order_id`, `cart_user_id`, `category_id`, `name`, `type`, `image`, `measurement`, `qty`, `price`, `currency`, `total_price`, `status`, `cart_created`, `cart_updated`, `assign_order_id`, `assign_order_detail_id`, `transporter_id`, `otp_code`, `receive_qty`, `quality_of_product`, `receive_status`, `receive_datetime`, `delivered_datetime`) VALUES ('906', '894', '68', 3, 'Diesel', 'Ago', 'product_6011666941346.png', 'Litr', 254, '150.00', 'KES', '38100.00', 0, '2023-01-28 10:54:16', NULL, NULL, NULL, NULL, NULL, NULL, NULL, 0, NULL, NULL);
INSERT INTO `cart_order_details` (`id`, `cart_order_id`, `cart_user_id`, `category_id`, `name`, `type`, `image`, `measurement`, `qty`, `price`, `currency`, `total_price`, `status`, `cart_created`, `cart_updated`, `assign_order_id`, `assign_order_detail_id`, `transporter_id`, `otp_code`, `receive_qty`, `quality_of_product`, `receive_status`, `receive_datetime`, `delivered_datetime`) VALUES ('907', '895', '68', 2, 'Petrol', 'Pms', 'product_5051666941331.png', 'Litr', 122, '80.00', 'KES', '9760.00', 0, '2023-01-28 10:57:09', NULL, NULL, NULL, NULL, NULL, NULL, NULL, 0, NULL, NULL);
INSERT INTO `cart_order_details` (`id`, `cart_order_id`, `cart_user_id`, `category_id`, `name`, `type`, `image`, `measurement`, `qty`, `price`, `currency`, `total_price`, `status`, `cart_created`, `cart_updated`, `assign_order_id`, `assign_order_detail_id`, `transporter_id`, `otp_code`, `receive_qty`, `quality_of_product`, `receive_status`, `receive_datetime`, `delivered_datetime`) VALUES ('908', '896', '68', 2, 'Petrol', 'Pms', 'product_5051666941331.png', 'Litr', 122, '80.00', 'KES', '9760.00', 0, '2023-01-28 10:57:09', NULL, NULL, NULL, NULL, NULL, NULL, NULL, 0, NULL, NULL);
INSERT INTO `cart_order_details` (`id`, `cart_order_id`, `cart_user_id`, `category_id`, `name`, `type`, `image`, `measurement`, `qty`, `price`, `currency`, `total_price`, `status`, `cart_created`, `cart_updated`, `assign_order_id`, `assign_order_detail_id`, `transporter_id`, `otp_code`, `receive_qty`, `quality_of_product`, `receive_status`, `receive_datetime`, `delivered_datetime`) VALUES ('909', '897', '68', 2, 'Petrol', 'Pms', 'product_5051666941331.png', 'Litr', 122, '80.00', 'KES', '9760.00', 0, '2023-01-28 10:57:09', NULL, NULL, NULL, NULL, NULL, NULL, NULL, 0, NULL, NULL);
INSERT INTO `cart_order_details` (`id`, `cart_order_id`, `cart_user_id`, `category_id`, `name`, `type`, `image`, `measurement`, `qty`, `price`, `currency`, `total_price`, `status`, `cart_created`, `cart_updated`, `assign_order_id`, `assign_order_detail_id`, `transporter_id`, `otp_code`, `receive_qty`, `quality_of_product`, `receive_status`, `receive_datetime`, `delivered_datetime`) VALUES ('910', '898', '68', 2, 'Petrol', 'Pms', 'product_5051666941331.png', 'Litr', 122, '80.00', 'KES', '9760.00', 0, '2023-01-28 10:57:09', NULL, NULL, NULL, NULL, NULL, NULL, NULL, 0, NULL, NULL);
INSERT INTO `cart_order_details` (`id`, `cart_order_id`, `cart_user_id`, `category_id`, `name`, `type`, `image`, `measurement`, `qty`, `price`, `currency`, `total_price`, `status`, `cart_created`, `cart_updated`, `assign_order_id`, `assign_order_detail_id`, `transporter_id`, `otp_code`, `receive_qty`, `quality_of_product`, `receive_status`, `receive_datetime`, `delivered_datetime`) VALUES ('911', '899', '68', 2, 'Petrol', 'Pms', 'product_5051666941331.png', 'Litr', 122, '80.00', 'KES', '9760.00', 0, '2023-01-28 10:57:09', NULL, NULL, NULL, NULL, NULL, NULL, NULL, 0, NULL, NULL);
INSERT INTO `cart_order_details` (`id`, `cart_order_id`, `cart_user_id`, `category_id`, `name`, `type`, `image`, `measurement`, `qty`, `price`, `currency`, `total_price`, `status`, `cart_created`, `cart_updated`, `assign_order_id`, `assign_order_detail_id`, `transporter_id`, `otp_code`, `receive_qty`, `quality_of_product`, `receive_status`, `receive_datetime`, `delivered_datetime`) VALUES ('912', '900', '68', 2, 'Petrol', 'Pms', 'product_5051666941331.png', 'Litr', 147, '80.00', 'KES', '11760.00', 0, '2023-01-28 11:27:57', NULL, NULL, NULL, NULL, NULL, NULL, NULL, 0, NULL, NULL);
INSERT INTO `cart_order_details` (`id`, `cart_order_id`, `cart_user_id`, `category_id`, `name`, `type`, `image`, `measurement`, `qty`, `price`, `currency`, `total_price`, `status`, `cart_created`, `cart_updated`, `assign_order_id`, `assign_order_detail_id`, `transporter_id`, `otp_code`, `receive_qty`, `quality_of_product`, `receive_status`, `receive_datetime`, `delivered_datetime`) VALUES ('913', '901', '68', 2, 'Petrol', 'Pms', 'product_5051666941331.png', 'Litr', 147, '80.00', 'KES', '11760.00', 0, '2023-01-28 11:27:57', NULL, NULL, NULL, NULL, NULL, NULL, NULL, 0, NULL, NULL);
INSERT INTO `cart_order_details` (`id`, `cart_order_id`, `cart_user_id`, `category_id`, `name`, `type`, `image`, `measurement`, `qty`, `price`, `currency`, `total_price`, `status`, `cart_created`, `cart_updated`, `assign_order_id`, `assign_order_detail_id`, `transporter_id`, `otp_code`, `receive_qty`, `quality_of_product`, `receive_status`, `receive_datetime`, `delivered_datetime`) VALUES ('914', '902', '68', 2, 'Petrol', 'Pms', 'product_5051666941331.png', 'Litr', 147, '80.00', 'KES', '11760.00', 0, '2023-01-28 11:27:57', NULL, NULL, NULL, NULL, NULL, NULL, NULL, 0, NULL, NULL);
INSERT INTO `cart_order_details` (`id`, `cart_order_id`, `cart_user_id`, `category_id`, `name`, `type`, `image`, `measurement`, `qty`, `price`, `currency`, `total_price`, `status`, `cart_created`, `cart_updated`, `assign_order_id`, `assign_order_detail_id`, `transporter_id`, `otp_code`, `receive_qty`, `quality_of_product`, `receive_status`, `receive_datetime`, `delivered_datetime`) VALUES ('915', '903', '68', 2, 'Petrol', 'Pms', 'product_5051666941331.png', 'Litr', 147, '80.00', 'KES', '11760.00', 0, '2023-01-28 11:27:57', NULL, NULL, NULL, NULL, NULL, NULL, NULL, 0, NULL, NULL);
INSERT INTO `cart_order_details` (`id`, `cart_order_id`, `cart_user_id`, `category_id`, `name`, `type`, `image`, `measurement`, `qty`, `price`, `currency`, `total_price`, `status`, `cart_created`, `cart_updated`, `assign_order_id`, `assign_order_detail_id`, `transporter_id`, `otp_code`, `receive_qty`, `quality_of_product`, `receive_status`, `receive_datetime`, `delivered_datetime`) VALUES ('916', '904', '68', 2, 'Petrol', 'Pms', 'product_5051666941331.png', 'Litr', 147, '80.00', 'KES', '11760.00', 0, '2023-01-28 11:27:57', NULL, NULL, NULL, NULL, NULL, NULL, NULL, 0, NULL, NULL);
INSERT INTO `cart_order_details` (`id`, `cart_order_id`, `cart_user_id`, `category_id`, `name`, `type`, `image`, `measurement`, `qty`, `price`, `currency`, `total_price`, `status`, `cart_created`, `cart_updated`, `assign_order_id`, `assign_order_detail_id`, `transporter_id`, `otp_code`, `receive_qty`, `quality_of_product`, `receive_status`, `receive_datetime`, `delivered_datetime`) VALUES ('917', '905', '68', 2, 'Petrol', 'Pms', 'product_5051666941331.png', 'Litr', 147, '80.00', 'KES', '11760.00', 0, '2023-01-28 11:27:57', NULL, NULL, NULL, NULL, NULL, NULL, NULL, 0, NULL, NULL);
INSERT INTO `cart_order_details` (`id`, `cart_order_id`, `cart_user_id`, `category_id`, `name`, `type`, `image`, `measurement`, `qty`, `price`, `currency`, `total_price`, `status`, `cart_created`, `cart_updated`, `assign_order_id`, `assign_order_detail_id`, `transporter_id`, `otp_code`, `receive_qty`, `quality_of_product`, `receive_status`, `receive_datetime`, `delivered_datetime`) VALUES ('918', '906', '68', 3, 'Diesel', 'Ago', 'product_6011666941346.png', 'Litr', 159, '150.00', 'KES', '23850.00', 0, '2023-01-28 11:35:47', NULL, NULL, NULL, NULL, NULL, NULL, NULL, 0, NULL, NULL);
INSERT INTO `cart_order_details` (`id`, `cart_order_id`, `cart_user_id`, `category_id`, `name`, `type`, `image`, `measurement`, `qty`, `price`, `currency`, `total_price`, `status`, `cart_created`, `cart_updated`, `assign_order_id`, `assign_order_detail_id`, `transporter_id`, `otp_code`, `receive_qty`, `quality_of_product`, `receive_status`, `receive_datetime`, `delivered_datetime`) VALUES ('919', '907', '68', 3, 'Diesel', 'Ago', 'product_6011666941346.png', 'Litr', 159, '150.00', 'KES', '23850.00', 0, '2023-01-28 11:35:47', NULL, NULL, NULL, NULL, NULL, NULL, NULL, 0, NULL, NULL);
INSERT INTO `cart_order_details` (`id`, `cart_order_id`, `cart_user_id`, `category_id`, `name`, `type`, `image`, `measurement`, `qty`, `price`, `currency`, `total_price`, `status`, `cart_created`, `cart_updated`, `assign_order_id`, `assign_order_detail_id`, `transporter_id`, `otp_code`, `receive_qty`, `quality_of_product`, `receive_status`, `receive_datetime`, `delivered_datetime`) VALUES ('920', '908', '68', 3, 'Diesel', 'Ago', 'product_6011666941346.png', 'Litr', 159, '150.00', 'KES', '23850.00', 0, '2023-01-28 11:35:47', NULL, NULL, NULL, NULL, NULL, NULL, NULL, 0, NULL, NULL);
INSERT INTO `cart_order_details` (`id`, `cart_order_id`, `cart_user_id`, `category_id`, `name`, `type`, `image`, `measurement`, `qty`, `price`, `currency`, `total_price`, `status`, `cart_created`, `cart_updated`, `assign_order_id`, `assign_order_detail_id`, `transporter_id`, `otp_code`, `receive_qty`, `quality_of_product`, `receive_status`, `receive_datetime`, `delivered_datetime`) VALUES ('921', '909', '68', 4, 'Gas', 'Lpg Eqwipetrol', 'product_3491666941361.png', 'Litr', 159, '150.00', 'KES', '23850.00', 0, '2023-01-28 11:53:19', NULL, NULL, NULL, NULL, NULL, NULL, NULL, 0, NULL, NULL);
INSERT INTO `cart_order_details` (`id`, `cart_order_id`, `cart_user_id`, `category_id`, `name`, `type`, `image`, `measurement`, `qty`, `price`, `currency`, `total_price`, `status`, `cart_created`, `cart_updated`, `assign_order_id`, `assign_order_detail_id`, `transporter_id`, `otp_code`, `receive_qty`, `quality_of_product`, `receive_status`, `receive_datetime`, `delivered_datetime`) VALUES ('922', '910', '68', 4, 'Gas', 'Lpg Eqwipetrol', 'product_3491666941361.png', 'Litr', 159, '150.00', 'KES', '23850.00', 0, '2023-01-28 11:53:19', NULL, NULL, NULL, NULL, NULL, NULL, NULL, 0, NULL, NULL);
INSERT INTO `cart_order_details` (`id`, `cart_order_id`, `cart_user_id`, `category_id`, `name`, `type`, `image`, `measurement`, `qty`, `price`, `currency`, `total_price`, `status`, `cart_created`, `cart_updated`, `assign_order_id`, `assign_order_detail_id`, `transporter_id`, `otp_code`, `receive_qty`, `quality_of_product`, `receive_status`, `receive_datetime`, `delivered_datetime`) VALUES ('923', '911', '68', 4, 'Gas', 'Lpg Eqwipetrol', 'product_3491666941361.png', 'Litr', 159, '150.00', 'KES', '23850.00', 0, '2023-01-28 11:53:19', NULL, NULL, NULL, NULL, NULL, NULL, NULL, 0, NULL, NULL);
INSERT INTO `cart_order_details` (`id`, `cart_order_id`, `cart_user_id`, `category_id`, `name`, `type`, `image`, `measurement`, `qty`, `price`, `currency`, `total_price`, `status`, `cart_created`, `cart_updated`, `assign_order_id`, `assign_order_detail_id`, `transporter_id`, `otp_code`, `receive_qty`, `quality_of_product`, `receive_status`, `receive_datetime`, `delivered_datetime`) VALUES ('924', '912', '68', 2, 'Petrol', 'Pms', 'product_5051666941331.png', 'Litr', 145, '80.00', 'KES', '11600.00', 0, '2023-01-28 12:12:28', NULL, NULL, NULL, NULL, NULL, NULL, NULL, 0, NULL, NULL);
INSERT INTO `cart_order_details` (`id`, `cart_order_id`, `cart_user_id`, `category_id`, `name`, `type`, `image`, `measurement`, `qty`, `price`, `currency`, `total_price`, `status`, `cart_created`, `cart_updated`, `assign_order_id`, `assign_order_detail_id`, `transporter_id`, `otp_code`, `receive_qty`, `quality_of_product`, `receive_status`, `receive_datetime`, `delivered_datetime`) VALUES ('925', '913', '68', 3, 'Diesel', 'Ago', 'product_6011666941346.png', 'Litr', 154, '150.00', 'KES', '23100.00', 0, '2023-01-28 12:54:36', NULL, NULL, NULL, NULL, NULL, NULL, NULL, 0, NULL, NULL);
INSERT INTO `cart_order_details` (`id`, `cart_order_id`, `cart_user_id`, `category_id`, `name`, `type`, `image`, `measurement`, `qty`, `price`, `currency`, `total_price`, `status`, `cart_created`, `cart_updated`, `assign_order_id`, `assign_order_detail_id`, `transporter_id`, `otp_code`, `receive_qty`, `quality_of_product`, `receive_status`, `receive_datetime`, `delivered_datetime`) VALUES ('926', '914', '68', 2, 'Petrol', 'Pms', 'product_5051666941331.png', 'Litr', 147, '80.00', 'KES', '11760.00', 0, '2023-01-28 13:02:24', NULL, NULL, NULL, NULL, NULL, NULL, NULL, 0, NULL, NULL);
INSERT INTO `cart_order_details` (`id`, `cart_order_id`, `cart_user_id`, `category_id`, `name`, `type`, `image`, `measurement`, `qty`, `price`, `currency`, `total_price`, `status`, `cart_created`, `cart_updated`, `assign_order_id`, `assign_order_detail_id`, `transporter_id`, `otp_code`, `receive_qty`, `quality_of_product`, `receive_status`, `receive_datetime`, `delivered_datetime`) VALUES ('927', '915', '68', 3, 'Diesel', 'Ago', 'product_6011666941346.png', 'Litr', 214, '150.00', 'KES', '32100.00', 0, '2023-01-28 13:04:44', NULL, NULL, NULL, NULL, NULL, NULL, NULL, 0, NULL, NULL);
INSERT INTO `cart_order_details` (`id`, `cart_order_id`, `cart_user_id`, `category_id`, `name`, `type`, `image`, `measurement`, `qty`, `price`, `currency`, `total_price`, `status`, `cart_created`, `cart_updated`, `assign_order_id`, `assign_order_detail_id`, `transporter_id`, `otp_code`, `receive_qty`, `quality_of_product`, `receive_status`, `receive_datetime`, `delivered_datetime`) VALUES ('928', '916', '162', 2, 'Petrol', 'Pms', 'product_5051666941331.png', 'Litr', 100, '80.00', 'KES', '8000.00', 0, '2023-01-30 10:21:16', NULL, NULL, NULL, NULL, NULL, NULL, NULL, 0, NULL, NULL);
INSERT INTO `cart_order_details` (`id`, `cart_order_id`, `cart_user_id`, `category_id`, `name`, `type`, `image`, `measurement`, `qty`, `price`, `currency`, `total_price`, `status`, `cart_created`, `cart_updated`, `assign_order_id`, `assign_order_detail_id`, `transporter_id`, `otp_code`, `receive_qty`, `quality_of_product`, `receive_status`, `receive_datetime`, `delivered_datetime`) VALUES ('929', '917', '162', 2, 'Petrol', 'Pms', 'product_5051666941331.png', 'Litr', 125, '80.00', 'KES', '10000.00', 0, '2023-01-30 10:27:29', NULL, NULL, NULL, NULL, NULL, NULL, NULL, 0, NULL, NULL);
INSERT INTO `cart_order_details` (`id`, `cart_order_id`, `cart_user_id`, `category_id`, `name`, `type`, `image`, `measurement`, `qty`, `price`, `currency`, `total_price`, `status`, `cart_created`, `cart_updated`, `assign_order_id`, `assign_order_detail_id`, `transporter_id`, `otp_code`, `receive_qty`, `quality_of_product`, `receive_status`, `receive_datetime`, `delivered_datetime`) VALUES ('930', '918', '162', 2, 'Petrol', 'Pms', 'product_5051666941331.png', 'Litr', 125, '80.00', 'KES', '10000.00', 0, '2023-01-30 10:28:30', NULL, NULL, NULL, NULL, NULL, NULL, NULL, 0, NULL, NULL);
INSERT INTO `cart_order_details` (`id`, `cart_order_id`, `cart_user_id`, `category_id`, `name`, `type`, `image`, `measurement`, `qty`, `price`, `currency`, `total_price`, `status`, `cart_created`, `cart_updated`, `assign_order_id`, `assign_order_detail_id`, `transporter_id`, `otp_code`, `receive_qty`, `quality_of_product`, `receive_status`, `receive_datetime`, `delivered_datetime`) VALUES ('931', '919', '162', 2, 'Petrol', 'Pms', 'product_5051666941331.png', 'Litr', 125, '80.00', 'KES', '10000.00', 0, '2023-01-30 10:40:34', NULL, NULL, NULL, NULL, NULL, NULL, NULL, 0, NULL, NULL);
INSERT INTO `cart_order_details` (`id`, `cart_order_id`, `cart_user_id`, `category_id`, `name`, `type`, `image`, `measurement`, `qty`, `price`, `currency`, `total_price`, `status`, `cart_created`, `cart_updated`, `assign_order_id`, `assign_order_detail_id`, `transporter_id`, `otp_code`, `receive_qty`, `quality_of_product`, `receive_status`, `receive_datetime`, `delivered_datetime`) VALUES ('932', '920', '162', 2, 'Petrol', 'Pms', 'product_5051666941331.png', 'Litr', 125, '80.00', 'KES', '10000.00', 0, '2023-01-30 11:02:17', NULL, NULL, NULL, NULL, NULL, NULL, NULL, 0, NULL, NULL);
INSERT INTO `cart_order_details` (`id`, `cart_order_id`, `cart_user_id`, `category_id`, `name`, `type`, `image`, `measurement`, `qty`, `price`, `currency`, `total_price`, `status`, `cart_created`, `cart_updated`, `assign_order_id`, `assign_order_detail_id`, `transporter_id`, `otp_code`, `receive_qty`, `quality_of_product`, `receive_status`, `receive_datetime`, `delivered_datetime`) VALUES ('933', '921', '162', 2, 'Petrol', 'Pms', 'product_5051666941331.png', 'Litr', 125, '80.00', 'KES', '10000.00', 0, '2023-01-30 11:12:46', NULL, NULL, NULL, NULL, NULL, NULL, NULL, 0, NULL, NULL);
INSERT INTO `cart_order_details` (`id`, `cart_order_id`, `cart_user_id`, `category_id`, `name`, `type`, `image`, `measurement`, `qty`, `price`, `currency`, `total_price`, `status`, `cart_created`, `cart_updated`, `assign_order_id`, `assign_order_detail_id`, `transporter_id`, `otp_code`, `receive_qty`, `quality_of_product`, `receive_status`, `receive_datetime`, `delivered_datetime`) VALUES ('934', '922', '162', 2, 'Petrol', 'Pms', 'product_5051666941331.png', 'Litr', 50000, '80.00', 'KES', '4000000.00', 0, '2023-01-30 11:17:53', NULL, NULL, NULL, NULL, NULL, NULL, NULL, 0, NULL, NULL);
INSERT INTO `cart_order_details` (`id`, `cart_order_id`, `cart_user_id`, `category_id`, `name`, `type`, `image`, `measurement`, `qty`, `price`, `currency`, `total_price`, `status`, `cart_created`, `cart_updated`, `assign_order_id`, `assign_order_detail_id`, `transporter_id`, `otp_code`, `receive_qty`, `quality_of_product`, `receive_status`, `receive_datetime`, `delivered_datetime`) VALUES ('935', '923', '162', 2, 'Petrol', 'Pms', 'product_5051666941331.png', 'Litr', 15000, '80.00', 'KES', '1200000.00', 0, '2023-01-30 11:23:49', NULL, NULL, NULL, NULL, NULL, NULL, NULL, 0, NULL, NULL);
INSERT INTO `cart_order_details` (`id`, `cart_order_id`, `cart_user_id`, `category_id`, `name`, `type`, `image`, `measurement`, `qty`, `price`, `currency`, `total_price`, `status`, `cart_created`, `cart_updated`, `assign_order_id`, `assign_order_detail_id`, `transporter_id`, `otp_code`, `receive_qty`, `quality_of_product`, `receive_status`, `receive_datetime`, `delivered_datetime`) VALUES ('936', '924', '162', 2, 'Petrol', 'Pms', 'product_5051666941331.png', 'Litr', 125, '80.00', 'KES', '10000.00', 0, '2023-01-30 11:27:27', NULL, NULL, NULL, NULL, NULL, NULL, NULL, 0, NULL, NULL);
INSERT INTO `cart_order_details` (`id`, `cart_order_id`, `cart_user_id`, `category_id`, `name`, `type`, `image`, `measurement`, `qty`, `price`, `currency`, `total_price`, `status`, `cart_created`, `cart_updated`, `assign_order_id`, `assign_order_detail_id`, `transporter_id`, `otp_code`, `receive_qty`, `quality_of_product`, `receive_status`, `receive_datetime`, `delivered_datetime`) VALUES ('937', '925', '162', 2, 'Petrol', 'Pms', 'product_5051666941331.png', 'Litr', 125, '80.00', 'KES', '10000.00', 0, '2023-01-30 11:32:08', NULL, NULL, NULL, NULL, NULL, NULL, NULL, 0, NULL, NULL);
INSERT INTO `cart_order_details` (`id`, `cart_order_id`, `cart_user_id`, `category_id`, `name`, `type`, `image`, `measurement`, `qty`, `price`, `currency`, `total_price`, `status`, `cart_created`, `cart_updated`, `assign_order_id`, `assign_order_detail_id`, `transporter_id`, `otp_code`, `receive_qty`, `quality_of_product`, `receive_status`, `receive_datetime`, `delivered_datetime`) VALUES ('938', '926', '162', 2, 'Petrol', 'Pms', 'product_5051666941331.png', 'Litr', 125, '80.00', 'KES', '10000.00', 0, '2023-01-30 11:39:41', NULL, NULL, NULL, NULL, NULL, NULL, NULL, 0, NULL, NULL);
INSERT INTO `cart_order_details` (`id`, `cart_order_id`, `cart_user_id`, `category_id`, `name`, `type`, `image`, `measurement`, `qty`, `price`, `currency`, `total_price`, `status`, `cart_created`, `cart_updated`, `assign_order_id`, `assign_order_detail_id`, `transporter_id`, `otp_code`, `receive_qty`, `quality_of_product`, `receive_status`, `receive_datetime`, `delivered_datetime`) VALUES ('939', '927', '68', 2, 'Petrol', 'Pms', 'product_5051666941331.png', 'Litr', 115, '80.00', 'KES', '9200.00', 0, '2023-01-30 11:53:37', NULL, NULL, NULL, NULL, NULL, NULL, NULL, 0, NULL, NULL);
INSERT INTO `cart_order_details` (`id`, `cart_order_id`, `cart_user_id`, `category_id`, `name`, `type`, `image`, `measurement`, `qty`, `price`, `currency`, `total_price`, `status`, `cart_created`, `cart_updated`, `assign_order_id`, `assign_order_detail_id`, `transporter_id`, `otp_code`, `receive_qty`, `quality_of_product`, `receive_status`, `receive_datetime`, `delivered_datetime`) VALUES ('940', '928', '162', 2, 'Petrol', 'Pms', 'product_5051666941331.png', 'Litr', 125, '80.00', 'KES', '10000.00', 0, '2023-01-30 11:53:41', NULL, NULL, NULL, NULL, NULL, NULL, NULL, 0, NULL, NULL);
INSERT INTO `cart_order_details` (`id`, `cart_order_id`, `cart_user_id`, `category_id`, `name`, `type`, `image`, `measurement`, `qty`, `price`, `currency`, `total_price`, `status`, `cart_created`, `cart_updated`, `assign_order_id`, `assign_order_detail_id`, `transporter_id`, `otp_code`, `receive_qty`, `quality_of_product`, `receive_status`, `receive_datetime`, `delivered_datetime`) VALUES ('941', '928', '162', 3, 'Diesel', 'Ago', 'product_6011666941346.png', 'Litr', 125, '150.00', 'KES', '18750.00', 0, '2023-01-30 11:53:50', '2023-01-30 11:54:03', NULL, NULL, NULL, NULL, NULL, NULL, 0, NULL, NULL);
INSERT INTO `cart_order_details` (`id`, `cart_order_id`, `cart_user_id`, `category_id`, `name`, `type`, `image`, `measurement`, `qty`, `price`, `currency`, `total_price`, `status`, `cart_created`, `cart_updated`, `assign_order_id`, `assign_order_detail_id`, `transporter_id`, `otp_code`, `receive_qty`, `quality_of_product`, `receive_status`, `receive_datetime`, `delivered_datetime`) VALUES ('942', '929', '68', 2, 'Petrol', 'Pms', 'product_5051666941331.png', 'Litr', 115, '80.00', 'KES', '9200.00', 0, '2023-01-30 11:53:37', NULL, NULL, NULL, NULL, NULL, NULL, NULL, 0, NULL, NULL);
INSERT INTO `cart_order_details` (`id`, `cart_order_id`, `cart_user_id`, `category_id`, `name`, `type`, `image`, `measurement`, `qty`, `price`, `currency`, `total_price`, `status`, `cart_created`, `cart_updated`, `assign_order_id`, `assign_order_detail_id`, `transporter_id`, `otp_code`, `receive_qty`, `quality_of_product`, `receive_status`, `receive_datetime`, `delivered_datetime`) VALUES ('943', '930', '162', 2, 'Petrol', 'Pms', 'product_5051666941331.png', 'Litr', 125, '80.00', 'KES', '10000.00', 0, '2023-01-30 11:56:20', NULL, NULL, NULL, NULL, NULL, NULL, NULL, 0, NULL, NULL);
INSERT INTO `cart_order_details` (`id`, `cart_order_id`, `cart_user_id`, `category_id`, `name`, `type`, `image`, `measurement`, `qty`, `price`, `currency`, `total_price`, `status`, `cart_created`, `cart_updated`, `assign_order_id`, `assign_order_detail_id`, `transporter_id`, `otp_code`, `receive_qty`, `quality_of_product`, `receive_status`, `receive_datetime`, `delivered_datetime`) VALUES ('944', '930', '162', 3, 'Diesel', 'Ago', 'product_6011666941346.png', 'Litr', 125, '150.00', 'KES', '18750.00', 0, '2023-01-30 11:56:20', NULL, NULL, NULL, NULL, NULL, NULL, NULL, 0, NULL, NULL);
INSERT INTO `cart_order_details` (`id`, `cart_order_id`, `cart_user_id`, `category_id`, `name`, `type`, `image`, `measurement`, `qty`, `price`, `currency`, `total_price`, `status`, `cart_created`, `cart_updated`, `assign_order_id`, `assign_order_detail_id`, `transporter_id`, `otp_code`, `receive_qty`, `quality_of_product`, `receive_status`, `receive_datetime`, `delivered_datetime`) VALUES ('945', '931', '162', 2, 'Petrol', 'Pms', 'product_5051666941331.png', 'Litr', 125, '80.00', 'KES', '10000.00', 0, '2023-01-30 12:02:26', NULL, NULL, NULL, NULL, NULL, NULL, NULL, 0, NULL, NULL);
INSERT INTO `cart_order_details` (`id`, `cart_order_id`, `cart_user_id`, `category_id`, `name`, `type`, `image`, `measurement`, `qty`, `price`, `currency`, `total_price`, `status`, `cart_created`, `cart_updated`, `assign_order_id`, `assign_order_detail_id`, `transporter_id`, `otp_code`, `receive_qty`, `quality_of_product`, `receive_status`, `receive_datetime`, `delivered_datetime`) VALUES ('946', '931', '162', 3, 'Diesel', 'Ago', 'product_6011666941346.png', 'Litr', 125, '150.00', 'KES', '18750.00', 0, '2023-01-30 12:02:37', NULL, NULL, NULL, NULL, NULL, NULL, NULL, 0, NULL, NULL);
INSERT INTO `cart_order_details` (`id`, `cart_order_id`, `cart_user_id`, `category_id`, `name`, `type`, `image`, `measurement`, `qty`, `price`, `currency`, `total_price`, `status`, `cart_created`, `cart_updated`, `assign_order_id`, `assign_order_detail_id`, `transporter_id`, `otp_code`, `receive_qty`, `quality_of_product`, `receive_status`, `receive_datetime`, `delivered_datetime`) VALUES ('947', '932', '162', 2, 'Petrol', 'Pms', 'product_5051666941331.png', 'Litr', 125, '80.00', 'KES', '10000.00', 0, '2023-01-30 12:07:59', NULL, NULL, NULL, NULL, NULL, NULL, NULL, 0, NULL, NULL);
INSERT INTO `cart_order_details` (`id`, `cart_order_id`, `cart_user_id`, `category_id`, `name`, `type`, `image`, `measurement`, `qty`, `price`, `currency`, `total_price`, `status`, `cart_created`, `cart_updated`, `assign_order_id`, `assign_order_detail_id`, `transporter_id`, `otp_code`, `receive_qty`, `quality_of_product`, `receive_status`, `receive_datetime`, `delivered_datetime`) VALUES ('948', '932', '162', 3, 'Diesel', 'Ago', 'product_6011666941346.png', 'Litr', 125, '150.00', 'KES', '18750.00', 0, '2023-01-30 12:07:59', NULL, NULL, NULL, NULL, NULL, NULL, NULL, 0, NULL, NULL);
INSERT INTO `cart_order_details` (`id`, `cart_order_id`, `cart_user_id`, `category_id`, `name`, `type`, `image`, `measurement`, `qty`, `price`, `currency`, `total_price`, `status`, `cart_created`, `cart_updated`, `assign_order_id`, `assign_order_detail_id`, `transporter_id`, `otp_code`, `receive_qty`, `quality_of_product`, `receive_status`, `receive_datetime`, `delivered_datetime`) VALUES ('949', '933', '162', 2, 'Petrol', 'Pms', 'product_5051666941331.png', 'Litr', 125, '80.00', 'KES', '10000.00', 0, '2023-01-30 12:18:45', NULL, NULL, NULL, NULL, NULL, NULL, NULL, 0, NULL, NULL);
INSERT INTO `cart_order_details` (`id`, `cart_order_id`, `cart_user_id`, `category_id`, `name`, `type`, `image`, `measurement`, `qty`, `price`, `currency`, `total_price`, `status`, `cart_created`, `cart_updated`, `assign_order_id`, `assign_order_detail_id`, `transporter_id`, `otp_code`, `receive_qty`, `quality_of_product`, `receive_status`, `receive_datetime`, `delivered_datetime`) VALUES ('950', '933', '162', 3, 'Diesel', 'Ago', 'product_6011666941346.png', 'Litr', 125, '150.00', 'KES', '18750.00', 0, '2023-01-30 12:18:45', NULL, NULL, NULL, NULL, NULL, NULL, NULL, 0, NULL, NULL);
INSERT INTO `cart_order_details` (`id`, `cart_order_id`, `cart_user_id`, `category_id`, `name`, `type`, `image`, `measurement`, `qty`, `price`, `currency`, `total_price`, `status`, `cart_created`, `cart_updated`, `assign_order_id`, `assign_order_detail_id`, `transporter_id`, `otp_code`, `receive_qty`, `quality_of_product`, `receive_status`, `receive_datetime`, `delivered_datetime`) VALUES ('951', '934', '162', 2, 'Petrol', 'Pms', 'product_5051666941331.png', 'Litr', 125, '80.00', 'KES', '10000.00', 0, '2023-01-30 12:20:00', NULL, NULL, NULL, NULL, NULL, NULL, NULL, 0, NULL, NULL);
INSERT INTO `cart_order_details` (`id`, `cart_order_id`, `cart_user_id`, `category_id`, `name`, `type`, `image`, `measurement`, `qty`, `price`, `currency`, `total_price`, `status`, `cart_created`, `cart_updated`, `assign_order_id`, `assign_order_detail_id`, `transporter_id`, `otp_code`, `receive_qty`, `quality_of_product`, `receive_status`, `receive_datetime`, `delivered_datetime`) VALUES ('952', '934', '162', 3, 'Diesel', 'Ago', 'product_6011666941346.png', 'Litr', 125, '150.00', 'KES', '18750.00', 0, '2023-01-30 12:20:00', NULL, NULL, NULL, NULL, NULL, NULL, NULL, 0, NULL, NULL);
INSERT INTO `cart_order_details` (`id`, `cart_order_id`, `cart_user_id`, `category_id`, `name`, `type`, `image`, `measurement`, `qty`, `price`, `currency`, `total_price`, `status`, `cart_created`, `cart_updated`, `assign_order_id`, `assign_order_detail_id`, `transporter_id`, `otp_code`, `receive_qty`, `quality_of_product`, `receive_status`, `receive_datetime`, `delivered_datetime`) VALUES ('953', '935', '3', 4, 'Gas', 'Lpg Eqwipetrol', 'product_3491666941361.png', 'Litr', 15000, '150.00', 'KES', '2250000.00', 0, '2023-01-30 12:25:30', NULL, NULL, NULL, NULL, NULL, NULL, NULL, 0, NULL, NULL);
INSERT INTO `cart_order_details` (`id`, `cart_order_id`, `cart_user_id`, `category_id`, `name`, `type`, `image`, `measurement`, `qty`, `price`, `currency`, `total_price`, `status`, `cart_created`, `cart_updated`, `assign_order_id`, `assign_order_detail_id`, `transporter_id`, `otp_code`, `receive_qty`, `quality_of_product`, `receive_status`, `receive_datetime`, `delivered_datetime`) VALUES ('954', '936', '3', 4, 'Gas', 'Lpg Eqwipetrol', 'product_3491666941361.png', 'Litr', 15000, '150.00', 'KES', '2250000.00', 0, '2023-01-30 12:25:30', NULL, NULL, NULL, NULL, NULL, NULL, NULL, 0, NULL, NULL);
INSERT INTO `cart_order_details` (`id`, `cart_order_id`, `cart_user_id`, `category_id`, `name`, `type`, `image`, `measurement`, `qty`, `price`, `currency`, `total_price`, `status`, `cart_created`, `cart_updated`, `assign_order_id`, `assign_order_detail_id`, `transporter_id`, `otp_code`, `receive_qty`, `quality_of_product`, `receive_status`, `receive_datetime`, `delivered_datetime`) VALUES ('955', '937', '3', 4, 'Gas', 'Lpg Eqwipetrol', 'product_3491666941361.png', 'Litr', 15000, '150.00', 'KES', '2250000.00', 0, '2023-01-30 12:25:30', NULL, NULL, NULL, NULL, NULL, NULL, NULL, 0, NULL, NULL);
INSERT INTO `cart_order_details` (`id`, `cart_order_id`, `cart_user_id`, `category_id`, `name`, `type`, `image`, `measurement`, `qty`, `price`, `currency`, `total_price`, `status`, `cart_created`, `cart_updated`, `assign_order_id`, `assign_order_detail_id`, `transporter_id`, `otp_code`, `receive_qty`, `quality_of_product`, `receive_status`, `receive_datetime`, `delivered_datetime`) VALUES ('956', '938', '162', 2, 'Petrol', 'Pms', 'product_5051666941331.png', 'Litr', 125, '80.00', 'KES', '10000.00', 0, '2023-01-30 12:20:00', NULL, NULL, NULL, NULL, NULL, NULL, NULL, 0, NULL, NULL);
INSERT INTO `cart_order_details` (`id`, `cart_order_id`, `cart_user_id`, `category_id`, `name`, `type`, `image`, `measurement`, `qty`, `price`, `currency`, `total_price`, `status`, `cart_created`, `cart_updated`, `assign_order_id`, `assign_order_detail_id`, `transporter_id`, `otp_code`, `receive_qty`, `quality_of_product`, `receive_status`, `receive_datetime`, `delivered_datetime`) VALUES ('957', '938', '162', 9, 'kerosine 22', 'oil', 'product_8751675062889.png', 'liters', 100, '0.00', '', '0.00', 0, '2023-01-30 12:45:33', NULL, NULL, NULL, NULL, NULL, NULL, NULL, 0, NULL, NULL);
INSERT INTO `cart_order_details` (`id`, `cart_order_id`, `cart_user_id`, `category_id`, `name`, `type`, `image`, `measurement`, `qty`, `price`, `currency`, `total_price`, `status`, `cart_created`, `cart_updated`, `assign_order_id`, `assign_order_detail_id`, `transporter_id`, `otp_code`, `receive_qty`, `quality_of_product`, `receive_status`, `receive_datetime`, `delivered_datetime`) VALUES ('958', '939', '162', 2, 'Petrol', 'Pms', 'product_5051666941331.png', 'Litr', 125, '80.00', 'KES', '10000.00', 0, '2023-01-30 18:08:31', NULL, NULL, NULL, NULL, NULL, NULL, NULL, 0, NULL, NULL);
INSERT INTO `cart_order_details` (`id`, `cart_order_id`, `cart_user_id`, `category_id`, `name`, `type`, `image`, `measurement`, `qty`, `price`, `currency`, `total_price`, `status`, `cart_created`, `cart_updated`, `assign_order_id`, `assign_order_detail_id`, `transporter_id`, `otp_code`, `receive_qty`, `quality_of_product`, `receive_status`, `receive_datetime`, `delivered_datetime`) VALUES ('959', '940', '162', 2, 'Petrol', 'Pms', 'product_5051666941331.png', 'Litr', 125, '80.00', 'KES', '10000.00', 0, '2023-01-30 18:17:26', NULL, NULL, NULL, NULL, NULL, NULL, NULL, 0, NULL, NULL);
INSERT INTO `cart_order_details` (`id`, `cart_order_id`, `cart_user_id`, `category_id`, `name`, `type`, `image`, `measurement`, `qty`, `price`, `currency`, `total_price`, `status`, `cart_created`, `cart_updated`, `assign_order_id`, `assign_order_detail_id`, `transporter_id`, `otp_code`, `receive_qty`, `quality_of_product`, `receive_status`, `receive_datetime`, `delivered_datetime`) VALUES ('960', '941', '68', 3, 'Diesel', 'Ago', 'product_6011666941346.png', 'Litr', 145, '150.00', 'KES', '21750.00', 0, '2023-01-30 12:52:57', NULL, NULL, NULL, NULL, NULL, NULL, NULL, 0, NULL, NULL);
INSERT INTO `cart_order_details` (`id`, `cart_order_id`, `cart_user_id`, `category_id`, `name`, `type`, `image`, `measurement`, `qty`, `price`, `currency`, `total_price`, `status`, `cart_created`, `cart_updated`, `assign_order_id`, `assign_order_detail_id`, `transporter_id`, `otp_code`, `receive_qty`, `quality_of_product`, `receive_status`, `receive_datetime`, `delivered_datetime`) VALUES ('961', '942', '68', 3, 'Diesel', 'Ago', 'product_6011666941346.png', 'Litr', 125, '150.00', 'KES', '18750.00', 0, '2023-01-31 15:40:03', NULL, NULL, NULL, NULL, NULL, NULL, NULL, 0, NULL, NULL);
INSERT INTO `cart_order_details` (`id`, `cart_order_id`, `cart_user_id`, `category_id`, `name`, `type`, `image`, `measurement`, `qty`, `price`, `currency`, `total_price`, `status`, `cart_created`, `cart_updated`, `assign_order_id`, `assign_order_detail_id`, `transporter_id`, `otp_code`, `receive_qty`, `quality_of_product`, `receive_status`, `receive_datetime`, `delivered_datetime`) VALUES ('962', '943', '68', 2, 'Petrol', 'Pms', 'product_5051666941331.png', 'Litr', 214, '80.00', 'KES', '17120.00', 0, '2023-01-31 15:40:58', NULL, NULL, NULL, NULL, NULL, NULL, NULL, 0, NULL, NULL);
INSERT INTO `cart_order_details` (`id`, `cart_order_id`, `cart_user_id`, `category_id`, `name`, `type`, `image`, `measurement`, `qty`, `price`, `currency`, `total_price`, `status`, `cart_created`, `cart_updated`, `assign_order_id`, `assign_order_detail_id`, `transporter_id`, `otp_code`, `receive_qty`, `quality_of_product`, `receive_status`, `receive_datetime`, `delivered_datetime`) VALUES ('963', '944', '162', 2, 'Petrol', 'Pms', 'product_5051666941331.png', 'Litr', 122, '80.00', 'KES', '9760.00', 0, '2023-01-31 18:48:46', NULL, NULL, NULL, NULL, NULL, NULL, NULL, 0, NULL, NULL);
INSERT INTO `cart_order_details` (`id`, `cart_order_id`, `cart_user_id`, `category_id`, `name`, `type`, `image`, `measurement`, `qty`, `price`, `currency`, `total_price`, `status`, `cart_created`, `cart_updated`, `assign_order_id`, `assign_order_detail_id`, `transporter_id`, `otp_code`, `receive_qty`, `quality_of_product`, `receive_status`, `receive_datetime`, `delivered_datetime`) VALUES ('964', '945', '162', 2, 'Petrol', 'Pms', 'product_5051666941331.png', 'Litr', 125, '80.00', 'KES', '10000.00', 0, '2023-01-31 18:50:43', NULL, NULL, NULL, NULL, NULL, NULL, NULL, 0, NULL, NULL);
INSERT INTO `cart_order_details` (`id`, `cart_order_id`, `cart_user_id`, `category_id`, `name`, `type`, `image`, `measurement`, `qty`, `price`, `currency`, `total_price`, `status`, `cart_created`, `cart_updated`, `assign_order_id`, `assign_order_detail_id`, `transporter_id`, `otp_code`, `receive_qty`, `quality_of_product`, `receive_status`, `receive_datetime`, `delivered_datetime`) VALUES ('965', '947', '68', 2, 'Petrol', 'Pms', 'product_5051666941331.png', 'Litr', 150, '80.00', 'KES', '12000.00', 0, '2023-02-01 10:38:58', NULL, NULL, NULL, NULL, NULL, NULL, NULL, 0, NULL, NULL);
INSERT INTO `cart_order_details` (`id`, `cart_order_id`, `cart_user_id`, `category_id`, `name`, `type`, `image`, `measurement`, `qty`, `price`, `currency`, `total_price`, `status`, `cart_created`, `cart_updated`, `assign_order_id`, `assign_order_detail_id`, `transporter_id`, `otp_code`, `receive_qty`, `quality_of_product`, `receive_status`, `receive_datetime`, `delivered_datetime`) VALUES ('966', '948', '68', 2, 'Petrol', 'Pms', 'product_5051666941331.png', 'Litr', 150, '80.00', 'KES', '12000.00', 0, '2023-02-01 10:38:58', NULL, NULL, NULL, NULL, NULL, NULL, NULL, 0, NULL, NULL);
INSERT INTO `cart_order_details` (`id`, `cart_order_id`, `cart_user_id`, `category_id`, `name`, `type`, `image`, `measurement`, `qty`, `price`, `currency`, `total_price`, `status`, `cart_created`, `cart_updated`, `assign_order_id`, `assign_order_detail_id`, `transporter_id`, `otp_code`, `receive_qty`, `quality_of_product`, `receive_status`, `receive_datetime`, `delivered_datetime`) VALUES ('967', '949', '68', 2, 'Petrol', 'Pms', 'product_5051666941331.png', 'Litr', 150, '80.00', 'KES', '12000.00', 0, '2023-02-01 10:38:58', NULL, NULL, NULL, NULL, NULL, NULL, NULL, 0, NULL, NULL);
INSERT INTO `cart_order_details` (`id`, `cart_order_id`, `cart_user_id`, `category_id`, `name`, `type`, `image`, `measurement`, `qty`, `price`, `currency`, `total_price`, `status`, `cart_created`, `cart_updated`, `assign_order_id`, `assign_order_detail_id`, `transporter_id`, `otp_code`, `receive_qty`, `quality_of_product`, `receive_status`, `receive_datetime`, `delivered_datetime`) VALUES ('968', '950', '68', 2, 'Petrol', 'Pms', 'product_5051666941331.png', 'Litr', 150, '80.00', 'KES', '12000.00', 0, '2023-02-01 10:38:58', NULL, NULL, NULL, NULL, NULL, NULL, NULL, 0, NULL, NULL);
INSERT INTO `cart_order_details` (`id`, `cart_order_id`, `cart_user_id`, `category_id`, `name`, `type`, `image`, `measurement`, `qty`, `price`, `currency`, `total_price`, `status`, `cart_created`, `cart_updated`, `assign_order_id`, `assign_order_detail_id`, `transporter_id`, `otp_code`, `receive_qty`, `quality_of_product`, `receive_status`, `receive_datetime`, `delivered_datetime`) VALUES ('969', '950', '68', 3, 'Diesel', 'Ago', 'product_6011666941346.png', 'Litr', 150, '150.00', 'KES', '22500.00', 0, '2023-02-01 10:48:59', NULL, NULL, NULL, NULL, NULL, NULL, NULL, 0, NULL, NULL);
INSERT INTO `cart_order_details` (`id`, `cart_order_id`, `cart_user_id`, `category_id`, `name`, `type`, `image`, `measurement`, `qty`, `price`, `currency`, `total_price`, `status`, `cart_created`, `cart_updated`, `assign_order_id`, `assign_order_detail_id`, `transporter_id`, `otp_code`, `receive_qty`, `quality_of_product`, `receive_status`, `receive_datetime`, `delivered_datetime`) VALUES ('970', '951', '68', 2, 'Petrol', 'Pms', 'product_5051666941331.png', 'Litr', 150, '80.00', 'KES', '12000.00', 0, '2023-02-01 10:38:58', NULL, NULL, NULL, NULL, NULL, NULL, NULL, 0, NULL, NULL);
INSERT INTO `cart_order_details` (`id`, `cart_order_id`, `cart_user_id`, `category_id`, `name`, `type`, `image`, `measurement`, `qty`, `price`, `currency`, `total_price`, `status`, `cart_created`, `cart_updated`, `assign_order_id`, `assign_order_detail_id`, `transporter_id`, `otp_code`, `receive_qty`, `quality_of_product`, `receive_status`, `receive_datetime`, `delivered_datetime`) VALUES ('971', '951', '68', 3, 'Diesel', 'Ago', 'product_6011666941346.png', 'Litr', 150, '150.00', 'KES', '22500.00', 0, '2023-02-01 10:48:59', NULL, NULL, NULL, NULL, NULL, NULL, NULL, 0, NULL, NULL);
INSERT INTO `cart_order_details` (`id`, `cart_order_id`, `cart_user_id`, `category_id`, `name`, `type`, `image`, `measurement`, `qty`, `price`, `currency`, `total_price`, `status`, `cart_created`, `cart_updated`, `assign_order_id`, `assign_order_detail_id`, `transporter_id`, `otp_code`, `receive_qty`, `quality_of_product`, `receive_status`, `receive_datetime`, `delivered_datetime`) VALUES ('972', '952', '68', 2, 'Petrol', 'Pms', 'product_5051666941331.png', 'Litr', 150, '80.00', 'KES', '12000.00', 0, '2023-02-01 10:38:58', NULL, NULL, NULL, NULL, NULL, NULL, NULL, 0, NULL, NULL);
INSERT INTO `cart_order_details` (`id`, `cart_order_id`, `cart_user_id`, `category_id`, `name`, `type`, `image`, `measurement`, `qty`, `price`, `currency`, `total_price`, `status`, `cart_created`, `cart_updated`, `assign_order_id`, `assign_order_detail_id`, `transporter_id`, `otp_code`, `receive_qty`, `quality_of_product`, `receive_status`, `receive_datetime`, `delivered_datetime`) VALUES ('973', '952', '68', 3, 'Diesel', 'Ago', 'product_6011666941346.png', 'Litr', 150, '150.00', 'KES', '22500.00', 0, '2023-02-01 10:48:59', NULL, NULL, NULL, NULL, NULL, NULL, NULL, 0, NULL, NULL);
INSERT INTO `cart_order_details` (`id`, `cart_order_id`, `cart_user_id`, `category_id`, `name`, `type`, `image`, `measurement`, `qty`, `price`, `currency`, `total_price`, `status`, `cart_created`, `cart_updated`, `assign_order_id`, `assign_order_detail_id`, `transporter_id`, `otp_code`, `receive_qty`, `quality_of_product`, `receive_status`, `receive_datetime`, `delivered_datetime`) VALUES ('974', '953', '107', 3, 'Diesel', 'Ago', 'product_6011666941346.png', 'Litr', 124, '150.00', 'KES', '18600.00', 0, '2023-01-31 18:16:44', NULL, NULL, NULL, NULL, NULL, NULL, NULL, 0, NULL, NULL);
INSERT INTO `cart_order_details` (`id`, `cart_order_id`, `cart_user_id`, `category_id`, `name`, `type`, `image`, `measurement`, `qty`, `price`, `currency`, `total_price`, `status`, `cart_created`, `cart_updated`, `assign_order_id`, `assign_order_detail_id`, `transporter_id`, `otp_code`, `receive_qty`, `quality_of_product`, `receive_status`, `receive_datetime`, `delivered_datetime`) VALUES ('975', '954', '68', 2, 'Petrol', 'Pms', 'product_5051666941331.png', 'Litr', 150, '80.00', 'KES', '12000.00', 0, '2023-02-01 10:38:58', NULL, NULL, NULL, NULL, NULL, NULL, NULL, 0, NULL, NULL);
INSERT INTO `cart_order_details` (`id`, `cart_order_id`, `cart_user_id`, `category_id`, `name`, `type`, `image`, `measurement`, `qty`, `price`, `currency`, `total_price`, `status`, `cart_created`, `cart_updated`, `assign_order_id`, `assign_order_detail_id`, `transporter_id`, `otp_code`, `receive_qty`, `quality_of_product`, `receive_status`, `receive_datetime`, `delivered_datetime`) VALUES ('976', '954', '68', 3, 'Diesel', 'Ago', 'product_6011666941346.png', 'Litr', 150, '150.00', 'KES', '22500.00', 0, '2023-02-01 10:48:59', NULL, NULL, NULL, NULL, NULL, NULL, NULL, 0, NULL, NULL);
INSERT INTO `cart_order_details` (`id`, `cart_order_id`, `cart_user_id`, `category_id`, `name`, `type`, `image`, `measurement`, `qty`, `price`, `currency`, `total_price`, `status`, `cart_created`, `cart_updated`, `assign_order_id`, `assign_order_detail_id`, `transporter_id`, `otp_code`, `receive_qty`, `quality_of_product`, `receive_status`, `receive_datetime`, `delivered_datetime`) VALUES ('977', '955', '107', 3, 'Diesel', 'Ago', 'product_6011666941346.png', 'Litr', 124, '150.00', 'KES', '18600.00', 0, '2023-01-31 18:16:44', NULL, NULL, NULL, NULL, NULL, NULL, NULL, 0, NULL, NULL);
INSERT INTO `cart_order_details` (`id`, `cart_order_id`, `cart_user_id`, `category_id`, `name`, `type`, `image`, `measurement`, `qty`, `price`, `currency`, `total_price`, `status`, `cart_created`, `cart_updated`, `assign_order_id`, `assign_order_detail_id`, `transporter_id`, `otp_code`, `receive_qty`, `quality_of_product`, `receive_status`, `receive_datetime`, `delivered_datetime`) VALUES ('978', '956', '107', 3, 'Diesel', 'Ago', 'product_6011666941346.png', 'Litr', 124, '150.00', 'KES', '18600.00', 0, '2023-01-31 18:16:44', NULL, NULL, NULL, NULL, NULL, NULL, NULL, 0, NULL, NULL);
INSERT INTO `cart_order_details` (`id`, `cart_order_id`, `cart_user_id`, `category_id`, `name`, `type`, `image`, `measurement`, `qty`, `price`, `currency`, `total_price`, `status`, `cart_created`, `cart_updated`, `assign_order_id`, `assign_order_detail_id`, `transporter_id`, `otp_code`, `receive_qty`, `quality_of_product`, `receive_status`, `receive_datetime`, `delivered_datetime`) VALUES ('979', '957', '107', 2, 'Petrol', 'Pms', 'product_5051666941331.png', 'Litr', 251, '80.00', 'KES', '20080.00', 0, '2023-02-01 11:01:44', NULL, NULL, NULL, NULL, NULL, NULL, NULL, 0, NULL, NULL);
INSERT INTO `cart_order_details` (`id`, `cart_order_id`, `cart_user_id`, `category_id`, `name`, `type`, `image`, `measurement`, `qty`, `price`, `currency`, `total_price`, `status`, `cart_created`, `cart_updated`, `assign_order_id`, `assign_order_detail_id`, `transporter_id`, `otp_code`, `receive_qty`, `quality_of_product`, `receive_status`, `receive_datetime`, `delivered_datetime`) VALUES ('980', '958', '107', 2, 'Petrol', 'Pms', 'product_5051666941331.png', 'Litr', 251, '80.00', 'KES', '20080.00', 0, '2023-02-01 11:01:44', NULL, NULL, NULL, NULL, NULL, NULL, NULL, 0, NULL, NULL);
INSERT INTO `cart_order_details` (`id`, `cart_order_id`, `cart_user_id`, `category_id`, `name`, `type`, `image`, `measurement`, `qty`, `price`, `currency`, `total_price`, `status`, `cart_created`, `cart_updated`, `assign_order_id`, `assign_order_detail_id`, `transporter_id`, `otp_code`, `receive_qty`, `quality_of_product`, `receive_status`, `receive_datetime`, `delivered_datetime`) VALUES ('981', '959', '68', 2, 'Petrol', 'Pms', 'product_5051666941331.png', 'Litr', 150, '80.00', 'KES', '12000.00', 0, '2023-02-01 10:38:58', NULL, NULL, NULL, NULL, NULL, NULL, NULL, 0, NULL, NULL);
INSERT INTO `cart_order_details` (`id`, `cart_order_id`, `cart_user_id`, `category_id`, `name`, `type`, `image`, `measurement`, `qty`, `price`, `currency`, `total_price`, `status`, `cart_created`, `cart_updated`, `assign_order_id`, `assign_order_detail_id`, `transporter_id`, `otp_code`, `receive_qty`, `quality_of_product`, `receive_status`, `receive_datetime`, `delivered_datetime`) VALUES ('982', '959', '68', 3, 'Diesel', 'Ago', 'product_6011666941346.png', 'Litr', 150, '150.00', 'KES', '22500.00', 0, '2023-02-01 10:48:59', '2023-02-01 11:18:59', NULL, NULL, NULL, NULL, NULL, NULL, 0, NULL, NULL);
INSERT INTO `cart_order_details` (`id`, `cart_order_id`, `cart_user_id`, `category_id`, `name`, `type`, `image`, `measurement`, `qty`, `price`, `currency`, `total_price`, `status`, `cart_created`, `cart_updated`, `assign_order_id`, `assign_order_detail_id`, `transporter_id`, `otp_code`, `receive_qty`, `quality_of_product`, `receive_status`, `receive_datetime`, `delivered_datetime`) VALUES ('983', '960', '68', 2, 'Petrol', 'Pms', 'product_5051666941331.png', 'Litr', 150, '80.00', 'KES', '12000.00', 0, '2023-02-01 10:38:58', NULL, NULL, NULL, NULL, NULL, NULL, NULL, 0, NULL, NULL);
INSERT INTO `cart_order_details` (`id`, `cart_order_id`, `cart_user_id`, `category_id`, `name`, `type`, `image`, `measurement`, `qty`, `price`, `currency`, `total_price`, `status`, `cart_created`, `cart_updated`, `assign_order_id`, `assign_order_detail_id`, `transporter_id`, `otp_code`, `receive_qty`, `quality_of_product`, `receive_status`, `receive_datetime`, `delivered_datetime`) VALUES ('984', '960', '68', 3, 'Diesel', 'Ago', 'product_6011666941346.png', 'Litr', 150, '150.00', 'KES', '22500.00', 0, '2023-02-01 10:48:59', '2023-02-01 11:18:59', NULL, NULL, NULL, NULL, NULL, NULL, 0, NULL, NULL);
INSERT INTO `cart_order_details` (`id`, `cart_order_id`, `cart_user_id`, `category_id`, `name`, `type`, `image`, `measurement`, `qty`, `price`, `currency`, `total_price`, `status`, `cart_created`, `cart_updated`, `assign_order_id`, `assign_order_detail_id`, `transporter_id`, `otp_code`, `receive_qty`, `quality_of_product`, `receive_status`, `receive_datetime`, `delivered_datetime`) VALUES ('985', '961', '68', 2, 'Petrol', 'Pms', 'product_5051666941331.png', 'Litr', 150, '80.00', 'KES', '12000.00', 0, '2023-02-01 10:38:58', NULL, NULL, NULL, NULL, NULL, NULL, NULL, 0, NULL, NULL);
INSERT INTO `cart_order_details` (`id`, `cart_order_id`, `cart_user_id`, `category_id`, `name`, `type`, `image`, `measurement`, `qty`, `price`, `currency`, `total_price`, `status`, `cart_created`, `cart_updated`, `assign_order_id`, `assign_order_detail_id`, `transporter_id`, `otp_code`, `receive_qty`, `quality_of_product`, `receive_status`, `receive_datetime`, `delivered_datetime`) VALUES ('986', '961', '68', 3, 'Diesel', 'Ago', 'product_6011666941346.png', 'Litr', 150, '150.00', 'KES', '22500.00', 0, '2023-02-01 10:48:59', '2023-02-01 11:18:59', NULL, NULL, NULL, NULL, NULL, NULL, 0, NULL, NULL);
INSERT INTO `cart_order_details` (`id`, `cart_order_id`, `cart_user_id`, `category_id`, `name`, `type`, `image`, `measurement`, `qty`, `price`, `currency`, `total_price`, `status`, `cart_created`, `cart_updated`, `assign_order_id`, `assign_order_detail_id`, `transporter_id`, `otp_code`, `receive_qty`, `quality_of_product`, `receive_status`, `receive_datetime`, `delivered_datetime`) VALUES ('987', '962', '68', 2, 'Petrol', 'Pms', 'product_5051666941331.png', 'Litr', 150, '80.00', 'KES', '12000.00', 0, '2023-02-01 10:38:58', NULL, NULL, NULL, NULL, NULL, NULL, NULL, 0, NULL, NULL);
INSERT INTO `cart_order_details` (`id`, `cart_order_id`, `cart_user_id`, `category_id`, `name`, `type`, `image`, `measurement`, `qty`, `price`, `currency`, `total_price`, `status`, `cart_created`, `cart_updated`, `assign_order_id`, `assign_order_detail_id`, `transporter_id`, `otp_code`, `receive_qty`, `quality_of_product`, `receive_status`, `receive_datetime`, `delivered_datetime`) VALUES ('988', '962', '68', 3, 'Diesel', 'Ago', 'product_6011666941346.png', 'Litr', 150, '150.00', 'KES', '22500.00', 0, '2023-02-01 10:48:59', '2023-02-01 11:18:59', NULL, NULL, NULL, NULL, NULL, NULL, 0, NULL, NULL);
INSERT INTO `cart_order_details` (`id`, `cart_order_id`, `cart_user_id`, `category_id`, `name`, `type`, `image`, `measurement`, `qty`, `price`, `currency`, `total_price`, `status`, `cart_created`, `cart_updated`, `assign_order_id`, `assign_order_detail_id`, `transporter_id`, `otp_code`, `receive_qty`, `quality_of_product`, `receive_status`, `receive_datetime`, `delivered_datetime`) VALUES ('989', '963', '68', 2, 'Petrol', 'Pms', 'product_5051666941331.png', 'Litr', 150, '80.00', 'KES', '12000.00', 0, '2023-02-01 10:38:58', NULL, NULL, NULL, NULL, NULL, NULL, NULL, 0, NULL, NULL);
INSERT INTO `cart_order_details` (`id`, `cart_order_id`, `cart_user_id`, `category_id`, `name`, `type`, `image`, `measurement`, `qty`, `price`, `currency`, `total_price`, `status`, `cart_created`, `cart_updated`, `assign_order_id`, `assign_order_detail_id`, `transporter_id`, `otp_code`, `receive_qty`, `quality_of_product`, `receive_status`, `receive_datetime`, `delivered_datetime`) VALUES ('990', '963', '68', 3, 'Diesel', 'Ago', 'product_6011666941346.png', 'Litr', 150, '150.00', 'KES', '22500.00', 0, '2023-02-01 10:48:59', '2023-02-01 11:18:59', NULL, NULL, NULL, NULL, NULL, NULL, 0, NULL, NULL);
INSERT INTO `cart_order_details` (`id`, `cart_order_id`, `cart_user_id`, `category_id`, `name`, `type`, `image`, `measurement`, `qty`, `price`, `currency`, `total_price`, `status`, `cart_created`, `cart_updated`, `assign_order_id`, `assign_order_detail_id`, `transporter_id`, `otp_code`, `receive_qty`, `quality_of_product`, `receive_status`, `receive_datetime`, `delivered_datetime`) VALUES ('991', '964', '68', 2, 'Petrol', 'Pms', 'product_5051666941331.png', 'Litr', 150, '80.00', 'KES', '12000.00', 0, '2023-02-01 10:38:58', NULL, NULL, NULL, NULL, NULL, NULL, NULL, 0, NULL, NULL);
INSERT INTO `cart_order_details` (`id`, `cart_order_id`, `cart_user_id`, `category_id`, `name`, `type`, `image`, `measurement`, `qty`, `price`, `currency`, `total_price`, `status`, `cart_created`, `cart_updated`, `assign_order_id`, `assign_order_detail_id`, `transporter_id`, `otp_code`, `receive_qty`, `quality_of_product`, `receive_status`, `receive_datetime`, `delivered_datetime`) VALUES ('992', '964', '68', 3, 'Diesel', 'Ago', 'product_6011666941346.png', 'Litr', 150, '150.00', 'KES', '22500.00', 0, '2023-02-01 10:48:59', '2023-02-01 11:18:59', NULL, NULL, NULL, NULL, NULL, NULL, 0, NULL, NULL);
INSERT INTO `cart_order_details` (`id`, `cart_order_id`, `cart_user_id`, `category_id`, `name`, `type`, `image`, `measurement`, `qty`, `price`, `currency`, `total_price`, `status`, `cart_created`, `cart_updated`, `assign_order_id`, `assign_order_detail_id`, `transporter_id`, `otp_code`, `receive_qty`, `quality_of_product`, `receive_status`, `receive_datetime`, `delivered_datetime`) VALUES ('993', '965', '107', 4, 'Gas', 'Lpg Eqwipetrol', 'product_3491666941361.png', 'Litr', 147, '118.00', 'KES', '17346.00', 0, '2023-02-01 11:06:41', NULL, NULL, NULL, NULL, NULL, NULL, NULL, 0, NULL, NULL);
INSERT INTO `cart_order_details` (`id`, `cart_order_id`, `cart_user_id`, `category_id`, `name`, `type`, `image`, `measurement`, `qty`, `price`, `currency`, `total_price`, `status`, `cart_created`, `cart_updated`, `assign_order_id`, `assign_order_detail_id`, `transporter_id`, `otp_code`, `receive_qty`, `quality_of_product`, `receive_status`, `receive_datetime`, `delivered_datetime`) VALUES ('994', '966', '68', 2, 'Petrol', 'Pms', 'product_5051666941331.png', 'Litr', 150, '80.00', 'KES', '12000.00', 0, '2023-02-01 10:38:58', NULL, NULL, NULL, NULL, NULL, NULL, NULL, 0, NULL, NULL);
INSERT INTO `cart_order_details` (`id`, `cart_order_id`, `cart_user_id`, `category_id`, `name`, `type`, `image`, `measurement`, `qty`, `price`, `currency`, `total_price`, `status`, `cart_created`, `cart_updated`, `assign_order_id`, `assign_order_detail_id`, `transporter_id`, `otp_code`, `receive_qty`, `quality_of_product`, `receive_status`, `receive_datetime`, `delivered_datetime`) VALUES ('995', '966', '68', 3, 'Diesel', 'Ago', 'product_6011666941346.png', 'Litr', 150, '150.00', 'KES', '22500.00', 0, '2023-02-01 10:48:59', '2023-02-01 11:18:59', NULL, NULL, NULL, NULL, NULL, NULL, 0, NULL, NULL);
INSERT INTO `cart_order_details` (`id`, `cart_order_id`, `cart_user_id`, `category_id`, `name`, `type`, `image`, `measurement`, `qty`, `price`, `currency`, `total_price`, `status`, `cart_created`, `cart_updated`, `assign_order_id`, `assign_order_detail_id`, `transporter_id`, `otp_code`, `receive_qty`, `quality_of_product`, `receive_status`, `receive_datetime`, `delivered_datetime`) VALUES ('996', '967', '107', 4, 'Gas', 'Lpg Eqwipetrol', 'product_3491666941361.png', 'Litr', 147, '118.00', 'KES', '17346.00', 0, '2023-02-01 11:06:41', NULL, NULL, NULL, NULL, NULL, NULL, NULL, 0, NULL, NULL);
INSERT INTO `cart_order_details` (`id`, `cart_order_id`, `cart_user_id`, `category_id`, `name`, `type`, `image`, `measurement`, `qty`, `price`, `currency`, `total_price`, `status`, `cart_created`, `cart_updated`, `assign_order_id`, `assign_order_detail_id`, `transporter_id`, `otp_code`, `receive_qty`, `quality_of_product`, `receive_status`, `receive_datetime`, `delivered_datetime`) VALUES ('997', '968', '107', 4, 'Gas', 'Lpg Eqwipetrol', 'product_3491666941361.png', 'Litr', 147, '118.00', 'KES', '17346.00', 0, '2023-02-01 11:06:41', NULL, NULL, NULL, NULL, NULL, NULL, NULL, 0, NULL, NULL);
INSERT INTO `cart_order_details` (`id`, `cart_order_id`, `cart_user_id`, `category_id`, `name`, `type`, `image`, `measurement`, `qty`, `price`, `currency`, `total_price`, `status`, `cart_created`, `cart_updated`, `assign_order_id`, `assign_order_detail_id`, `transporter_id`, `otp_code`, `receive_qty`, `quality_of_product`, `receive_status`, `receive_datetime`, `delivered_datetime`) VALUES ('998', '969', '107', 4, 'Gas', 'Lpg Eqwipetrol', 'product_3491666941361.png', 'Litr', 147, '118.00', 'KES', '17346.00', 0, '2023-02-01 11:06:41', NULL, NULL, NULL, NULL, NULL, NULL, NULL, 0, NULL, NULL);
INSERT INTO `cart_order_details` (`id`, `cart_order_id`, `cart_user_id`, `category_id`, `name`, `type`, `image`, `measurement`, `qty`, `price`, `currency`, `total_price`, `status`, `cart_created`, `cart_updated`, `assign_order_id`, `assign_order_detail_id`, `transporter_id`, `otp_code`, `receive_qty`, `quality_of_product`, `receive_status`, `receive_datetime`, `delivered_datetime`) VALUES ('999', '970', '107', 4, 'Gas', 'Lpg Eqwipetrol', 'product_3491666941361.png', 'Litr', 147, '118.00', 'KES', '17346.00', 0, '2023-02-01 11:06:41', NULL, NULL, NULL, NULL, NULL, NULL, NULL, 0, NULL, NULL);
INSERT INTO `cart_order_details` (`id`, `cart_order_id`, `cart_user_id`, `category_id`, `name`, `type`, `image`, `measurement`, `qty`, `price`, `currency`, `total_price`, `status`, `cart_created`, `cart_updated`, `assign_order_id`, `assign_order_detail_id`, `transporter_id`, `otp_code`, `receive_qty`, `quality_of_product`, `receive_status`, `receive_datetime`, `delivered_datetime`) VALUES ('1000', '971', '107', 4, 'Gas', 'Lpg Eqwipetrol', 'product_3491666941361.png', 'Litr', 147, '118.00', 'KES', '17346.00', 0, '2023-02-01 11:06:41', NULL, NULL, NULL, NULL, NULL, NULL, NULL, 0, NULL, NULL);
INSERT INTO `cart_order_details` (`id`, `cart_order_id`, `cart_user_id`, `category_id`, `name`, `type`, `image`, `measurement`, `qty`, `price`, `currency`, `total_price`, `status`, `cart_created`, `cart_updated`, `assign_order_id`, `assign_order_detail_id`, `transporter_id`, `otp_code`, `receive_qty`, `quality_of_product`, `receive_status`, `receive_datetime`, `delivered_datetime`) VALUES ('1001', '972', '107', 4, 'Gas', 'Lpg Eqwipetrol', 'product_3491666941361.png', 'Litr', 147, '118.00', 'KES', '17346.00', 0, '2023-02-01 11:06:41', NULL, NULL, NULL, NULL, NULL, NULL, NULL, 0, NULL, NULL);
INSERT INTO `cart_order_details` (`id`, `cart_order_id`, `cart_user_id`, `category_id`, `name`, `type`, `image`, `measurement`, `qty`, `price`, `currency`, `total_price`, `status`, `cart_created`, `cart_updated`, `assign_order_id`, `assign_order_detail_id`, `transporter_id`, `otp_code`, `receive_qty`, `quality_of_product`, `receive_status`, `receive_datetime`, `delivered_datetime`) VALUES ('1002', '973', '107', 4, 'Gas', 'Lpg Eqwipetrol', 'product_3491666941361.png', 'Litr', 147, '118.00', 'KES', '17346.00', 0, '2023-02-01 11:06:41', NULL, NULL, NULL, NULL, NULL, NULL, NULL, 0, NULL, NULL);
INSERT INTO `cart_order_details` (`id`, `cart_order_id`, `cart_user_id`, `category_id`, `name`, `type`, `image`, `measurement`, `qty`, `price`, `currency`, `total_price`, `status`, `cart_created`, `cart_updated`, `assign_order_id`, `assign_order_detail_id`, `transporter_id`, `otp_code`, `receive_qty`, `quality_of_product`, `receive_status`, `receive_datetime`, `delivered_datetime`) VALUES ('1003', '974', '68', 2, 'Petrol', 'Pms', 'product_5051666941331.png', 'Litr', 150, '80.00', 'KES', '12000.00', 0, '2023-02-01 10:38:58', NULL, NULL, NULL, NULL, NULL, NULL, NULL, 0, NULL, NULL);
INSERT INTO `cart_order_details` (`id`, `cart_order_id`, `cart_user_id`, `category_id`, `name`, `type`, `image`, `measurement`, `qty`, `price`, `currency`, `total_price`, `status`, `cart_created`, `cart_updated`, `assign_order_id`, `assign_order_detail_id`, `transporter_id`, `otp_code`, `receive_qty`, `quality_of_product`, `receive_status`, `receive_datetime`, `delivered_datetime`) VALUES ('1004', '974', '68', 3, 'Diesel', 'Ago', 'product_6011666941346.png', 'Litr', 150, '150.00', 'KES', '22500.00', 0, '2023-02-01 10:48:59', '2023-02-01 11:18:59', NULL, NULL, NULL, NULL, NULL, NULL, 0, NULL, NULL);
INSERT INTO `cart_order_details` (`id`, `cart_order_id`, `cart_user_id`, `category_id`, `name`, `type`, `image`, `measurement`, `qty`, `price`, `currency`, `total_price`, `status`, `cart_created`, `cart_updated`, `assign_order_id`, `assign_order_detail_id`, `transporter_id`, `otp_code`, `receive_qty`, `quality_of_product`, `receive_status`, `receive_datetime`, `delivered_datetime`) VALUES ('1005', '975', '107', 4, 'Gas', 'Lpg Eqwipetrol', 'product_3491666941361.png', 'Litr', 147, '118.00', 'KES', '17346.00', 0, '2023-02-01 11:06:41', NULL, NULL, NULL, NULL, NULL, NULL, NULL, 0, NULL, NULL);
INSERT INTO `cart_order_details` (`id`, `cart_order_id`, `cart_user_id`, `category_id`, `name`, `type`, `image`, `measurement`, `qty`, `price`, `currency`, `total_price`, `status`, `cart_created`, `cart_updated`, `assign_order_id`, `assign_order_detail_id`, `transporter_id`, `otp_code`, `receive_qty`, `quality_of_product`, `receive_status`, `receive_datetime`, `delivered_datetime`) VALUES ('1006', '976', '107', 3, 'Diesel', 'Ago', 'product_6011666941346.png', 'Litr', 125, '150.00', 'KES', '18750.00', 0, '2023-02-01 15:39:46', NULL, NULL, NULL, NULL, NULL, NULL, NULL, 0, NULL, NULL);
INSERT INTO `cart_order_details` (`id`, `cart_order_id`, `cart_user_id`, `category_id`, `name`, `type`, `image`, `measurement`, `qty`, `price`, `currency`, `total_price`, `status`, `cart_created`, `cart_updated`, `assign_order_id`, `assign_order_detail_id`, `transporter_id`, `otp_code`, `receive_qty`, `quality_of_product`, `receive_status`, `receive_datetime`, `delivered_datetime`) VALUES ('1007', '977', '180', 2, 'Petrol', 'Pms', 'product_5051666941331.png', 'Litr', 150, '80.00', 'KES', '12000.00', 0, '2023-02-01 17:07:29', NULL, NULL, NULL, NULL, NULL, NULL, NULL, 0, NULL, NULL);
INSERT INTO `cart_order_details` (`id`, `cart_order_id`, `cart_user_id`, `category_id`, `name`, `type`, `image`, `measurement`, `qty`, `price`, `currency`, `total_price`, `status`, `cart_created`, `cart_updated`, `assign_order_id`, `assign_order_detail_id`, `transporter_id`, `otp_code`, `receive_qty`, `quality_of_product`, `receive_status`, `receive_datetime`, `delivered_datetime`) VALUES ('1008', '978', '180', 2, 'Petrol', 'Pms', 'product_5051666941331.png', 'Litr', 10000, '80.00', 'KES', '800000.00', 0, '2023-02-01 17:09:22', NULL, NULL, NULL, NULL, NULL, NULL, NULL, 0, NULL, NULL);
INSERT INTO `cart_order_details` (`id`, `cart_order_id`, `cart_user_id`, `category_id`, `name`, `type`, `image`, `measurement`, `qty`, `price`, `currency`, `total_price`, `status`, `cart_created`, `cart_updated`, `assign_order_id`, `assign_order_detail_id`, `transporter_id`, `otp_code`, `receive_qty`, `quality_of_product`, `receive_status`, `receive_datetime`, `delivered_datetime`) VALUES ('1009', '979', '180', 2, 'Petrol', 'Pms', 'product_5051666941331.png', 'Litr', 10000, '80.00', 'KES', '800000.00', 0, '2023-02-01 17:09:22', NULL, NULL, NULL, NULL, NULL, NULL, NULL, 0, NULL, NULL);
INSERT INTO `cart_order_details` (`id`, `cart_order_id`, `cart_user_id`, `category_id`, `name`, `type`, `image`, `measurement`, `qty`, `price`, `currency`, `total_price`, `status`, `cart_created`, `cart_updated`, `assign_order_id`, `assign_order_detail_id`, `transporter_id`, `otp_code`, `receive_qty`, `quality_of_product`, `receive_status`, `receive_datetime`, `delivered_datetime`) VALUES ('1010', '979', '180', 3, 'Diesel', 'Ago', 'product_6011666941346.png', 'Litr', 250, '150.00', 'KES', '37500.00', 0, '2023-02-01 17:26:29', NULL, NULL, NULL, NULL, NULL, NULL, NULL, 0, NULL, NULL);
INSERT INTO `cart_order_details` (`id`, `cart_order_id`, `cart_user_id`, `category_id`, `name`, `type`, `image`, `measurement`, `qty`, `price`, `currency`, `total_price`, `status`, `cart_created`, `cart_updated`, `assign_order_id`, `assign_order_detail_id`, `transporter_id`, `otp_code`, `receive_qty`, `quality_of_product`, `receive_status`, `receive_datetime`, `delivered_datetime`) VALUES ('1011', '980', '180', 4, 'Gas', 'Lpg Eqwipetrol', 'product_3491666941361.png', 'Litr', 245, '118.00', 'KES', '28910.00', 0, '2023-02-01 17:27:03', NULL, NULL, NULL, NULL, NULL, NULL, NULL, 0, NULL, NULL);
INSERT INTO `cart_order_details` (`id`, `cart_order_id`, `cart_user_id`, `category_id`, `name`, `type`, `image`, `measurement`, `qty`, `price`, `currency`, `total_price`, `status`, `cart_created`, `cart_updated`, `assign_order_id`, `assign_order_detail_id`, `transporter_id`, `otp_code`, `receive_qty`, `quality_of_product`, `receive_status`, `receive_datetime`, `delivered_datetime`) VALUES ('1012', '981', '68', 2, 'Petrol', 'Pms', 'product_5051666941331.png', 'Litr', 1506, '80.00', 'KES', '120480.00', 0, '2023-02-01 15:22:01', '2023-02-01 17:29:55', NULL, NULL, NULL, NULL, NULL, NULL, 0, NULL, NULL);


#
# TABLE STRUCTURE FOR: cart_orders
#

DROP TABLE IF EXISTS `cart_orders`;

CREATE TABLE `cart_orders` (
  `id` bigint(20) NOT NULL AUTO_INCREMENT,
  `user_id` bigint(20) NOT NULL,
  `owner_id` bigint(20) NOT NULL,
  `order_id` varchar(50) COLLATE utf8mb4_unicode_ci NOT NULL,
  `station_id` int(11) NOT NULL,
  `shipping_charge` decimal(11,2) NOT NULL,
  `tax` decimal(11,2) NOT NULL,
  `amount` decimal(11,2) NOT NULL,
  `total_amount` decimal(11,2) NOT NULL,
  `currency` varchar(20) COLLATE utf8mb4_unicode_ci NOT NULL,
  `order_status` enum('New','Pending','Assigned','Accepted','Processing','Delivered','Cancelled','Rejected','Completed') COLLATE utf8mb4_unicode_ci NOT NULL DEFAULT 'New',
  `is_owner` tinyint(1) NOT NULL DEFAULT '0',
  `order_date` date NOT NULL,
  `is_schedule_delivery` tinyint(1) NOT NULL DEFAULT '0',
  `delivery_date` date NOT NULL,
  `delivery_time` time DEFAULT NULL,
  `payment_type` enum('None','Upfront','50 Advance','On Delivery') COLLATE utf8mb4_unicode_ci NOT NULL DEFAULT 'None',
  `time_left_to_accept` datetime NOT NULL,
  `otp_code` int(11) NOT NULL,
  `quality_of_product` varchar(50) COLLATE utf8mb4_unicode_ci DEFAULT NULL,
  `receive_qty` int(11) DEFAULT NULL,
  `receive_status` tinyint(1) DEFAULT '0',
  `receive_datetime` datetime DEFAULT NULL,
  `delivered_datetime` datetime DEFAULT NULL,
  `signature_file` varchar(50) COLLATE utf8mb4_unicode_ci DEFAULT NULL,
  `coupon_code` varchar(50) COLLATE utf8mb4_unicode_ci DEFAULT NULL,
  `coupon_id` int(11) DEFAULT NULL,
  `discount` decimal(11,2) DEFAULT NULL,
  `status` tinyint(1) NOT NULL DEFAULT '0',
  `is_order` tinyint(1) NOT NULL DEFAULT '0',
  `is_approve` tinyint(1) NOT NULL DEFAULT '0',
  `rating` int(1) NOT NULL,
  `review` text COLLATE utf8mb4_unicode_ci,
  `review_date` datetime DEFAULT NULL,
  `transporter_id` int(11) NOT NULL,
  `created_date` datetime NOT NULL,
  `updated_date` datetime DEFAULT NULL,
  PRIMARY KEY (`id`)
) ENGINE=InnoDB AUTO_INCREMENT=982 DEFAULT CHARSET=utf8mb4 COLLATE=utf8mb4_unicode_ci;

INSERT INTO `cart_orders` (`id`, `user_id`, `owner_id`, `order_id`, `station_id`, `shipping_charge`, `tax`, `amount`, `total_amount`, `currency`, `order_status`, `is_owner`, `order_date`, `is_schedule_delivery`, `delivery_date`, `delivery_time`, `payment_type`, `time_left_to_accept`, `otp_code`, `quality_of_product`, `receive_qty`, `receive_status`, `receive_datetime`, `delivered_datetime`, `signature_file`, `coupon_code`, `coupon_id`, `discount`, `status`, `is_order`, `is_approve`, `rating`, `review`, `review_date`, `transporter_id`, `created_date`, `updated_date`) VALUES ('865', '172', '152', 'O00865', 124, '100.00', '20.00', '9600.00', '9720.00', 'KES', 'New', 0, '2023-01-25', 1, '2023-01-26', '14:31:00', 'None', '2023-01-25 14:51:44', 0, NULL, NULL, 0, NULL, NULL, NULL, '', 0, '0.00', 0, 1, 0, 0, NULL, NULL, 0, '2023-01-25 14:31:44', '2023-01-25 14:31:44');
INSERT INTO `cart_orders` (`id`, `user_id`, `owner_id`, `order_id`, `station_id`, `shipping_charge`, `tax`, `amount`, `total_amount`, `currency`, `order_status`, `is_owner`, `order_date`, `is_schedule_delivery`, `delivery_date`, `delivery_time`, `payment_type`, `time_left_to_accept`, `otp_code`, `quality_of_product`, `receive_qty`, `receive_status`, `receive_datetime`, `delivered_datetime`, `signature_file`, `coupon_code`, `coupon_id`, `discount`, `status`, `is_order`, `is_approve`, `rating`, `review`, `review_date`, `transporter_id`, `created_date`, `updated_date`) VALUES ('866', '172', '152', 'O00866', 124, '100.00', '20.00', '10000.00', '10120.00', 'KES', 'New', 0, '2023-01-25', 0, '2023-01-25', '00:00:00', 'None', '2023-01-25 14:53:05', 0, NULL, NULL, 0, NULL, NULL, NULL, '', 0, '0.00', 0, 1, 0, 0, NULL, NULL, 0, '2023-01-25 14:33:05', '2023-01-25 14:33:05');
INSERT INTO `cart_orders` (`id`, `user_id`, `owner_id`, `order_id`, `station_id`, `shipping_charge`, `tax`, `amount`, `total_amount`, `currency`, `order_status`, `is_owner`, `order_date`, `is_schedule_delivery`, `delivery_date`, `delivery_time`, `payment_type`, `time_left_to_accept`, `otp_code`, `quality_of_product`, `receive_qty`, `receive_status`, `receive_datetime`, `delivered_datetime`, `signature_file`, `coupon_code`, `coupon_id`, `discount`, `status`, `is_order`, `is_approve`, `rating`, `review`, `review_date`, `transporter_id`, `created_date`, `updated_date`) VALUES ('867', '172', '152', 'O00867', 124, '100.00', '20.00', '10000.00', '10120.00', 'KES', 'New', 0, '2023-01-25', 0, '2023-01-25', '00:00:00', 'None', '2023-01-25 14:53:56', 0, NULL, NULL, 0, NULL, NULL, NULL, '', 0, '0.00', 0, 1, 0, 0, NULL, NULL, 0, '2023-01-25 14:33:56', '2023-01-25 14:33:56');
INSERT INTO `cart_orders` (`id`, `user_id`, `owner_id`, `order_id`, `station_id`, `shipping_charge`, `tax`, `amount`, `total_amount`, `currency`, `order_status`, `is_owner`, `order_date`, `is_schedule_delivery`, `delivery_date`, `delivery_time`, `payment_type`, `time_left_to_accept`, `otp_code`, `quality_of_product`, `receive_qty`, `receive_status`, `receive_datetime`, `delivered_datetime`, `signature_file`, `coupon_code`, `coupon_id`, `discount`, `status`, `is_order`, `is_approve`, `rating`, `review`, `review_date`, `transporter_id`, `created_date`, `updated_date`) VALUES ('868', '174', '162', 'O00868', 133, '100.00', '20.00', '10000.00', '10120.00', 'KES', 'Processing', 0, '2023-01-25', 0, '2023-01-25', '00:00:00', 'Upfront', '2023-01-25 14:55:40', 5977, NULL, NULL, 0, NULL, NULL, NULL, '', 0, '0.00', 0, 1, 1, 0, NULL, NULL, 160, '2023-01-25 14:35:11', '2023-01-25 14:35:40');
INSERT INTO `cart_orders` (`id`, `user_id`, `owner_id`, `order_id`, `station_id`, `shipping_charge`, `tax`, `amount`, `total_amount`, `currency`, `order_status`, `is_owner`, `order_date`, `is_schedule_delivery`, `delivery_date`, `delivery_time`, `payment_type`, `time_left_to_accept`, `otp_code`, `quality_of_product`, `receive_qty`, `receive_status`, `receive_datetime`, `delivered_datetime`, `signature_file`, `coupon_code`, `coupon_id`, `discount`, `status`, `is_order`, `is_approve`, `rating`, `review`, `review_date`, `transporter_id`, `created_date`, `updated_date`) VALUES ('869', '68', '68', 'O00869', 125, '100.00', '20.00', '12000.00', '12120.00', 'KES', 'Accepted', 1, '2023-01-25', 0, '2023-01-25', '00:00:00', 'Upfront', '2023-01-25 14:55:52', 0, NULL, NULL, 0, NULL, NULL, NULL, '', 0, '0.00', 0, 1, 1, 0, NULL, NULL, 160, '2023-01-25 14:35:52', '2023-01-25 14:35:52');
INSERT INTO `cart_orders` (`id`, `user_id`, `owner_id`, `order_id`, `station_id`, `shipping_charge`, `tax`, `amount`, `total_amount`, `currency`, `order_status`, `is_owner`, `order_date`, `is_schedule_delivery`, `delivery_date`, `delivery_time`, `payment_type`, `time_left_to_accept`, `otp_code`, `quality_of_product`, `receive_qty`, `receive_status`, `receive_datetime`, `delivered_datetime`, `signature_file`, `coupon_code`, `coupon_id`, `discount`, `status`, `is_order`, `is_approve`, `rating`, `review`, `review_date`, `transporter_id`, `created_date`, `updated_date`) VALUES ('870', '68', '68', 'O00870', 125, '100.00', '20.00', '12000.00', '12120.00', 'KES', 'Completed', 1, '2023-01-25', 0, '2023-01-25', '00:00:00', 'Upfront', '2023-01-25 14:57:40', 0, NULL, NULL, 0, NULL, '2023-01-31 15:36:41', 'sign_3341675159601.png', '', 0, '0.00', 0, 1, 1, 0, NULL, NULL, 19, '2023-01-25 14:37:40', '2023-01-25 14:37:40');
INSERT INTO `cart_orders` (`id`, `user_id`, `owner_id`, `order_id`, `station_id`, `shipping_charge`, `tax`, `amount`, `total_amount`, `currency`, `order_status`, `is_owner`, `order_date`, `is_schedule_delivery`, `delivery_date`, `delivery_time`, `payment_type`, `time_left_to_accept`, `otp_code`, `quality_of_product`, `receive_qty`, `receive_status`, `receive_datetime`, `delivered_datetime`, `signature_file`, `coupon_code`, `coupon_id`, `discount`, `status`, `is_order`, `is_approve`, `rating`, `review`, `review_date`, `transporter_id`, `created_date`, `updated_date`) VALUES ('871', '68', '68', 'O00871', 125, '100.00', '20.00', '12000.00', '12120.00', 'KES', 'Pending', 1, '2023-01-25', 0, '2023-01-25', '00:00:00', 'Upfront', '2023-01-25 14:59:44', 0, NULL, NULL, 0, NULL, NULL, NULL, '', 0, '0.00', 0, 1, 1, 0, NULL, NULL, 0, '2023-01-25 14:39:44', '2023-01-25 14:39:44');
INSERT INTO `cart_orders` (`id`, `user_id`, `owner_id`, `order_id`, `station_id`, `shipping_charge`, `tax`, `amount`, `total_amount`, `currency`, `order_status`, `is_owner`, `order_date`, `is_schedule_delivery`, `delivery_date`, `delivery_time`, `payment_type`, `time_left_to_accept`, `otp_code`, `quality_of_product`, `receive_qty`, `receive_status`, `receive_datetime`, `delivered_datetime`, `signature_file`, `coupon_code`, `coupon_id`, `discount`, `status`, `is_order`, `is_approve`, `rating`, `review`, `review_date`, `transporter_id`, `created_date`, `updated_date`) VALUES ('872', '174', '162', 'O00872', 133, '100.00', '20.00', '10000.00', '10120.00', 'KES', 'New', 0, '2023-01-25', 0, '2023-01-25', '00:00:00', 'None', '2023-01-25 15:00:03', 0, NULL, NULL, 0, NULL, NULL, NULL, '', 0, '0.00', 0, 1, 0, 0, NULL, NULL, 0, '2023-01-25 14:40:03', '2023-01-25 14:40:03');
INSERT INTO `cart_orders` (`id`, `user_id`, `owner_id`, `order_id`, `station_id`, `shipping_charge`, `tax`, `amount`, `total_amount`, `currency`, `order_status`, `is_owner`, `order_date`, `is_schedule_delivery`, `delivery_date`, `delivery_time`, `payment_type`, `time_left_to_accept`, `otp_code`, `quality_of_product`, `receive_qty`, `receive_status`, `receive_datetime`, `delivered_datetime`, `signature_file`, `coupon_code`, `coupon_id`, `discount`, `status`, `is_order`, `is_approve`, `rating`, `review`, `review_date`, `transporter_id`, `created_date`, `updated_date`) VALUES ('873', '174', '162', 'O00873', 133, '100.00', '20.00', '10000.00', '10120.00', 'KES', 'New', 0, '2023-01-25', 0, '2023-01-25', '00:00:00', 'None', '2023-01-25 15:00:49', 0, NULL, NULL, 0, NULL, NULL, NULL, '', 0, '0.00', 0, 1, 0, 0, NULL, NULL, 0, '2023-01-25 14:40:49', '2023-01-25 14:40:49');
INSERT INTO `cart_orders` (`id`, `user_id`, `owner_id`, `order_id`, `station_id`, `shipping_charge`, `tax`, `amount`, `total_amount`, `currency`, `order_status`, `is_owner`, `order_date`, `is_schedule_delivery`, `delivery_date`, `delivery_time`, `payment_type`, `time_left_to_accept`, `otp_code`, `quality_of_product`, `receive_qty`, `receive_status`, `receive_datetime`, `delivered_datetime`, `signature_file`, `coupon_code`, `coupon_id`, `discount`, `status`, `is_order`, `is_approve`, `rating`, `review`, `review_date`, `transporter_id`, `created_date`, `updated_date`) VALUES ('874', '68', '68', 'O00874', 125, '100.00', '20.00', '38100.00', '38220.00', 'KES', 'New', 1, '2023-01-25', 0, '2023-01-25', '00:00:00', 'Upfront', '2023-01-25 16:08:02', 0, NULL, NULL, 0, NULL, NULL, NULL, '', 0, '0.00', 0, 0, 1, 0, NULL, NULL, 0, '2023-01-25 15:48:02', '2023-01-25 15:48:02');
INSERT INTO `cart_orders` (`id`, `user_id`, `owner_id`, `order_id`, `station_id`, `shipping_charge`, `tax`, `amount`, `total_amount`, `currency`, `order_status`, `is_owner`, `order_date`, `is_schedule_delivery`, `delivery_date`, `delivery_time`, `payment_type`, `time_left_to_accept`, `otp_code`, `quality_of_product`, `receive_qty`, `receive_status`, `receive_datetime`, `delivered_datetime`, `signature_file`, `coupon_code`, `coupon_id`, `discount`, `status`, `is_order`, `is_approve`, `rating`, `review`, `review_date`, `transporter_id`, `created_date`, `updated_date`) VALUES ('875', '63', '63', 'O00875', 107, '100.00', '20.00', '36150.00', '36270.00', 'KES', 'Pending', 1, '2023-01-25', 0, '2023-01-25', '00:00:00', 'Upfront', '2023-01-25 16:13:17', 0, NULL, NULL, 0, NULL, NULL, NULL, '', 0, '0.00', 0, 1, 1, 0, NULL, NULL, 0, '2023-01-25 15:53:17', '2023-01-25 15:53:17');
INSERT INTO `cart_orders` (`id`, `user_id`, `owner_id`, `order_id`, `station_id`, `shipping_charge`, `tax`, `amount`, `total_amount`, `currency`, `order_status`, `is_owner`, `order_date`, `is_schedule_delivery`, `delivery_date`, `delivery_time`, `payment_type`, `time_left_to_accept`, `otp_code`, `quality_of_product`, `receive_qty`, `receive_status`, `receive_datetime`, `delivered_datetime`, `signature_file`, `coupon_code`, `coupon_id`, `discount`, `status`, `is_order`, `is_approve`, `rating`, `review`, `review_date`, `transporter_id`, `created_date`, `updated_date`) VALUES ('876', '70', '70', 'O00876', 70, '100.00', '20.00', '80000.00', '80120.00', 'KES', 'Pending', 1, '2023-01-25', 0, '2023-01-25', '00:00:00', 'Upfront', '2023-01-25 16:35:18', 0, NULL, NULL, 0, NULL, NULL, NULL, '', 0, '0.00', 0, 1, 1, 0, NULL, NULL, 0, '2023-01-25 16:15:18', '2023-01-25 16:15:18');
INSERT INTO `cart_orders` (`id`, `user_id`, `owner_id`, `order_id`, `station_id`, `shipping_charge`, `tax`, `amount`, `total_amount`, `currency`, `order_status`, `is_owner`, `order_date`, `is_schedule_delivery`, `delivery_date`, `delivery_time`, `payment_type`, `time_left_to_accept`, `otp_code`, `quality_of_product`, `receive_qty`, `receive_status`, `receive_datetime`, `delivered_datetime`, `signature_file`, `coupon_code`, `coupon_id`, `discount`, `status`, `is_order`, `is_approve`, `rating`, `review`, `review_date`, `transporter_id`, `created_date`, `updated_date`) VALUES ('877', '70', '70', 'O00877', 70, '100.00', '20.00', '800000.00', '800120.00', 'KES', 'New', 1, '2023-01-25', 0, '2023-01-25', '00:00:00', 'Upfront', '2023-01-25 18:10:02', 0, NULL, NULL, 0, NULL, NULL, NULL, '', 0, '0.00', 0, 0, 1, 0, NULL, NULL, 0, '2023-01-25 17:50:02', '2023-01-25 17:50:02');
INSERT INTO `cart_orders` (`id`, `user_id`, `owner_id`, `order_id`, `station_id`, `shipping_charge`, `tax`, `amount`, `total_amount`, `currency`, `order_status`, `is_owner`, `order_date`, `is_schedule_delivery`, `delivery_date`, `delivery_time`, `payment_type`, `time_left_to_accept`, `otp_code`, `quality_of_product`, `receive_qty`, `receive_status`, `receive_datetime`, `delivered_datetime`, `signature_file`, `coupon_code`, `coupon_id`, `discount`, `status`, `is_order`, `is_approve`, `rating`, `review`, `review_date`, `transporter_id`, `created_date`, `updated_date`) VALUES ('878', '70', '70', 'O00878', 70, '100.00', '20.00', '800000.00', '800120.00', 'KES', 'New', 1, '2023-01-25', 0, '2023-01-25', '00:00:00', 'Upfront', '2023-01-25 18:12:10', 0, NULL, NULL, 0, NULL, NULL, NULL, '', 0, '0.00', 0, 0, 1, 0, NULL, NULL, 0, '2023-01-25 17:52:10', '2023-01-25 17:52:10');
INSERT INTO `cart_orders` (`id`, `user_id`, `owner_id`, `order_id`, `station_id`, `shipping_charge`, `tax`, `amount`, `total_amount`, `currency`, `order_status`, `is_owner`, `order_date`, `is_schedule_delivery`, `delivery_date`, `delivery_time`, `payment_type`, `time_left_to_accept`, `otp_code`, `quality_of_product`, `receive_qty`, `receive_status`, `receive_datetime`, `delivered_datetime`, `signature_file`, `coupon_code`, `coupon_id`, `discount`, `status`, `is_order`, `is_approve`, `rating`, `review`, `review_date`, `transporter_id`, `created_date`, `updated_date`) VALUES ('879', '70', '70', 'O00879', 70, '100.00', '20.00', '800000.00', '800120.00', 'KES', 'New', 1, '2023-01-25', 0, '2023-01-25', '00:00:00', 'Upfront', '2023-01-25 18:12:58', 0, NULL, NULL, 0, NULL, NULL, NULL, '', 0, '0.00', 0, 0, 1, 0, NULL, NULL, 0, '2023-01-25 17:52:58', '2023-01-25 17:52:58');
INSERT INTO `cart_orders` (`id`, `user_id`, `owner_id`, `order_id`, `station_id`, `shipping_charge`, `tax`, `amount`, `total_amount`, `currency`, `order_status`, `is_owner`, `order_date`, `is_schedule_delivery`, `delivery_date`, `delivery_time`, `payment_type`, `time_left_to_accept`, `otp_code`, `quality_of_product`, `receive_qty`, `receive_status`, `receive_datetime`, `delivered_datetime`, `signature_file`, `coupon_code`, `coupon_id`, `discount`, `status`, `is_order`, `is_approve`, `rating`, `review`, `review_date`, `transporter_id`, `created_date`, `updated_date`) VALUES ('880', '70', '70', 'O00880', 70, '100.00', '20.00', '800000.00', '800120.00', 'KES', 'New', 1, '2023-01-25', 0, '2023-01-25', '00:00:00', 'Upfront', '2023-01-25 18:13:37', 0, NULL, NULL, 0, NULL, NULL, NULL, '', 0, '0.00', 0, 0, 1, 0, NULL, NULL, 0, '2023-01-25 17:53:37', '2023-01-25 17:53:37');
INSERT INTO `cart_orders` (`id`, `user_id`, `owner_id`, `order_id`, `station_id`, `shipping_charge`, `tax`, `amount`, `total_amount`, `currency`, `order_status`, `is_owner`, `order_date`, `is_schedule_delivery`, `delivery_date`, `delivery_time`, `payment_type`, `time_left_to_accept`, `otp_code`, `quality_of_product`, `receive_qty`, `receive_status`, `receive_datetime`, `delivered_datetime`, `signature_file`, `coupon_code`, `coupon_id`, `discount`, `status`, `is_order`, `is_approve`, `rating`, `review`, `review_date`, `transporter_id`, `created_date`, `updated_date`) VALUES ('881', '70', '70', 'O00881', 70, '100.00', '20.00', '80000.00', '80120.00', 'KES', 'New', 1, '2023-01-25', 0, '2023-01-25', '00:00:00', 'Upfront', '2023-01-25 18:14:13', 0, NULL, NULL, 0, NULL, NULL, NULL, '', 0, '0.00', 0, 0, 1, 0, NULL, NULL, 0, '2023-01-25 17:54:13', '2023-01-25 17:54:13');
INSERT INTO `cart_orders` (`id`, `user_id`, `owner_id`, `order_id`, `station_id`, `shipping_charge`, `tax`, `amount`, `total_amount`, `currency`, `order_status`, `is_owner`, `order_date`, `is_schedule_delivery`, `delivery_date`, `delivery_time`, `payment_type`, `time_left_to_accept`, `otp_code`, `quality_of_product`, `receive_qty`, `receive_status`, `receive_datetime`, `delivered_datetime`, `signature_file`, `coupon_code`, `coupon_id`, `discount`, `status`, `is_order`, `is_approve`, `rating`, `review`, `review_date`, `transporter_id`, `created_date`, `updated_date`) VALUES ('882', '70', '70', 'O00882', 70, '100.00', '20.00', '80000.00', '80120.00', 'KES', 'Completed', 1, '2023-01-25', 0, '2023-01-25', '00:00:00', 'Upfront', '2023-01-25 18:14:14', 0, 'Good', 1000, 1, '2023-01-25 18:16:52', '2023-01-25 18:14:15', 'sign_3891674650655.png', '', 0, '0.00', 1, 1, 1, 0, NULL, NULL, 175, '2023-01-25 17:54:14', '2023-01-25 17:54:14');
INSERT INTO `cart_orders` (`id`, `user_id`, `owner_id`, `order_id`, `station_id`, `shipping_charge`, `tax`, `amount`, `total_amount`, `currency`, `order_status`, `is_owner`, `order_date`, `is_schedule_delivery`, `delivery_date`, `delivery_time`, `payment_type`, `time_left_to_accept`, `otp_code`, `quality_of_product`, `receive_qty`, `receive_status`, `receive_datetime`, `delivered_datetime`, `signature_file`, `coupon_code`, `coupon_id`, `discount`, `status`, `is_order`, `is_approve`, `rating`, `review`, `review_date`, `transporter_id`, `created_date`, `updated_date`) VALUES ('883', '70', '70', 'O00883', 70, '100.00', '20.00', '300000.00', '300120.00', 'KES', 'New', 1, '2023-01-25', 0, '2023-01-25', '00:00:00', 'Upfront', '2023-01-25 18:39:48', 0, NULL, NULL, 0, NULL, NULL, NULL, '', 0, '0.00', 0, 0, 1, 0, NULL, NULL, 0, '2023-01-25 18:19:48', '2023-01-25 18:19:48');
INSERT INTO `cart_orders` (`id`, `user_id`, `owner_id`, `order_id`, `station_id`, `shipping_charge`, `tax`, `amount`, `total_amount`, `currency`, `order_status`, `is_owner`, `order_date`, `is_schedule_delivery`, `delivery_date`, `delivery_time`, `payment_type`, `time_left_to_accept`, `otp_code`, `quality_of_product`, `receive_qty`, `receive_status`, `receive_datetime`, `delivered_datetime`, `signature_file`, `coupon_code`, `coupon_id`, `discount`, `status`, `is_order`, `is_approve`, `rating`, `review`, `review_date`, `transporter_id`, `created_date`, `updated_date`) VALUES ('884', '70', '70', 'O00884', 70, '100.00', '20.00', '300000.00', '300120.00', 'KES', 'New', 1, '2023-01-25', 0, '2023-01-25', '00:00:00', 'Upfront', '2023-01-25 18:40:12', 0, NULL, NULL, 0, NULL, NULL, NULL, '', 0, '0.00', 0, 0, 1, 0, NULL, NULL, 0, '2023-01-25 18:20:12', '2023-01-25 18:20:12');
INSERT INTO `cart_orders` (`id`, `user_id`, `owner_id`, `order_id`, `station_id`, `shipping_charge`, `tax`, `amount`, `total_amount`, `currency`, `order_status`, `is_owner`, `order_date`, `is_schedule_delivery`, `delivery_date`, `delivery_time`, `payment_type`, `time_left_to_accept`, `otp_code`, `quality_of_product`, `receive_qty`, `receive_status`, `receive_datetime`, `delivered_datetime`, `signature_file`, `coupon_code`, `coupon_id`, `discount`, `status`, `is_order`, `is_approve`, `rating`, `review`, `review_date`, `transporter_id`, `created_date`, `updated_date`) VALUES ('885', '70', '70', 'O00885', 70, '100.00', '20.00', '300000.00', '300120.00', 'KES', 'New', 1, '2023-01-25', 0, '2023-01-25', '00:00:00', 'Upfront', '2023-01-25 18:42:00', 0, NULL, NULL, 0, NULL, NULL, NULL, '', 0, '0.00', 0, 0, 1, 0, NULL, NULL, 0, '2023-01-25 18:22:00', '2023-01-25 18:22:00');
INSERT INTO `cart_orders` (`id`, `user_id`, `owner_id`, `order_id`, `station_id`, `shipping_charge`, `tax`, `amount`, `total_amount`, `currency`, `order_status`, `is_owner`, `order_date`, `is_schedule_delivery`, `delivery_date`, `delivery_time`, `payment_type`, `time_left_to_accept`, `otp_code`, `quality_of_product`, `receive_qty`, `receive_status`, `receive_datetime`, `delivered_datetime`, `signature_file`, `coupon_code`, `coupon_id`, `discount`, `status`, `is_order`, `is_approve`, `rating`, `review`, `review_date`, `transporter_id`, `created_date`, `updated_date`) VALUES ('886', '68', '68', 'O00886', 125, '100.00', '20.00', '50100.00', '50220.00', 'KES', 'Pending', 1, '2023-01-27', 0, '2023-01-27', '00:00:00', 'Upfront', '2023-01-27 17:36:54', 0, NULL, NULL, 0, NULL, NULL, NULL, '', 0, '0.00', 0, 1, 1, 0, NULL, NULL, 0, '2023-01-27 17:16:54', '2023-01-27 17:16:54');
INSERT INTO `cart_orders` (`id`, `user_id`, `owner_id`, `order_id`, `station_id`, `shipping_charge`, `tax`, `amount`, `total_amount`, `currency`, `order_status`, `is_owner`, `order_date`, `is_schedule_delivery`, `delivery_date`, `delivery_time`, `payment_type`, `time_left_to_accept`, `otp_code`, `quality_of_product`, `receive_qty`, `receive_status`, `receive_datetime`, `delivered_datetime`, `signature_file`, `coupon_code`, `coupon_id`, `discount`, `status`, `is_order`, `is_approve`, `rating`, `review`, `review_date`, `transporter_id`, `created_date`, `updated_date`) VALUES ('887', '68', '68', 'O00887', 125, '100.00', '20.00', '12000.00', '12120.00', 'KES', 'Pending', 1, '2023-01-27', 0, '2023-01-27', '00:00:00', 'Upfront', '2023-01-27 17:50:32', 0, NULL, NULL, 0, NULL, NULL, NULL, '', 0, '0.00', 0, 1, 1, 0, NULL, NULL, 0, '2023-01-27 17:30:32', '2023-01-27 17:30:32');
INSERT INTO `cart_orders` (`id`, `user_id`, `owner_id`, `order_id`, `station_id`, `shipping_charge`, `tax`, `amount`, `total_amount`, `currency`, `order_status`, `is_owner`, `order_date`, `is_schedule_delivery`, `delivery_date`, `delivery_time`, `payment_type`, `time_left_to_accept`, `otp_code`, `quality_of_product`, `receive_qty`, `receive_status`, `receive_datetime`, `delivered_datetime`, `signature_file`, `coupon_code`, `coupon_id`, `discount`, `status`, `is_order`, `is_approve`, `rating`, `review`, `review_date`, `transporter_id`, `created_date`, `updated_date`) VALUES ('888', '68', '68', 'O00888', 125, '100.00', '20.00', '12000.00', '12120.00', 'KES', 'Processing', 1, '2023-01-27', 0, '2023-01-27', '00:00:00', 'Upfront', '2023-01-27 17:51:37', 4400, NULL, NULL, 0, NULL, NULL, NULL, '', 0, '0.00', 0, 1, 1, 0, NULL, NULL, 19, '2023-01-27 17:31:37', '2023-01-27 17:31:37');
INSERT INTO `cart_orders` (`id`, `user_id`, `owner_id`, `order_id`, `station_id`, `shipping_charge`, `tax`, `amount`, `total_amount`, `currency`, `order_status`, `is_owner`, `order_date`, `is_schedule_delivery`, `delivery_date`, `delivery_time`, `payment_type`, `time_left_to_accept`, `otp_code`, `quality_of_product`, `receive_qty`, `receive_status`, `receive_datetime`, `delivered_datetime`, `signature_file`, `coupon_code`, `coupon_id`, `discount`, `status`, `is_order`, `is_approve`, `rating`, `review`, `review_date`, `transporter_id`, `created_date`, `updated_date`) VALUES ('889', '68', '68', 'O00889', 125, '100.00', '20.00', '10000.00', '10120.00', 'KES', 'New', 1, '2023-01-27', 0, '2023-01-27', '00:00:00', 'Upfront', '2023-01-27 18:42:10', 0, NULL, NULL, 0, NULL, NULL, NULL, '', 0, '0.00', 0, 0, 1, 0, NULL, NULL, 0, '2023-01-27 18:22:10', '2023-01-27 18:22:10');
INSERT INTO `cart_orders` (`id`, `user_id`, `owner_id`, `order_id`, `station_id`, `shipping_charge`, `tax`, `amount`, `total_amount`, `currency`, `order_status`, `is_owner`, `order_date`, `is_schedule_delivery`, `delivery_date`, `delivery_time`, `payment_type`, `time_left_to_accept`, `otp_code`, `quality_of_product`, `receive_qty`, `receive_status`, `receive_datetime`, `delivered_datetime`, `signature_file`, `coupon_code`, `coupon_id`, `discount`, `status`, `is_order`, `is_approve`, `rating`, `review`, `review_date`, `transporter_id`, `created_date`, `updated_date`) VALUES ('890', '174', '162', 'O00890', 133, '100.00', '20.00', '10000.00', '10120.00', 'KES', 'New', 0, '2023-01-27', 1, '2023-01-28', '08:34:00', 'None', '2023-01-27 18:54:24', 0, NULL, NULL, 0, NULL, NULL, NULL, '', 0, '0.00', 0, 1, 0, 0, NULL, NULL, 0, '2023-01-27 18:34:24', '2023-01-27 18:34:24');
INSERT INTO `cart_orders` (`id`, `user_id`, `owner_id`, `order_id`, `station_id`, `shipping_charge`, `tax`, `amount`, `total_amount`, `currency`, `order_status`, `is_owner`, `order_date`, `is_schedule_delivery`, `delivery_date`, `delivery_time`, `payment_type`, `time_left_to_accept`, `otp_code`, `quality_of_product`, `receive_qty`, `receive_status`, `receive_datetime`, `delivered_datetime`, `signature_file`, `coupon_code`, `coupon_id`, `discount`, `status`, `is_order`, `is_approve`, `rating`, `review`, `review_date`, `transporter_id`, `created_date`, `updated_date`) VALUES ('891', '68', '68', 'O00891', 125, '100.00', '20.00', '38700.00', '38820.00', 'KES', 'Pending', 1, '2023-01-27', 0, '2023-01-27', '00:00:00', 'Upfront', '2023-01-27 19:03:46', 0, NULL, NULL, 0, NULL, NULL, NULL, '', 0, '0.00', 0, 1, 1, 0, NULL, NULL, 0, '2023-01-27 18:43:46', '2023-01-27 18:43:46');
INSERT INTO `cart_orders` (`id`, `user_id`, `owner_id`, `order_id`, `station_id`, `shipping_charge`, `tax`, `amount`, `total_amount`, `currency`, `order_status`, `is_owner`, `order_date`, `is_schedule_delivery`, `delivery_date`, `delivery_time`, `payment_type`, `time_left_to_accept`, `otp_code`, `quality_of_product`, `receive_qty`, `receive_status`, `receive_datetime`, `delivered_datetime`, `signature_file`, `coupon_code`, `coupon_id`, `discount`, `status`, `is_order`, `is_approve`, `rating`, `review`, `review_date`, `transporter_id`, `created_date`, `updated_date`) VALUES ('892', '68', '68', 'O00892', 125, '100.00', '20.00', '11360.00', '11480.00', 'KES', 'Pending', 1, '2023-01-27', 0, '2023-01-27', '00:00:00', 'Upfront', '2023-01-27 19:04:52', 0, NULL, NULL, 0, NULL, NULL, NULL, '', 0, '0.00', 0, 1, 1, 0, NULL, NULL, 0, '2023-01-27 18:44:52', '2023-01-27 18:44:52');
INSERT INTO `cart_orders` (`id`, `user_id`, `owner_id`, `order_id`, `station_id`, `shipping_charge`, `tax`, `amount`, `total_amount`, `currency`, `order_status`, `is_owner`, `order_date`, `is_schedule_delivery`, `delivery_date`, `delivery_time`, `payment_type`, `time_left_to_accept`, `otp_code`, `quality_of_product`, `receive_qty`, `receive_status`, `receive_datetime`, `delivered_datetime`, `signature_file`, `coupon_code`, `coupon_id`, `discount`, `status`, `is_order`, `is_approve`, `rating`, `review`, `review_date`, `transporter_id`, `created_date`, `updated_date`) VALUES ('893', '68', '68', 'O00893', 125, '100.00', '20.00', '9920.00', '10040.00', 'KES', 'Pending', 1, '2023-01-27', 0, '2023-01-27', '00:00:00', 'Upfront', '2023-01-27 19:09:01', 0, NULL, NULL, 0, NULL, NULL, NULL, '', 0, '0.00', 0, 1, 1, 0, NULL, NULL, 0, '2023-01-27 18:49:01', '2023-01-27 18:49:01');
INSERT INTO `cart_orders` (`id`, `user_id`, `owner_id`, `order_id`, `station_id`, `shipping_charge`, `tax`, `amount`, `total_amount`, `currency`, `order_status`, `is_owner`, `order_date`, `is_schedule_delivery`, `delivery_date`, `delivery_time`, `payment_type`, `time_left_to_accept`, `otp_code`, `quality_of_product`, `receive_qty`, `receive_status`, `receive_datetime`, `delivered_datetime`, `signature_file`, `coupon_code`, `coupon_id`, `discount`, `status`, `is_order`, `is_approve`, `rating`, `review`, `review_date`, `transporter_id`, `created_date`, `updated_date`) VALUES ('894', '68', '68', 'O00894', 125, '100.00', '20.00', '38100.00', '38220.00', 'KES', 'Pending', 1, '2023-01-28', 0, '2023-01-28', '00:00:00', 'Upfront', '2023-01-28 11:14:47', 0, NULL, NULL, 0, NULL, NULL, NULL, '', 0, '0.00', 0, 1, 1, 0, NULL, NULL, 0, '2023-01-28 10:54:47', '2023-01-28 10:54:47');
INSERT INTO `cart_orders` (`id`, `user_id`, `owner_id`, `order_id`, `station_id`, `shipping_charge`, `tax`, `amount`, `total_amount`, `currency`, `order_status`, `is_owner`, `order_date`, `is_schedule_delivery`, `delivery_date`, `delivery_time`, `payment_type`, `time_left_to_accept`, `otp_code`, `quality_of_product`, `receive_qty`, `receive_status`, `receive_datetime`, `delivered_datetime`, `signature_file`, `coupon_code`, `coupon_id`, `discount`, `status`, `is_order`, `is_approve`, `rating`, `review`, `review_date`, `transporter_id`, `created_date`, `updated_date`) VALUES ('895', '68', '68', 'O00895', 125, '100.00', '20.00', '9760.00', '9880.00', 'KES', 'New', 1, '2023-01-28', 0, '2023-01-28', '00:00:00', 'Upfront', '2023-01-28 11:26:35', 0, NULL, NULL, 0, NULL, NULL, NULL, '', 0, '0.00', 0, 0, 1, 0, NULL, NULL, 0, '2023-01-28 11:06:35', '2023-01-28 11:06:35');
INSERT INTO `cart_orders` (`id`, `user_id`, `owner_id`, `order_id`, `station_id`, `shipping_charge`, `tax`, `amount`, `total_amount`, `currency`, `order_status`, `is_owner`, `order_date`, `is_schedule_delivery`, `delivery_date`, `delivery_time`, `payment_type`, `time_left_to_accept`, `otp_code`, `quality_of_product`, `receive_qty`, `receive_status`, `receive_datetime`, `delivered_datetime`, `signature_file`, `coupon_code`, `coupon_id`, `discount`, `status`, `is_order`, `is_approve`, `rating`, `review`, `review_date`, `transporter_id`, `created_date`, `updated_date`) VALUES ('896', '68', '68', 'O00896', 125, '100.00', '20.00', '9760.00', '9880.00', 'KES', 'New', 1, '2023-01-28', 0, '2023-01-28', '00:00:00', 'Upfront', '2023-01-28 11:27:26', 0, NULL, NULL, 0, NULL, NULL, NULL, '', 0, '0.00', 0, 0, 1, 0, NULL, NULL, 0, '2023-01-28 11:07:26', '2023-01-28 11:07:26');
INSERT INTO `cart_orders` (`id`, `user_id`, `owner_id`, `order_id`, `station_id`, `shipping_charge`, `tax`, `amount`, `total_amount`, `currency`, `order_status`, `is_owner`, `order_date`, `is_schedule_delivery`, `delivery_date`, `delivery_time`, `payment_type`, `time_left_to_accept`, `otp_code`, `quality_of_product`, `receive_qty`, `receive_status`, `receive_datetime`, `delivered_datetime`, `signature_file`, `coupon_code`, `coupon_id`, `discount`, `status`, `is_order`, `is_approve`, `rating`, `review`, `review_date`, `transporter_id`, `created_date`, `updated_date`) VALUES ('897', '68', '68', 'O00897', 125, '100.00', '20.00', '9760.00', '9880.00', 'KES', 'New', 1, '2023-01-28', 0, '2023-01-28', '00:00:00', 'Upfront', '2023-01-28 11:29:17', 0, NULL, NULL, 0, NULL, NULL, NULL, '', 0, '0.00', 0, 0, 1, 0, NULL, NULL, 0, '2023-01-28 11:09:17', '2023-01-28 11:09:17');
INSERT INTO `cart_orders` (`id`, `user_id`, `owner_id`, `order_id`, `station_id`, `shipping_charge`, `tax`, `amount`, `total_amount`, `currency`, `order_status`, `is_owner`, `order_date`, `is_schedule_delivery`, `delivery_date`, `delivery_time`, `payment_type`, `time_left_to_accept`, `otp_code`, `quality_of_product`, `receive_qty`, `receive_status`, `receive_datetime`, `delivered_datetime`, `signature_file`, `coupon_code`, `coupon_id`, `discount`, `status`, `is_order`, `is_approve`, `rating`, `review`, `review_date`, `transporter_id`, `created_date`, `updated_date`) VALUES ('898', '68', '68', 'O00898', 125, '100.00', '20.00', '9760.00', '9880.00', 'KES', 'New', 1, '2023-01-28', 0, '2023-01-28', '00:00:00', 'Upfront', '2023-01-28 11:31:05', 0, NULL, NULL, 0, NULL, NULL, NULL, '', 0, '0.00', 0, 0, 1, 0, NULL, NULL, 0, '2023-01-28 11:11:05', '2023-01-28 11:11:05');
INSERT INTO `cart_orders` (`id`, `user_id`, `owner_id`, `order_id`, `station_id`, `shipping_charge`, `tax`, `amount`, `total_amount`, `currency`, `order_status`, `is_owner`, `order_date`, `is_schedule_delivery`, `delivery_date`, `delivery_time`, `payment_type`, `time_left_to_accept`, `otp_code`, `quality_of_product`, `receive_qty`, `receive_status`, `receive_datetime`, `delivered_datetime`, `signature_file`, `coupon_code`, `coupon_id`, `discount`, `status`, `is_order`, `is_approve`, `rating`, `review`, `review_date`, `transporter_id`, `created_date`, `updated_date`) VALUES ('899', '68', '68', 'O00899', 125, '100.00', '20.00', '9760.00', '9880.00', 'KES', 'Pending', 1, '2023-01-28', 0, '2023-01-28', '00:00:00', 'Upfront', '2023-01-28 11:44:58', 0, NULL, NULL, 0, NULL, NULL, NULL, '', 0, '0.00', 0, 1, 1, 0, NULL, NULL, 0, '2023-01-28 11:24:58', '2023-01-28 11:24:58');
INSERT INTO `cart_orders` (`id`, `user_id`, `owner_id`, `order_id`, `station_id`, `shipping_charge`, `tax`, `amount`, `total_amount`, `currency`, `order_status`, `is_owner`, `order_date`, `is_schedule_delivery`, `delivery_date`, `delivery_time`, `payment_type`, `time_left_to_accept`, `otp_code`, `quality_of_product`, `receive_qty`, `receive_status`, `receive_datetime`, `delivered_datetime`, `signature_file`, `coupon_code`, `coupon_id`, `discount`, `status`, `is_order`, `is_approve`, `rating`, `review`, `review_date`, `transporter_id`, `created_date`, `updated_date`) VALUES ('900', '68', '68', 'O00900', 125, '100.00', '20.00', '11760.00', '11880.00', 'KES', 'New', 1, '2023-01-28', 0, '2023-01-28', '00:00:00', 'Upfront', '2023-01-28 11:49:24', 0, NULL, NULL, 0, NULL, NULL, NULL, '', 0, '0.00', 0, 0, 1, 0, NULL, NULL, 0, '2023-01-28 11:29:24', '2023-01-28 11:29:24');
INSERT INTO `cart_orders` (`id`, `user_id`, `owner_id`, `order_id`, `station_id`, `shipping_charge`, `tax`, `amount`, `total_amount`, `currency`, `order_status`, `is_owner`, `order_date`, `is_schedule_delivery`, `delivery_date`, `delivery_time`, `payment_type`, `time_left_to_accept`, `otp_code`, `quality_of_product`, `receive_qty`, `receive_status`, `receive_datetime`, `delivered_datetime`, `signature_file`, `coupon_code`, `coupon_id`, `discount`, `status`, `is_order`, `is_approve`, `rating`, `review`, `review_date`, `transporter_id`, `created_date`, `updated_date`) VALUES ('901', '68', '68', 'O00901', 125, '100.00', '20.00', '11760.00', '11880.00', 'KES', 'New', 1, '2023-01-28', 0, '2023-01-28', '00:00:00', 'Upfront', '2023-01-28 11:49:26', 0, NULL, NULL, 0, NULL, NULL, NULL, '', 0, '0.00', 0, 0, 1, 0, NULL, NULL, 0, '2023-01-28 11:29:26', '2023-01-28 11:29:26');
INSERT INTO `cart_orders` (`id`, `user_id`, `owner_id`, `order_id`, `station_id`, `shipping_charge`, `tax`, `amount`, `total_amount`, `currency`, `order_status`, `is_owner`, `order_date`, `is_schedule_delivery`, `delivery_date`, `delivery_time`, `payment_type`, `time_left_to_accept`, `otp_code`, `quality_of_product`, `receive_qty`, `receive_status`, `receive_datetime`, `delivered_datetime`, `signature_file`, `coupon_code`, `coupon_id`, `discount`, `status`, `is_order`, `is_approve`, `rating`, `review`, `review_date`, `transporter_id`, `created_date`, `updated_date`) VALUES ('902', '68', '68', 'O00902', 125, '100.00', '20.00', '11760.00', '11880.00', 'KES', 'New', 1, '2023-01-28', 0, '2023-01-28', '00:00:00', 'Upfront', '2023-01-28 11:49:41', 0, NULL, NULL, 0, NULL, NULL, NULL, '', 0, '0.00', 0, 0, 1, 0, NULL, NULL, 0, '2023-01-28 11:29:41', '2023-01-28 11:29:41');
INSERT INTO `cart_orders` (`id`, `user_id`, `owner_id`, `order_id`, `station_id`, `shipping_charge`, `tax`, `amount`, `total_amount`, `currency`, `order_status`, `is_owner`, `order_date`, `is_schedule_delivery`, `delivery_date`, `delivery_time`, `payment_type`, `time_left_to_accept`, `otp_code`, `quality_of_product`, `receive_qty`, `receive_status`, `receive_datetime`, `delivered_datetime`, `signature_file`, `coupon_code`, `coupon_id`, `discount`, `status`, `is_order`, `is_approve`, `rating`, `review`, `review_date`, `transporter_id`, `created_date`, `updated_date`) VALUES ('903', '68', '68', 'O00903', 125, '100.00', '20.00', '11760.00', '11880.00', 'KES', 'New', 1, '2023-01-28', 0, '2023-01-28', '00:00:00', 'Upfront', '2023-01-28 11:50:28', 0, NULL, NULL, 0, NULL, NULL, NULL, '', 0, '0.00', 0, 0, 1, 0, NULL, NULL, 0, '2023-01-28 11:30:28', '2023-01-28 11:30:28');
INSERT INTO `cart_orders` (`id`, `user_id`, `owner_id`, `order_id`, `station_id`, `shipping_charge`, `tax`, `amount`, `total_amount`, `currency`, `order_status`, `is_owner`, `order_date`, `is_schedule_delivery`, `delivery_date`, `delivery_time`, `payment_type`, `time_left_to_accept`, `otp_code`, `quality_of_product`, `receive_qty`, `receive_status`, `receive_datetime`, `delivered_datetime`, `signature_file`, `coupon_code`, `coupon_id`, `discount`, `status`, `is_order`, `is_approve`, `rating`, `review`, `review_date`, `transporter_id`, `created_date`, `updated_date`) VALUES ('904', '68', '68', 'O00904', 125, '100.00', '20.00', '11760.00', '11880.00', 'KES', 'New', 1, '2023-01-28', 0, '2023-01-28', '00:00:00', 'Upfront', '2023-01-28 11:53:15', 0, NULL, NULL, 0, NULL, NULL, NULL, '', 0, '0.00', 0, 0, 1, 0, NULL, NULL, 0, '2023-01-28 11:33:15', '2023-01-28 11:33:15');
INSERT INTO `cart_orders` (`id`, `user_id`, `owner_id`, `order_id`, `station_id`, `shipping_charge`, `tax`, `amount`, `total_amount`, `currency`, `order_status`, `is_owner`, `order_date`, `is_schedule_delivery`, `delivery_date`, `delivery_time`, `payment_type`, `time_left_to_accept`, `otp_code`, `quality_of_product`, `receive_qty`, `receive_status`, `receive_datetime`, `delivered_datetime`, `signature_file`, `coupon_code`, `coupon_id`, `discount`, `status`, `is_order`, `is_approve`, `rating`, `review`, `review_date`, `transporter_id`, `created_date`, `updated_date`) VALUES ('905', '68', '68', 'O00905', 125, '100.00', '20.00', '11760.00', '11880.00', 'KES', 'Pending', 1, '2023-01-28', 0, '2023-01-28', '00:00:00', 'Upfront', '2023-01-28 11:54:13', 0, NULL, NULL, 0, NULL, NULL, NULL, '', 0, '0.00', 0, 1, 1, 0, NULL, NULL, 0, '2023-01-28 11:34:13', '2023-01-28 11:34:13');
INSERT INTO `cart_orders` (`id`, `user_id`, `owner_id`, `order_id`, `station_id`, `shipping_charge`, `tax`, `amount`, `total_amount`, `currency`, `order_status`, `is_owner`, `order_date`, `is_schedule_delivery`, `delivery_date`, `delivery_time`, `payment_type`, `time_left_to_accept`, `otp_code`, `quality_of_product`, `receive_qty`, `receive_status`, `receive_datetime`, `delivered_datetime`, `signature_file`, `coupon_code`, `coupon_id`, `discount`, `status`, `is_order`, `is_approve`, `rating`, `review`, `review_date`, `transporter_id`, `created_date`, `updated_date`) VALUES ('906', '68', '68', 'O00906', 125, '100.00', '20.00', '23850.00', '23970.00', 'KES', 'New', 1, '2023-01-28', 0, '2023-01-28', '00:00:00', 'Upfront', '2023-01-28 11:57:35', 0, NULL, NULL, 0, NULL, NULL, NULL, '', 0, '0.00', 0, 0, 1, 0, NULL, NULL, 0, '2023-01-28 11:37:35', '2023-01-28 11:37:35');
INSERT INTO `cart_orders` (`id`, `user_id`, `owner_id`, `order_id`, `station_id`, `shipping_charge`, `tax`, `amount`, `total_amount`, `currency`, `order_status`, `is_owner`, `order_date`, `is_schedule_delivery`, `delivery_date`, `delivery_time`, `payment_type`, `time_left_to_accept`, `otp_code`, `quality_of_product`, `receive_qty`, `receive_status`, `receive_datetime`, `delivered_datetime`, `signature_file`, `coupon_code`, `coupon_id`, `discount`, `status`, `is_order`, `is_approve`, `rating`, `review`, `review_date`, `transporter_id`, `created_date`, `updated_date`) VALUES ('907', '68', '68', 'O00907', 125, '100.00', '20.00', '23850.00', '23970.00', 'KES', 'New', 1, '2023-01-28', 0, '2023-01-28', '00:00:00', 'Upfront', '2023-01-28 11:58:16', 0, NULL, NULL, 0, NULL, NULL, NULL, '', 0, '0.00', 0, 0, 1, 0, NULL, NULL, 0, '2023-01-28 11:38:16', '2023-01-28 11:38:16');
INSERT INTO `cart_orders` (`id`, `user_id`, `owner_id`, `order_id`, `station_id`, `shipping_charge`, `tax`, `amount`, `total_amount`, `currency`, `order_status`, `is_owner`, `order_date`, `is_schedule_delivery`, `delivery_date`, `delivery_time`, `payment_type`, `time_left_to_accept`, `otp_code`, `quality_of_product`, `receive_qty`, `receive_status`, `receive_datetime`, `delivered_datetime`, `signature_file`, `coupon_code`, `coupon_id`, `discount`, `status`, `is_order`, `is_approve`, `rating`, `review`, `review_date`, `transporter_id`, `created_date`, `updated_date`) VALUES ('908', '68', '68', 'O00908', 125, '100.00', '20.00', '23850.00', '23970.00', 'KES', 'Completed', 1, '2023-01-28', 0, '2023-01-28', '00:00:00', 'Upfront', '2023-01-28 12:02:42', 0, 'Bad', 159, 1, '2023-01-28 11:47:27', '2023-01-28 11:47:05', 'sign_4251674886625.png', '', 0, '0.00', 1, 1, 1, 0, NULL, NULL, 19, '2023-01-28 11:42:42', '2023-01-28 11:42:42');
INSERT INTO `cart_orders` (`id`, `user_id`, `owner_id`, `order_id`, `station_id`, `shipping_charge`, `tax`, `amount`, `total_amount`, `currency`, `order_status`, `is_owner`, `order_date`, `is_schedule_delivery`, `delivery_date`, `delivery_time`, `payment_type`, `time_left_to_accept`, `otp_code`, `quality_of_product`, `receive_qty`, `receive_status`, `receive_datetime`, `delivered_datetime`, `signature_file`, `coupon_code`, `coupon_id`, `discount`, `status`, `is_order`, `is_approve`, `rating`, `review`, `review_date`, `transporter_id`, `created_date`, `updated_date`) VALUES ('909', '68', '68', 'O00909', 125, '100.00', '20.00', '23850.00', '23970.00', 'KES', 'Pending', 1, '2023-01-28', 0, '2023-01-28', '00:00:00', 'Upfront', '2023-01-28 12:13:32', 0, NULL, NULL, 0, NULL, NULL, NULL, '', 0, '0.00', 0, 1, 1, 0, NULL, NULL, 0, '2023-01-28 11:53:32', '2023-01-28 11:53:32');
INSERT INTO `cart_orders` (`id`, `user_id`, `owner_id`, `order_id`, `station_id`, `shipping_charge`, `tax`, `amount`, `total_amount`, `currency`, `order_status`, `is_owner`, `order_date`, `is_schedule_delivery`, `delivery_date`, `delivery_time`, `payment_type`, `time_left_to_accept`, `otp_code`, `quality_of_product`, `receive_qty`, `receive_status`, `receive_datetime`, `delivered_datetime`, `signature_file`, `coupon_code`, `coupon_id`, `discount`, `status`, `is_order`, `is_approve`, `rating`, `review`, `review_date`, `transporter_id`, `created_date`, `updated_date`) VALUES ('910', '68', '68', 'O00910', 125, '100.00', '20.00', '23850.00', '23970.00', 'KES', 'New', 1, '2023-01-28', 0, '2023-01-28', '00:00:00', 'Upfront', '2023-01-28 12:14:45', 0, NULL, NULL, 0, NULL, NULL, NULL, '', 0, '0.00', 0, 1, 1, 0, NULL, NULL, 0, '2023-01-28 11:54:45', '2023-01-28 11:54:45');
INSERT INTO `cart_orders` (`id`, `user_id`, `owner_id`, `order_id`, `station_id`, `shipping_charge`, `tax`, `amount`, `total_amount`, `currency`, `order_status`, `is_owner`, `order_date`, `is_schedule_delivery`, `delivery_date`, `delivery_time`, `payment_type`, `time_left_to_accept`, `otp_code`, `quality_of_product`, `receive_qty`, `receive_status`, `receive_datetime`, `delivered_datetime`, `signature_file`, `coupon_code`, `coupon_id`, `discount`, `status`, `is_order`, `is_approve`, `rating`, `review`, `review_date`, `transporter_id`, `created_date`, `updated_date`) VALUES ('911', '68', '68', 'O00911', 125, '100.00', '20.00', '23850.00', '23970.00', 'KES', 'Pending', 1, '2023-01-28', 0, '2023-01-28', '00:00:00', 'Upfront', '2023-01-28 12:31:47', 0, NULL, NULL, 0, NULL, NULL, NULL, '', 0, '0.00', 0, 1, 1, 0, NULL, NULL, 0, '2023-01-28 12:11:47', '2023-01-28 12:11:47');
INSERT INTO `cart_orders` (`id`, `user_id`, `owner_id`, `order_id`, `station_id`, `shipping_charge`, `tax`, `amount`, `total_amount`, `currency`, `order_status`, `is_owner`, `order_date`, `is_schedule_delivery`, `delivery_date`, `delivery_time`, `payment_type`, `time_left_to_accept`, `otp_code`, `quality_of_product`, `receive_qty`, `receive_status`, `receive_datetime`, `delivered_datetime`, `signature_file`, `coupon_code`, `coupon_id`, `discount`, `status`, `is_order`, `is_approve`, `rating`, `review`, `review_date`, `transporter_id`, `created_date`, `updated_date`) VALUES ('912', '68', '68', 'O00912', 125, '100.00', '20.00', '11600.00', '11720.00', 'KES', 'Pending', 1, '2023-01-28', 0, '2023-01-28', '00:00:00', 'Upfront', '2023-01-28 12:49:49', 0, NULL, NULL, 0, NULL, NULL, NULL, '', 0, '0.00', 0, 1, 1, 0, NULL, NULL, 0, '2023-01-28 12:29:49', '2023-01-28 12:29:49');
INSERT INTO `cart_orders` (`id`, `user_id`, `owner_id`, `order_id`, `station_id`, `shipping_charge`, `tax`, `amount`, `total_amount`, `currency`, `order_status`, `is_owner`, `order_date`, `is_schedule_delivery`, `delivery_date`, `delivery_time`, `payment_type`, `time_left_to_accept`, `otp_code`, `quality_of_product`, `receive_qty`, `receive_status`, `receive_datetime`, `delivered_datetime`, `signature_file`, `coupon_code`, `coupon_id`, `discount`, `status`, `is_order`, `is_approve`, `rating`, `review`, `review_date`, `transporter_id`, `created_date`, `updated_date`) VALUES ('913', '68', '68', 'O00913', 125, '100.00', '20.00', '23100.00', '23220.00', 'KES', 'Pending', 1, '2023-01-28', 0, '2023-01-28', '00:00:00', '50 Advance', '2023-01-28 13:20:18', 0, NULL, NULL, 0, NULL, NULL, NULL, '', 0, '0.00', 0, 1, 1, 0, NULL, NULL, 0, '2023-01-28 13:00:18', '2023-01-28 13:00:18');
INSERT INTO `cart_orders` (`id`, `user_id`, `owner_id`, `order_id`, `station_id`, `shipping_charge`, `tax`, `amount`, `total_amount`, `currency`, `order_status`, `is_owner`, `order_date`, `is_schedule_delivery`, `delivery_date`, `delivery_time`, `payment_type`, `time_left_to_accept`, `otp_code`, `quality_of_product`, `receive_qty`, `receive_status`, `receive_datetime`, `delivered_datetime`, `signature_file`, `coupon_code`, `coupon_id`, `discount`, `status`, `is_order`, `is_approve`, `rating`, `review`, `review_date`, `transporter_id`, `created_date`, `updated_date`) VALUES ('914', '68', '68', 'O00914', 125, '100.00', '20.00', '11760.00', '11880.00', 'KES', 'Pending', 1, '2023-01-28', 0, '2023-01-28', '00:00:00', 'Upfront', '2023-01-28 13:24:26', 0, NULL, NULL, 0, NULL, NULL, NULL, '', 0, '0.00', 0, 1, 1, 0, NULL, NULL, 0, '2023-01-28 13:04:26', '2023-01-28 13:04:26');
INSERT INTO `cart_orders` (`id`, `user_id`, `owner_id`, `order_id`, `station_id`, `shipping_charge`, `tax`, `amount`, `total_amount`, `currency`, `order_status`, `is_owner`, `order_date`, `is_schedule_delivery`, `delivery_date`, `delivery_time`, `payment_type`, `time_left_to_accept`, `otp_code`, `quality_of_product`, `receive_qty`, `receive_status`, `receive_datetime`, `delivered_datetime`, `signature_file`, `coupon_code`, `coupon_id`, `discount`, `status`, `is_order`, `is_approve`, `rating`, `review`, `review_date`, `transporter_id`, `created_date`, `updated_date`) VALUES ('915', '68', '68', 'O00915', 125, '100.00', '20.00', '32100.00', '32220.00', 'KES', 'Pending', 1, '2023-01-28', 0, '2023-01-28', '00:00:00', '50 Advance', '2023-01-28 13:24:56', 0, NULL, NULL, 0, NULL, NULL, NULL, '', 0, '0.00', 0, 1, 1, 0, NULL, NULL, 0, '2023-01-28 13:04:56', '2023-01-28 13:04:56');
INSERT INTO `cart_orders` (`id`, `user_id`, `owner_id`, `order_id`, `station_id`, `shipping_charge`, `tax`, `amount`, `total_amount`, `currency`, `order_status`, `is_owner`, `order_date`, `is_schedule_delivery`, `delivery_date`, `delivery_time`, `payment_type`, `time_left_to_accept`, `otp_code`, `quality_of_product`, `receive_qty`, `receive_status`, `receive_datetime`, `delivered_datetime`, `signature_file`, `coupon_code`, `coupon_id`, `discount`, `status`, `is_order`, `is_approve`, `rating`, `review`, `review_date`, `transporter_id`, `created_date`, `updated_date`) VALUES ('916', '162', '162', 'O00916', 133, '100.00', '20.00', '8000.00', '8120.00', 'KES', 'Accepted', 1, '2023-01-30', 1, '2023-01-31', '10:52:00', 'Upfront', '2023-01-30 10:41:47', 0, NULL, NULL, 0, NULL, NULL, NULL, '', 0, '0.00', 0, 1, 1, 0, NULL, NULL, 133, '2023-01-30 10:21:47', '2023-01-30 10:21:47');
INSERT INTO `cart_orders` (`id`, `user_id`, `owner_id`, `order_id`, `station_id`, `shipping_charge`, `tax`, `amount`, `total_amount`, `currency`, `order_status`, `is_owner`, `order_date`, `is_schedule_delivery`, `delivery_date`, `delivery_time`, `payment_type`, `time_left_to_accept`, `otp_code`, `quality_of_product`, `receive_qty`, `receive_status`, `receive_datetime`, `delivered_datetime`, `signature_file`, `coupon_code`, `coupon_id`, `discount`, `status`, `is_order`, `is_approve`, `rating`, `review`, `review_date`, `transporter_id`, `created_date`, `updated_date`) VALUES ('917', '162', '162', 'O00917', 133, '100.00', '20.00', '10000.00', '10120.00', 'KES', 'Accepted', 1, '2023-01-30', 1, '2023-01-31', '10:27:00', 'Upfront', '2023-01-30 10:47:47', 0, NULL, NULL, 0, NULL, NULL, NULL, '', 0, '0.00', 0, 1, 1, 0, NULL, NULL, 133, '2023-01-30 10:27:47', '2023-01-30 10:27:47');
INSERT INTO `cart_orders` (`id`, `user_id`, `owner_id`, `order_id`, `station_id`, `shipping_charge`, `tax`, `amount`, `total_amount`, `currency`, `order_status`, `is_owner`, `order_date`, `is_schedule_delivery`, `delivery_date`, `delivery_time`, `payment_type`, `time_left_to_accept`, `otp_code`, `quality_of_product`, `receive_qty`, `receive_status`, `receive_datetime`, `delivered_datetime`, `signature_file`, `coupon_code`, `coupon_id`, `discount`, `status`, `is_order`, `is_approve`, `rating`, `review`, `review_date`, `transporter_id`, `created_date`, `updated_date`) VALUES ('918', '162', '162', 'O00918', 133, '100.00', '20.00', '10000.00', '10120.00', 'KES', 'Accepted', 1, '2023-01-30', 0, '2023-01-30', '00:00:00', 'Upfront', '2023-01-30 10:48:36', 0, NULL, NULL, 0, NULL, NULL, NULL, '', 0, '0.00', 0, 1, 1, 0, NULL, NULL, 133, '2023-01-30 10:28:36', '2023-01-30 10:28:36');
INSERT INTO `cart_orders` (`id`, `user_id`, `owner_id`, `order_id`, `station_id`, `shipping_charge`, `tax`, `amount`, `total_amount`, `currency`, `order_status`, `is_owner`, `order_date`, `is_schedule_delivery`, `delivery_date`, `delivery_time`, `payment_type`, `time_left_to_accept`, `otp_code`, `quality_of_product`, `receive_qty`, `receive_status`, `receive_datetime`, `delivered_datetime`, `signature_file`, `coupon_code`, `coupon_id`, `discount`, `status`, `is_order`, `is_approve`, `rating`, `review`, `review_date`, `transporter_id`, `created_date`, `updated_date`) VALUES ('919', '162', '162', 'O00919', 133, '100.00', '20.00', '10000.00', '10120.00', 'KES', 'Accepted', 1, '2023-01-30', 0, '2023-01-30', '00:00:00', 'Upfront', '2023-01-30 11:00:52', 0, NULL, NULL, 0, NULL, NULL, NULL, '', 0, '0.00', 0, 1, 1, 0, NULL, NULL, 133, '2023-01-30 10:40:52', '2023-01-30 10:40:52');
INSERT INTO `cart_orders` (`id`, `user_id`, `owner_id`, `order_id`, `station_id`, `shipping_charge`, `tax`, `amount`, `total_amount`, `currency`, `order_status`, `is_owner`, `order_date`, `is_schedule_delivery`, `delivery_date`, `delivery_time`, `payment_type`, `time_left_to_accept`, `otp_code`, `quality_of_product`, `receive_qty`, `receive_status`, `receive_datetime`, `delivered_datetime`, `signature_file`, `coupon_code`, `coupon_id`, `discount`, `status`, `is_order`, `is_approve`, `rating`, `review`, `review_date`, `transporter_id`, `created_date`, `updated_date`) VALUES ('920', '162', '162', 'O00920', 133, '100.00', '20.00', '10000.00', '10120.00', 'KES', 'Rejected', 1, '2023-01-30', 0, '2023-01-30', '00:00:00', 'Upfront', '2023-01-30 11:22:27', 0, NULL, NULL, 0, NULL, NULL, NULL, '', 0, '0.00', 0, 1, 1, 0, NULL, NULL, 0, '2023-01-30 11:02:27', '2023-01-30 11:02:27');
INSERT INTO `cart_orders` (`id`, `user_id`, `owner_id`, `order_id`, `station_id`, `shipping_charge`, `tax`, `amount`, `total_amount`, `currency`, `order_status`, `is_owner`, `order_date`, `is_schedule_delivery`, `delivery_date`, `delivery_time`, `payment_type`, `time_left_to_accept`, `otp_code`, `quality_of_product`, `receive_qty`, `receive_status`, `receive_datetime`, `delivered_datetime`, `signature_file`, `coupon_code`, `coupon_id`, `discount`, `status`, `is_order`, `is_approve`, `rating`, `review`, `review_date`, `transporter_id`, `created_date`, `updated_date`) VALUES ('921', '162', '162', 'O00921', 133, '100.00', '20.00', '10000.00', '10120.00', 'KES', 'Pending', 1, '2023-01-30', 0, '2023-01-30', '00:00:00', 'Upfront', '2023-01-30 11:32:58', 0, NULL, NULL, 0, NULL, NULL, NULL, '', 0, '0.00', 0, 1, 1, 0, NULL, NULL, 0, '2023-01-30 11:12:58', '2023-01-30 11:12:58');
INSERT INTO `cart_orders` (`id`, `user_id`, `owner_id`, `order_id`, `station_id`, `shipping_charge`, `tax`, `amount`, `total_amount`, `currency`, `order_status`, `is_owner`, `order_date`, `is_schedule_delivery`, `delivery_date`, `delivery_time`, `payment_type`, `time_left_to_accept`, `otp_code`, `quality_of_product`, `receive_qty`, `receive_status`, `receive_datetime`, `delivered_datetime`, `signature_file`, `coupon_code`, `coupon_id`, `discount`, `status`, `is_order`, `is_approve`, `rating`, `review`, `review_date`, `transporter_id`, `created_date`, `updated_date`) VALUES ('922', '162', '162', 'O00922', 133, '0.00', '0.00', '4000000.00', '4000000.00', 'KES', 'Pending', 1, '2023-01-30', 0, '2023-01-30', '00:00:00', 'Upfront', '2023-01-30 11:37:58', 0, NULL, NULL, 0, NULL, NULL, NULL, '', 0, '0.00', 0, 1, 1, 0, NULL, NULL, 0, '2023-01-30 11:17:58', '2023-01-30 11:17:58');
INSERT INTO `cart_orders` (`id`, `user_id`, `owner_id`, `order_id`, `station_id`, `shipping_charge`, `tax`, `amount`, `total_amount`, `currency`, `order_status`, `is_owner`, `order_date`, `is_schedule_delivery`, `delivery_date`, `delivery_time`, `payment_type`, `time_left_to_accept`, `otp_code`, `quality_of_product`, `receive_qty`, `receive_status`, `receive_datetime`, `delivered_datetime`, `signature_file`, `coupon_code`, `coupon_id`, `discount`, `status`, `is_order`, `is_approve`, `rating`, `review`, `review_date`, `transporter_id`, `created_date`, `updated_date`) VALUES ('923', '162', '162', 'O00923', 133, '0.00', '0.00', '1200000.00', '1200000.00', 'KES', 'Pending', 1, '2023-01-30', 0, '2023-01-30', '00:00:00', 'Upfront', '2023-01-30 11:44:01', 0, NULL, NULL, 0, NULL, NULL, NULL, '', 0, '0.00', 0, 1, 1, 0, NULL, NULL, 0, '2023-01-30 11:24:01', '2023-01-30 11:24:01');
INSERT INTO `cart_orders` (`id`, `user_id`, `owner_id`, `order_id`, `station_id`, `shipping_charge`, `tax`, `amount`, `total_amount`, `currency`, `order_status`, `is_owner`, `order_date`, `is_schedule_delivery`, `delivery_date`, `delivery_time`, `payment_type`, `time_left_to_accept`, `otp_code`, `quality_of_product`, `receive_qty`, `receive_status`, `receive_datetime`, `delivered_datetime`, `signature_file`, `coupon_code`, `coupon_id`, `discount`, `status`, `is_order`, `is_approve`, `rating`, `review`, `review_date`, `transporter_id`, `created_date`, `updated_date`) VALUES ('924', '162', '162', 'O00924', 133, '100.00', '20.00', '10000.00', '10120.00', 'KES', 'Rejected', 1, '2023-01-30', 0, '2023-01-30', '00:00:00', 'Upfront', '2023-01-30 11:47:43', 0, NULL, NULL, 0, NULL, NULL, NULL, '1', 0, '0.00', 0, 1, 1, 0, NULL, NULL, 0, '2023-01-30 11:27:43', '2023-01-30 11:27:43');
INSERT INTO `cart_orders` (`id`, `user_id`, `owner_id`, `order_id`, `station_id`, `shipping_charge`, `tax`, `amount`, `total_amount`, `currency`, `order_status`, `is_owner`, `order_date`, `is_schedule_delivery`, `delivery_date`, `delivery_time`, `payment_type`, `time_left_to_accept`, `otp_code`, `quality_of_product`, `receive_qty`, `receive_status`, `receive_datetime`, `delivered_datetime`, `signature_file`, `coupon_code`, `coupon_id`, `discount`, `status`, `is_order`, `is_approve`, `rating`, `review`, `review_date`, `transporter_id`, `created_date`, `updated_date`) VALUES ('925', '162', '162', 'O00925', 133, '100.00', '20.00', '10000.00', '10120.00', 'KES', 'Rejected', 1, '2023-01-30', 0, '2023-01-30', '00:00:00', 'Upfront', '2023-01-30 11:52:17', 0, NULL, NULL, 0, NULL, NULL, NULL, '', 0, '0.00', 0, 1, 1, 0, NULL, NULL, 0, '2023-01-30 11:32:17', '2023-01-30 11:32:17');
INSERT INTO `cart_orders` (`id`, `user_id`, `owner_id`, `order_id`, `station_id`, `shipping_charge`, `tax`, `amount`, `total_amount`, `currency`, `order_status`, `is_owner`, `order_date`, `is_schedule_delivery`, `delivery_date`, `delivery_time`, `payment_type`, `time_left_to_accept`, `otp_code`, `quality_of_product`, `receive_qty`, `receive_status`, `receive_datetime`, `delivered_datetime`, `signature_file`, `coupon_code`, `coupon_id`, `discount`, `status`, `is_order`, `is_approve`, `rating`, `review`, `review_date`, `transporter_id`, `created_date`, `updated_date`) VALUES ('926', '162', '162', 'O00926', 133, '100.00', '20.00', '10000.00', '10120.00', 'KES', 'Completed', 1, '2023-01-30', 0, '2023-01-30', '00:00:00', 'Upfront', '2023-01-30 11:59:55', 0, NULL, NULL, 0, NULL, '2023-01-30 11:41:46', 'sign_7871675059106.png', '', 0, '0.00', 0, 1, 1, 1, 'hi', '2023-01-30 11:42:43', 19, '2023-01-30 11:39:55', '2023-01-30 11:39:55');
INSERT INTO `cart_orders` (`id`, `user_id`, `owner_id`, `order_id`, `station_id`, `shipping_charge`, `tax`, `amount`, `total_amount`, `currency`, `order_status`, `is_owner`, `order_date`, `is_schedule_delivery`, `delivery_date`, `delivery_time`, `payment_type`, `time_left_to_accept`, `otp_code`, `quality_of_product`, `receive_qty`, `receive_status`, `receive_datetime`, `delivered_datetime`, `signature_file`, `coupon_code`, `coupon_id`, `discount`, `status`, `is_order`, `is_approve`, `rating`, `review`, `review_date`, `transporter_id`, `created_date`, `updated_date`) VALUES ('927', '68', '68', 'O00927', 125, '100.00', '20.00', '9200.00', '9320.00', 'KES', 'New', 1, '2023-01-30', 0, '2023-01-30', '00:00:00', '50 Advance', '2023-01-30 12:13:43', 0, NULL, NULL, 0, NULL, NULL, NULL, '', 0, '0.00', 0, 0, 1, 0, NULL, NULL, 0, '2023-01-30 11:53:43', '2023-01-30 11:53:43');
INSERT INTO `cart_orders` (`id`, `user_id`, `owner_id`, `order_id`, `station_id`, `shipping_charge`, `tax`, `amount`, `total_amount`, `currency`, `order_status`, `is_owner`, `order_date`, `is_schedule_delivery`, `delivery_date`, `delivery_time`, `payment_type`, `time_left_to_accept`, `otp_code`, `quality_of_product`, `receive_qty`, `receive_status`, `receive_datetime`, `delivered_datetime`, `signature_file`, `coupon_code`, `coupon_id`, `discount`, `status`, `is_order`, `is_approve`, `rating`, `review`, `review_date`, `transporter_id`, `created_date`, `updated_date`) VALUES ('928', '162', '162', 'O00928', 133, '100.00', '20.00', '28750.00', '28870.00', 'KES', 'Completed', 1, '2023-01-30', 0, '2023-01-30', '00:00:00', 'Upfront', '2023-01-30 12:14:12', 0, NULL, NULL, 0, NULL, '2023-01-30 11:55:30', 'sign_8691675059930.png', '', 0, '0.00', 0, 1, 1, 5, 'hi', '2023-01-30 11:56:10', 133, '2023-01-30 11:54:12', '2023-01-30 11:54:12');
INSERT INTO `cart_orders` (`id`, `user_id`, `owner_id`, `order_id`, `station_id`, `shipping_charge`, `tax`, `amount`, `total_amount`, `currency`, `order_status`, `is_owner`, `order_date`, `is_schedule_delivery`, `delivery_date`, `delivery_time`, `payment_type`, `time_left_to_accept`, `otp_code`, `quality_of_product`, `receive_qty`, `receive_status`, `receive_datetime`, `delivered_datetime`, `signature_file`, `coupon_code`, `coupon_id`, `discount`, `status`, `is_order`, `is_approve`, `rating`, `review`, `review_date`, `transporter_id`, `created_date`, `updated_date`) VALUES ('929', '68', '68', 'O00929', 125, '100.00', '20.00', '9200.00', '9320.00', 'KES', 'Accepted', 1, '2023-01-30', 0, '2023-01-30', '00:00:00', '50 Advance', '2023-01-30 12:15:13', 0, NULL, NULL, 0, NULL, NULL, NULL, '', 0, '0.00', 0, 1, 1, 0, NULL, NULL, 19, '2023-01-30 11:55:13', '2023-01-30 11:55:13');
INSERT INTO `cart_orders` (`id`, `user_id`, `owner_id`, `order_id`, `station_id`, `shipping_charge`, `tax`, `amount`, `total_amount`, `currency`, `order_status`, `is_owner`, `order_date`, `is_schedule_delivery`, `delivery_date`, `delivery_time`, `payment_type`, `time_left_to_accept`, `otp_code`, `quality_of_product`, `receive_qty`, `receive_status`, `receive_datetime`, `delivered_datetime`, `signature_file`, `coupon_code`, `coupon_id`, `discount`, `status`, `is_order`, `is_approve`, `rating`, `review`, `review_date`, `transporter_id`, `created_date`, `updated_date`) VALUES ('930', '162', '162', 'O00930', 133, '100.00', '20.00', '28750.00', '28870.00', 'KES', 'Processing', 1, '2023-01-30', 0, '2023-01-30', '00:00:00', 'Upfront', '2023-01-30 12:17:32', 0, NULL, NULL, 0, NULL, NULL, NULL, '', 0, '0.00', 0, 1, 1, 0, NULL, NULL, 19, '2023-01-30 11:57:32', '2023-01-30 11:57:32');
INSERT INTO `cart_orders` (`id`, `user_id`, `owner_id`, `order_id`, `station_id`, `shipping_charge`, `tax`, `amount`, `total_amount`, `currency`, `order_status`, `is_owner`, `order_date`, `is_schedule_delivery`, `delivery_date`, `delivery_time`, `payment_type`, `time_left_to_accept`, `otp_code`, `quality_of_product`, `receive_qty`, `receive_status`, `receive_datetime`, `delivered_datetime`, `signature_file`, `coupon_code`, `coupon_id`, `discount`, `status`, `is_order`, `is_approve`, `rating`, `review`, `review_date`, `transporter_id`, `created_date`, `updated_date`) VALUES ('931', '162', '162', 'O00931', 133, '100.00', '20.00', '28750.00', '28870.00', 'KES', 'Completed', 1, '2023-01-30', 0, '2023-01-30', '00:00:00', 'Upfront', '2023-01-30 12:22:53', 0, NULL, NULL, 0, NULL, '2023-01-30 12:07:20', 'sign_1411675060640.png', '', 0, '0.00', 0, 1, 1, 0, NULL, NULL, 133, '2023-01-30 12:02:53', '2023-01-30 12:02:53');
INSERT INTO `cart_orders` (`id`, `user_id`, `owner_id`, `order_id`, `station_id`, `shipping_charge`, `tax`, `amount`, `total_amount`, `currency`, `order_status`, `is_owner`, `order_date`, `is_schedule_delivery`, `delivery_date`, `delivery_time`, `payment_type`, `time_left_to_accept`, `otp_code`, `quality_of_product`, `receive_qty`, `receive_status`, `receive_datetime`, `delivered_datetime`, `signature_file`, `coupon_code`, `coupon_id`, `discount`, `status`, `is_order`, `is_approve`, `rating`, `review`, `review_date`, `transporter_id`, `created_date`, `updated_date`) VALUES ('932', '162', '162', 'O00932', 133, '100.00', '20.00', '28750.00', '28870.00', 'KES', 'Completed', 1, '2023-01-30', 0, '2023-01-30', '00:00:00', 'Upfront', '2023-01-30 12:29:00', 0, NULL, NULL, 0, NULL, '2023-01-30 12:16:27', 'sign_1321675061187.png', '', 0, '0.00', 0, 1, 1, 0, NULL, NULL, 133, '2023-01-30 12:09:00', '2023-01-30 12:09:00');
INSERT INTO `cart_orders` (`id`, `user_id`, `owner_id`, `order_id`, `station_id`, `shipping_charge`, `tax`, `amount`, `total_amount`, `currency`, `order_status`, `is_owner`, `order_date`, `is_schedule_delivery`, `delivery_date`, `delivery_time`, `payment_type`, `time_left_to_accept`, `otp_code`, `quality_of_product`, `receive_qty`, `receive_status`, `receive_datetime`, `delivered_datetime`, `signature_file`, `coupon_code`, `coupon_id`, `discount`, `status`, `is_order`, `is_approve`, `rating`, `review`, `review_date`, `transporter_id`, `created_date`, `updated_date`) VALUES ('933', '162', '162', 'O00933', 133, '100.00', '20.00', '28750.00', '28870.00', 'KES', 'Pending', 1, '2023-01-30', 0, '2023-01-30', '00:00:00', 'Upfront', '2023-01-30 12:38:50', 0, NULL, NULL, 0, NULL, NULL, NULL, '', 0, '0.00', 0, 1, 1, 0, NULL, NULL, 0, '2023-01-30 12:18:50', '2023-01-30 12:18:50');
INSERT INTO `cart_orders` (`id`, `user_id`, `owner_id`, `order_id`, `station_id`, `shipping_charge`, `tax`, `amount`, `total_amount`, `currency`, `order_status`, `is_owner`, `order_date`, `is_schedule_delivery`, `delivery_date`, `delivery_time`, `payment_type`, `time_left_to_accept`, `otp_code`, `quality_of_product`, `receive_qty`, `receive_status`, `receive_datetime`, `delivered_datetime`, `signature_file`, `coupon_code`, `coupon_id`, `discount`, `status`, `is_order`, `is_approve`, `rating`, `review`, `review_date`, `transporter_id`, `created_date`, `updated_date`) VALUES ('934', '162', '162', 'O00934', 133, '100.00', '20.00', '28750.00', '28870.00', 'KES', 'New', 1, '2023-01-30', 0, '2023-01-30', '00:00:00', 'Upfront', '2023-01-30 12:40:32', 0, NULL, NULL, 0, NULL, NULL, NULL, '', 0, '0.00', 0, 0, 1, 0, NULL, NULL, 0, '2023-01-30 12:20:32', '2023-01-30 12:20:32');
INSERT INTO `cart_orders` (`id`, `user_id`, `owner_id`, `order_id`, `station_id`, `shipping_charge`, `tax`, `amount`, `total_amount`, `currency`, `order_status`, `is_owner`, `order_date`, `is_schedule_delivery`, `delivery_date`, `delivery_time`, `payment_type`, `time_left_to_accept`, `otp_code`, `quality_of_product`, `receive_qty`, `receive_status`, `receive_datetime`, `delivered_datetime`, `signature_file`, `coupon_code`, `coupon_id`, `discount`, `status`, `is_order`, `is_approve`, `rating`, `review`, `review_date`, `transporter_id`, `created_date`, `updated_date`) VALUES ('937', '3', '3', 'O00937', 2, '100.00', '20.00', '2250000.00', '2250120.00', 'KES', 'Pending', 1, '2023-01-30', 1, '2023-01-31', '16:00:00', 'Upfront', '2023-01-30 12:49:52', 0, NULL, NULL, 0, NULL, NULL, NULL, '', 0, '0.00', 0, 1, 1, 0, NULL, NULL, 0, '2023-01-30 12:29:52', '2023-01-30 12:29:52');
INSERT INTO `cart_orders` (`id`, `user_id`, `owner_id`, `order_id`, `station_id`, `shipping_charge`, `tax`, `amount`, `total_amount`, `currency`, `order_status`, `is_owner`, `order_date`, `is_schedule_delivery`, `delivery_date`, `delivery_time`, `payment_type`, `time_left_to_accept`, `otp_code`, `quality_of_product`, `receive_qty`, `receive_status`, `receive_datetime`, `delivered_datetime`, `signature_file`, `coupon_code`, `coupon_id`, `discount`, `status`, `is_order`, `is_approve`, `rating`, `review`, `review_date`, `transporter_id`, `created_date`, `updated_date`) VALUES ('938', '162', '162', 'O00938', 133, '100.00', '20.00', '10000.00', '10120.00', 'KES', 'Assigned', 1, '2023-01-30', 0, '2023-01-30', '00:00:00', 'Upfront', '2023-01-30 13:06:04', 0, NULL, NULL, 0, NULL, NULL, NULL, '', 0, '0.00', 0, 1, 1, 0, NULL, NULL, 133, '2023-01-30 12:46:04', '2023-01-30 12:46:04');
INSERT INTO `cart_orders` (`id`, `user_id`, `owner_id`, `order_id`, `station_id`, `shipping_charge`, `tax`, `amount`, `total_amount`, `currency`, `order_status`, `is_owner`, `order_date`, `is_schedule_delivery`, `delivery_date`, `delivery_time`, `payment_type`, `time_left_to_accept`, `otp_code`, `quality_of_product`, `receive_qty`, `receive_status`, `receive_datetime`, `delivered_datetime`, `signature_file`, `coupon_code`, `coupon_id`, `discount`, `status`, `is_order`, `is_approve`, `rating`, `review`, `review_date`, `transporter_id`, `created_date`, `updated_date`) VALUES ('939', '162', '162', 'O00939', 133, '100.00', '20.00', '10000.00', '10120.00', 'KES', 'Accepted', 1, '2023-01-30', 0, '2023-01-30', '00:00:00', 'Upfront', '2023-01-30 18:28:48', 0, NULL, NULL, 0, NULL, NULL, NULL, '', 0, '0.00', 0, 1, 1, 0, NULL, NULL, 133, '2023-01-30 18:08:48', '2023-01-30 18:08:48');
INSERT INTO `cart_orders` (`id`, `user_id`, `owner_id`, `order_id`, `station_id`, `shipping_charge`, `tax`, `amount`, `total_amount`, `currency`, `order_status`, `is_owner`, `order_date`, `is_schedule_delivery`, `delivery_date`, `delivery_time`, `payment_type`, `time_left_to_accept`, `otp_code`, `quality_of_product`, `receive_qty`, `receive_status`, `receive_datetime`, `delivered_datetime`, `signature_file`, `coupon_code`, `coupon_id`, `discount`, `status`, `is_order`, `is_approve`, `rating`, `review`, `review_date`, `transporter_id`, `created_date`, `updated_date`) VALUES ('940', '162', '162', 'O00940', 133, '100.00', '20.00', '10000.00', '10120.00', 'KES', 'Accepted', 1, '2023-01-30', 0, '2023-01-30', '00:00:00', 'Upfront', '2023-01-30 18:40:53', 0, NULL, NULL, 0, NULL, NULL, NULL, '', 0, '0.00', 0, 1, 1, 0, NULL, NULL, 133, '2023-01-30 18:20:53', '2023-01-30 18:20:53');
INSERT INTO `cart_orders` (`id`, `user_id`, `owner_id`, `order_id`, `station_id`, `shipping_charge`, `tax`, `amount`, `total_amount`, `currency`, `order_status`, `is_owner`, `order_date`, `is_schedule_delivery`, `delivery_date`, `delivery_time`, `payment_type`, `time_left_to_accept`, `otp_code`, `quality_of_product`, `receive_qty`, `receive_status`, `receive_datetime`, `delivered_datetime`, `signature_file`, `coupon_code`, `coupon_id`, `discount`, `status`, `is_order`, `is_approve`, `rating`, `review`, `review_date`, `transporter_id`, `created_date`, `updated_date`) VALUES ('941', '68', '68', 'O00941', 125, '100.00', '20.00', '21750.00', '21870.00', 'KES', 'Completed', 1, '2023-01-31', 0, '2023-01-31', '00:00:00', 'Upfront', '2023-01-31 15:43:53', 0, 'Bad', 145, 1, '2023-02-01 15:21:51', '2023-01-31 15:35:13', 'sign_7261675159513.png', '', 0, '0.00', 1, 1, 1, 0, NULL, NULL, 19, '2023-01-31 15:23:53', '2023-01-31 15:23:53');
INSERT INTO `cart_orders` (`id`, `user_id`, `owner_id`, `order_id`, `station_id`, `shipping_charge`, `tax`, `amount`, `total_amount`, `currency`, `order_status`, `is_owner`, `order_date`, `is_schedule_delivery`, `delivery_date`, `delivery_time`, `payment_type`, `time_left_to_accept`, `otp_code`, `quality_of_product`, `receive_qty`, `receive_status`, `receive_datetime`, `delivered_datetime`, `signature_file`, `coupon_code`, `coupon_id`, `discount`, `status`, `is_order`, `is_approve`, `rating`, `review`, `review_date`, `transporter_id`, `created_date`, `updated_date`) VALUES ('942', '68', '68', 'O00942', 125, '100.00', '20.00', '18750.00', '18870.00', 'KES', 'Pending', 1, '2023-01-31', 0, '2023-01-31', '00:00:00', 'Upfront', '2023-01-31 16:00:08', 0, NULL, NULL, 0, NULL, NULL, NULL, '', 0, '0.00', 0, 1, 1, 0, NULL, NULL, 0, '2023-01-31 15:40:08', '2023-01-31 15:40:08');
INSERT INTO `cart_orders` (`id`, `user_id`, `owner_id`, `order_id`, `station_id`, `shipping_charge`, `tax`, `amount`, `total_amount`, `currency`, `order_status`, `is_owner`, `order_date`, `is_schedule_delivery`, `delivery_date`, `delivery_time`, `payment_type`, `time_left_to_accept`, `otp_code`, `quality_of_product`, `receive_qty`, `receive_status`, `receive_datetime`, `delivered_datetime`, `signature_file`, `coupon_code`, `coupon_id`, `discount`, `status`, `is_order`, `is_approve`, `rating`, `review`, `review_date`, `transporter_id`, `created_date`, `updated_date`) VALUES ('943', '68', '68', 'O00943', 125, '100.00', '20.00', '17120.00', '17240.00', 'KES', 'Pending', 1, '2023-01-31', 0, '2023-01-31', '00:00:00', 'Upfront', '2023-01-31 16:01:03', 0, NULL, NULL, 0, NULL, NULL, NULL, '', 0, '0.00', 0, 1, 1, 0, NULL, NULL, 0, '2023-01-31 15:41:03', '2023-01-31 15:41:03');
INSERT INTO `cart_orders` (`id`, `user_id`, `owner_id`, `order_id`, `station_id`, `shipping_charge`, `tax`, `amount`, `total_amount`, `currency`, `order_status`, `is_owner`, `order_date`, `is_schedule_delivery`, `delivery_date`, `delivery_time`, `payment_type`, `time_left_to_accept`, `otp_code`, `quality_of_product`, `receive_qty`, `receive_status`, `receive_datetime`, `delivered_datetime`, `signature_file`, `coupon_code`, `coupon_id`, `discount`, `status`, `is_order`, `is_approve`, `rating`, `review`, `review_date`, `transporter_id`, `created_date`, `updated_date`) VALUES ('944', '162', '162', 'O00944', 133, '100.00', '20.00', '9760.00', '9880.00', 'KES', 'Rejected', 1, '2023-01-31', 0, '2023-01-31', '00:00:00', 'Upfront', '2023-01-31 19:08:57', 0, NULL, NULL, 0, NULL, NULL, NULL, '', 0, '0.00', 0, 1, 1, 0, NULL, NULL, 0, '2023-01-31 18:48:57', '2023-01-31 18:48:57');
INSERT INTO `cart_orders` (`id`, `user_id`, `owner_id`, `order_id`, `station_id`, `shipping_charge`, `tax`, `amount`, `total_amount`, `currency`, `order_status`, `is_owner`, `order_date`, `is_schedule_delivery`, `delivery_date`, `delivery_time`, `payment_type`, `time_left_to_accept`, `otp_code`, `quality_of_product`, `receive_qty`, `receive_status`, `receive_datetime`, `delivered_datetime`, `signature_file`, `coupon_code`, `coupon_id`, `discount`, `status`, `is_order`, `is_approve`, `rating`, `review`, `review_date`, `transporter_id`, `created_date`, `updated_date`) VALUES ('945', '162', '162', 'O00945', 133, '100.00', '20.00', '10000.00', '10120.00', 'KES', 'Pending', 1, '2023-01-31', 0, '2023-01-31', '00:00:00', 'Upfront', '2023-01-31 19:10:57', 0, NULL, NULL, 0, NULL, NULL, NULL, '', 0, '0.00', 0, 1, 1, 0, NULL, NULL, 0, '2023-01-31 18:50:57', '2023-01-31 18:50:57');
INSERT INTO `cart_orders` (`id`, `user_id`, `owner_id`, `order_id`, `station_id`, `shipping_charge`, `tax`, `amount`, `total_amount`, `currency`, `order_status`, `is_owner`, `order_date`, `is_schedule_delivery`, `delivery_date`, `delivery_time`, `payment_type`, `time_left_to_accept`, `otp_code`, `quality_of_product`, `receive_qty`, `receive_status`, `receive_datetime`, `delivered_datetime`, `signature_file`, `coupon_code`, `coupon_id`, `discount`, `status`, `is_order`, `is_approve`, `rating`, `review`, `review_date`, `transporter_id`, `created_date`, `updated_date`) VALUES ('946', '162', '162', '', 133, '100.00', '20.00', '10000.00', '10120.00', 'KES', 'New', 1, '2023-01-31', 0, '2023-01-31', '00:00:00', 'Upfront', '2023-01-31 19:11:00', 0, NULL, NULL, 0, NULL, NULL, NULL, '', 0, '0.00', 0, 0, 1, 0, NULL, NULL, 0, '2023-01-31 18:51:00', '2023-01-31 18:51:00');
INSERT INTO `cart_orders` (`id`, `user_id`, `owner_id`, `order_id`, `station_id`, `shipping_charge`, `tax`, `amount`, `total_amount`, `currency`, `order_status`, `is_owner`, `order_date`, `is_schedule_delivery`, `delivery_date`, `delivery_time`, `payment_type`, `time_left_to_accept`, `otp_code`, `quality_of_product`, `receive_qty`, `receive_status`, `receive_datetime`, `delivered_datetime`, `signature_file`, `coupon_code`, `coupon_id`, `discount`, `status`, `is_order`, `is_approve`, `rating`, `review`, `review_date`, `transporter_id`, `created_date`, `updated_date`) VALUES ('947', '68', '68', 'O00947', 125, '100.00', '20.00', '12000.00', '12120.00', 'KES', 'New', 1, '2023-02-01', 0, '2023-02-01', '00:00:00', 'Upfront', '2023-02-01 10:59:09', 0, NULL, NULL, 0, NULL, NULL, NULL, '', 0, '0.00', 0, 0, 1, 0, NULL, NULL, 0, '2023-02-01 10:39:09', '2023-02-01 10:39:09');
INSERT INTO `cart_orders` (`id`, `user_id`, `owner_id`, `order_id`, `station_id`, `shipping_charge`, `tax`, `amount`, `total_amount`, `currency`, `order_status`, `is_owner`, `order_date`, `is_schedule_delivery`, `delivery_date`, `delivery_time`, `payment_type`, `time_left_to_accept`, `otp_code`, `quality_of_product`, `receive_qty`, `receive_status`, `receive_datetime`, `delivered_datetime`, `signature_file`, `coupon_code`, `coupon_id`, `discount`, `status`, `is_order`, `is_approve`, `rating`, `review`, `review_date`, `transporter_id`, `created_date`, `updated_date`) VALUES ('948', '68', '68', 'O00948', 125, '100.00', '20.00', '12000.00', '12120.00', 'KES', 'New', 1, '2023-02-01', 0, '2023-02-01', '00:00:00', 'Upfront', '2023-02-01 11:01:59', 0, NULL, NULL, 0, NULL, NULL, NULL, '', 0, '0.00', 0, 0, 1, 0, NULL, NULL, 0, '2023-02-01 10:41:59', '2023-02-01 10:41:59');
INSERT INTO `cart_orders` (`id`, `user_id`, `owner_id`, `order_id`, `station_id`, `shipping_charge`, `tax`, `amount`, `total_amount`, `currency`, `order_status`, `is_owner`, `order_date`, `is_schedule_delivery`, `delivery_date`, `delivery_time`, `payment_type`, `time_left_to_accept`, `otp_code`, `quality_of_product`, `receive_qty`, `receive_status`, `receive_datetime`, `delivered_datetime`, `signature_file`, `coupon_code`, `coupon_id`, `discount`, `status`, `is_order`, `is_approve`, `rating`, `review`, `review_date`, `transporter_id`, `created_date`, `updated_date`) VALUES ('949', '68', '68', 'O00949', 125, '100.00', '20.00', '12000.00', '12120.00', 'KES', 'New', 1, '2023-02-01', 0, '2023-02-01', '00:00:00', 'Upfront', '2023-02-01 11:02:24', 0, NULL, NULL, 0, NULL, NULL, NULL, '', 0, '0.00', 0, 0, 1, 0, NULL, NULL, 0, '2023-02-01 10:42:24', '2023-02-01 10:42:24');
INSERT INTO `cart_orders` (`id`, `user_id`, `owner_id`, `order_id`, `station_id`, `shipping_charge`, `tax`, `amount`, `total_amount`, `currency`, `order_status`, `is_owner`, `order_date`, `is_schedule_delivery`, `delivery_date`, `delivery_time`, `payment_type`, `time_left_to_accept`, `otp_code`, `quality_of_product`, `receive_qty`, `receive_status`, `receive_datetime`, `delivered_datetime`, `signature_file`, `coupon_code`, `coupon_id`, `discount`, `status`, `is_order`, `is_approve`, `rating`, `review`, `review_date`, `transporter_id`, `created_date`, `updated_date`) VALUES ('950', '68', '68', 'O00950', 125, '100.00', '20.00', '34500.00', '34620.00', 'KES', 'New', 1, '2023-02-01', 0, '2023-02-01', '00:00:00', 'Upfront', '2023-02-01 11:09:06', 0, NULL, NULL, 0, NULL, NULL, NULL, '', 0, '0.00', 0, 0, 1, 0, NULL, NULL, 0, '2023-02-01 10:49:06', '2023-02-01 10:49:06');
INSERT INTO `cart_orders` (`id`, `user_id`, `owner_id`, `order_id`, `station_id`, `shipping_charge`, `tax`, `amount`, `total_amount`, `currency`, `order_status`, `is_owner`, `order_date`, `is_schedule_delivery`, `delivery_date`, `delivery_time`, `payment_type`, `time_left_to_accept`, `otp_code`, `quality_of_product`, `receive_qty`, `receive_status`, `receive_datetime`, `delivered_datetime`, `signature_file`, `coupon_code`, `coupon_id`, `discount`, `status`, `is_order`, `is_approve`, `rating`, `review`, `review_date`, `transporter_id`, `created_date`, `updated_date`) VALUES ('951', '68', '68', 'O00951', 125, '100.00', '20.00', '34500.00', '34620.00', 'KES', 'New', 1, '2023-02-01', 0, '2023-02-01', '00:00:00', 'Upfront', '2023-02-01 11:10:57', 0, NULL, NULL, 0, NULL, NULL, NULL, '', 0, '0.00', 0, 0, 1, 0, NULL, NULL, 0, '2023-02-01 10:50:57', '2023-02-01 10:50:57');
INSERT INTO `cart_orders` (`id`, `user_id`, `owner_id`, `order_id`, `station_id`, `shipping_charge`, `tax`, `amount`, `total_amount`, `currency`, `order_status`, `is_owner`, `order_date`, `is_schedule_delivery`, `delivery_date`, `delivery_time`, `payment_type`, `time_left_to_accept`, `otp_code`, `quality_of_product`, `receive_qty`, `receive_status`, `receive_datetime`, `delivered_datetime`, `signature_file`, `coupon_code`, `coupon_id`, `discount`, `status`, `is_order`, `is_approve`, `rating`, `review`, `review_date`, `transporter_id`, `created_date`, `updated_date`) VALUES ('952', '68', '68', 'O00952', 125, '100.00', '20.00', '34500.00', '34620.00', 'KES', 'New', 1, '2023-02-01', 0, '2023-02-01', '00:00:00', 'Upfront', '2023-02-01 11:11:55', 0, NULL, NULL, 0, NULL, NULL, NULL, '', 0, '0.00', 0, 0, 1, 0, NULL, NULL, 0, '2023-02-01 10:51:55', '2023-02-01 10:51:55');
INSERT INTO `cart_orders` (`id`, `user_id`, `owner_id`, `order_id`, `station_id`, `shipping_charge`, `tax`, `amount`, `total_amount`, `currency`, `order_status`, `is_owner`, `order_date`, `is_schedule_delivery`, `delivery_date`, `delivery_time`, `payment_type`, `time_left_to_accept`, `otp_code`, `quality_of_product`, `receive_qty`, `receive_status`, `receive_datetime`, `delivered_datetime`, `signature_file`, `coupon_code`, `coupon_id`, `discount`, `status`, `is_order`, `is_approve`, `rating`, `review`, `review_date`, `transporter_id`, `created_date`, `updated_date`) VALUES ('953', '107', '107', 'O00953', 88, '100.00', '20.00', '18600.00', '18720.00', 'KES', 'New', 1, '2023-02-01', 0, '2023-02-01', '00:00:00', 'Upfront', '2023-02-01 11:12:49', 0, NULL, NULL, 0, NULL, NULL, NULL, '', 0, '0.00', 0, 0, 1, 0, NULL, NULL, 0, '2023-02-01 10:52:49', '2023-02-01 10:52:49');
INSERT INTO `cart_orders` (`id`, `user_id`, `owner_id`, `order_id`, `station_id`, `shipping_charge`, `tax`, `amount`, `total_amount`, `currency`, `order_status`, `is_owner`, `order_date`, `is_schedule_delivery`, `delivery_date`, `delivery_time`, `payment_type`, `time_left_to_accept`, `otp_code`, `quality_of_product`, `receive_qty`, `receive_status`, `receive_datetime`, `delivered_datetime`, `signature_file`, `coupon_code`, `coupon_id`, `discount`, `status`, `is_order`, `is_approve`, `rating`, `review`, `review_date`, `transporter_id`, `created_date`, `updated_date`) VALUES ('954', '68', '68', 'O00954', 125, '100.00', '20.00', '34500.00', '34620.00', 'KES', 'New', 1, '2023-02-01', 0, '2023-02-01', '00:00:00', 'Upfront', '2023-02-01 11:13:32', 0, NULL, NULL, 0, NULL, NULL, NULL, '', 0, '0.00', 0, 0, 1, 0, NULL, NULL, 0, '2023-02-01 10:53:32', '2023-02-01 10:53:32');
INSERT INTO `cart_orders` (`id`, `user_id`, `owner_id`, `order_id`, `station_id`, `shipping_charge`, `tax`, `amount`, `total_amount`, `currency`, `order_status`, `is_owner`, `order_date`, `is_schedule_delivery`, `delivery_date`, `delivery_time`, `payment_type`, `time_left_to_accept`, `otp_code`, `quality_of_product`, `receive_qty`, `receive_status`, `receive_datetime`, `delivered_datetime`, `signature_file`, `coupon_code`, `coupon_id`, `discount`, `status`, `is_order`, `is_approve`, `rating`, `review`, `review_date`, `transporter_id`, `created_date`, `updated_date`) VALUES ('955', '107', '107', 'O00955', 88, '100.00', '20.00', '18600.00', '18720.00', 'KES', 'New', 1, '2023-02-01', 0, '2023-02-01', '00:00:00', 'Upfront', '2023-02-01 11:14:31', 0, NULL, NULL, 0, NULL, NULL, NULL, '', 0, '0.00', 0, 0, 1, 0, NULL, NULL, 0, '2023-02-01 10:54:31', '2023-02-01 10:54:31');
INSERT INTO `cart_orders` (`id`, `user_id`, `owner_id`, `order_id`, `station_id`, `shipping_charge`, `tax`, `amount`, `total_amount`, `currency`, `order_status`, `is_owner`, `order_date`, `is_schedule_delivery`, `delivery_date`, `delivery_time`, `payment_type`, `time_left_to_accept`, `otp_code`, `quality_of_product`, `receive_qty`, `receive_status`, `receive_datetime`, `delivered_datetime`, `signature_file`, `coupon_code`, `coupon_id`, `discount`, `status`, `is_order`, `is_approve`, `rating`, `review`, `review_date`, `transporter_id`, `created_date`, `updated_date`) VALUES ('956', '107', '107', 'O00956', 88, '100.00', '20.00', '18600.00', '18720.00', 'KES', 'Pending', 1, '2023-02-01', 0, '2023-02-01', '00:00:00', 'Upfront', '2023-02-01 11:20:46', 0, NULL, NULL, 0, NULL, NULL, NULL, '', 0, '0.00', 0, 1, 1, 0, NULL, NULL, 0, '2023-02-01 11:00:46', '2023-02-01 11:00:46');
INSERT INTO `cart_orders` (`id`, `user_id`, `owner_id`, `order_id`, `station_id`, `shipping_charge`, `tax`, `amount`, `total_amount`, `currency`, `order_status`, `is_owner`, `order_date`, `is_schedule_delivery`, `delivery_date`, `delivery_time`, `payment_type`, `time_left_to_accept`, `otp_code`, `quality_of_product`, `receive_qty`, `receive_status`, `receive_datetime`, `delivered_datetime`, `signature_file`, `coupon_code`, `coupon_id`, `discount`, `status`, `is_order`, `is_approve`, `rating`, `review`, `review_date`, `transporter_id`, `created_date`, `updated_date`) VALUES ('957', '107', '107', 'O00957', 88, '100.00', '20.00', '20080.00', '20200.00', 'KES', 'New', 1, '2023-02-01', 0, '2023-02-01', '00:00:00', 'Upfront', '2023-02-01 11:22:09', 0, NULL, NULL, 0, NULL, NULL, NULL, '', 0, '0.00', 0, 0, 1, 0, NULL, NULL, 0, '2023-02-01 11:02:09', '2023-02-01 11:02:09');
INSERT INTO `cart_orders` (`id`, `user_id`, `owner_id`, `order_id`, `station_id`, `shipping_charge`, `tax`, `amount`, `total_amount`, `currency`, `order_status`, `is_owner`, `order_date`, `is_schedule_delivery`, `delivery_date`, `delivery_time`, `payment_type`, `time_left_to_accept`, `otp_code`, `quality_of_product`, `receive_qty`, `receive_status`, `receive_datetime`, `delivered_datetime`, `signature_file`, `coupon_code`, `coupon_id`, `discount`, `status`, `is_order`, `is_approve`, `rating`, `review`, `review_date`, `transporter_id`, `created_date`, `updated_date`) VALUES ('958', '107', '107', 'O00958', 88, '100.00', '20.00', '20080.00', '20200.00', 'KES', 'New', 1, '2023-02-01', 0, '2023-02-01', '00:00:00', 'Upfront', '2023-02-01 11:25:14', 0, NULL, NULL, 0, NULL, NULL, NULL, '', 0, '0.00', 0, 0, 1, 0, NULL, NULL, 0, '2023-02-01 11:05:14', '2023-02-01 11:05:14');
INSERT INTO `cart_orders` (`id`, `user_id`, `owner_id`, `order_id`, `station_id`, `shipping_charge`, `tax`, `amount`, `total_amount`, `currency`, `order_status`, `is_owner`, `order_date`, `is_schedule_delivery`, `delivery_date`, `delivery_time`, `payment_type`, `time_left_to_accept`, `otp_code`, `quality_of_product`, `receive_qty`, `receive_status`, `receive_datetime`, `delivered_datetime`, `signature_file`, `coupon_code`, `coupon_id`, `discount`, `status`, `is_order`, `is_approve`, `rating`, `review`, `review_date`, `transporter_id`, `created_date`, `updated_date`) VALUES ('959', '68', '68', 'O00959', 125, '100.00', '20.00', '34500.00', '34620.00', 'KES', 'New', 1, '2023-02-01', 0, '2023-02-01', '00:00:00', 'Upfront', '2023-02-01 11:39:13', 0, NULL, NULL, 0, NULL, NULL, NULL, '', 0, '0.00', 0, 0, 1, 0, NULL, NULL, 0, '2023-02-01 11:19:13', '2023-02-01 11:19:13');
INSERT INTO `cart_orders` (`id`, `user_id`, `owner_id`, `order_id`, `station_id`, `shipping_charge`, `tax`, `amount`, `total_amount`, `currency`, `order_status`, `is_owner`, `order_date`, `is_schedule_delivery`, `delivery_date`, `delivery_time`, `payment_type`, `time_left_to_accept`, `otp_code`, `quality_of_product`, `receive_qty`, `receive_status`, `receive_datetime`, `delivered_datetime`, `signature_file`, `coupon_code`, `coupon_id`, `discount`, `status`, `is_order`, `is_approve`, `rating`, `review`, `review_date`, `transporter_id`, `created_date`, `updated_date`) VALUES ('960', '68', '68', 'O00960', 125, '100.00', '20.00', '34500.00', '34620.00', 'KES', 'New', 1, '2023-02-01', 0, '2023-02-01', '00:00:00', 'Upfront', '2023-02-01 11:43:13', 0, NULL, NULL, 0, NULL, NULL, NULL, '', 0, '0.00', 0, 0, 1, 0, NULL, NULL, 0, '2023-02-01 11:23:13', '2023-02-01 11:23:13');
INSERT INTO `cart_orders` (`id`, `user_id`, `owner_id`, `order_id`, `station_id`, `shipping_charge`, `tax`, `amount`, `total_amount`, `currency`, `order_status`, `is_owner`, `order_date`, `is_schedule_delivery`, `delivery_date`, `delivery_time`, `payment_type`, `time_left_to_accept`, `otp_code`, `quality_of_product`, `receive_qty`, `receive_status`, `receive_datetime`, `delivered_datetime`, `signature_file`, `coupon_code`, `coupon_id`, `discount`, `status`, `is_order`, `is_approve`, `rating`, `review`, `review_date`, `transporter_id`, `created_date`, `updated_date`) VALUES ('961', '68', '68', 'O00961', 125, '100.00', '20.00', '34500.00', '34620.00', 'KES', 'New', 1, '2023-02-01', 0, '2023-02-01', '00:00:00', 'Upfront', '2023-02-01 11:44:35', 0, NULL, NULL, 0, NULL, NULL, NULL, '', 0, '0.00', 0, 0, 1, 0, NULL, NULL, 0, '2023-02-01 11:24:35', '2023-02-01 11:24:35');
INSERT INTO `cart_orders` (`id`, `user_id`, `owner_id`, `order_id`, `station_id`, `shipping_charge`, `tax`, `amount`, `total_amount`, `currency`, `order_status`, `is_owner`, `order_date`, `is_schedule_delivery`, `delivery_date`, `delivery_time`, `payment_type`, `time_left_to_accept`, `otp_code`, `quality_of_product`, `receive_qty`, `receive_status`, `receive_datetime`, `delivered_datetime`, `signature_file`, `coupon_code`, `coupon_id`, `discount`, `status`, `is_order`, `is_approve`, `rating`, `review`, `review_date`, `transporter_id`, `created_date`, `updated_date`) VALUES ('962', '68', '68', 'O00962', 125, '100.00', '20.00', '34500.00', '34620.00', 'KES', 'New', 1, '2023-02-01', 0, '2023-02-01', '00:00:00', 'Upfront', '2023-02-01 11:45:01', 0, NULL, NULL, 0, NULL, NULL, NULL, '', 0, '0.00', 0, 0, 1, 0, NULL, NULL, 0, '2023-02-01 11:25:01', '2023-02-01 11:25:01');
INSERT INTO `cart_orders` (`id`, `user_id`, `owner_id`, `order_id`, `station_id`, `shipping_charge`, `tax`, `amount`, `total_amount`, `currency`, `order_status`, `is_owner`, `order_date`, `is_schedule_delivery`, `delivery_date`, `delivery_time`, `payment_type`, `time_left_to_accept`, `otp_code`, `quality_of_product`, `receive_qty`, `receive_status`, `receive_datetime`, `delivered_datetime`, `signature_file`, `coupon_code`, `coupon_id`, `discount`, `status`, `is_order`, `is_approve`, `rating`, `review`, `review_date`, `transporter_id`, `created_date`, `updated_date`) VALUES ('963', '68', '68', 'O00963', 125, '100.00', '20.00', '34500.00', '34620.00', 'KES', 'New', 1, '2023-02-01', 0, '2023-02-01', '00:00:00', 'Upfront', '2023-02-01 11:45:19', 0, NULL, NULL, 0, NULL, NULL, NULL, '', 0, '0.00', 0, 0, 1, 0, NULL, NULL, 0, '2023-02-01 11:25:19', '2023-02-01 11:25:19');
INSERT INTO `cart_orders` (`id`, `user_id`, `owner_id`, `order_id`, `station_id`, `shipping_charge`, `tax`, `amount`, `total_amount`, `currency`, `order_status`, `is_owner`, `order_date`, `is_schedule_delivery`, `delivery_date`, `delivery_time`, `payment_type`, `time_left_to_accept`, `otp_code`, `quality_of_product`, `receive_qty`, `receive_status`, `receive_datetime`, `delivered_datetime`, `signature_file`, `coupon_code`, `coupon_id`, `discount`, `status`, `is_order`, `is_approve`, `rating`, `review`, `review_date`, `transporter_id`, `created_date`, `updated_date`) VALUES ('964', '68', '68', 'O00964', 125, '100.00', '20.00', '34500.00', '34620.00', 'KES', 'New', 1, '2023-02-01', 0, '2023-02-01', '00:00:00', 'Upfront', '2023-02-01 11:46:04', 0, NULL, NULL, 0, NULL, NULL, NULL, '', 0, '0.00', 0, 0, 1, 0, NULL, NULL, 0, '2023-02-01 11:26:04', '2023-02-01 11:26:04');
INSERT INTO `cart_orders` (`id`, `user_id`, `owner_id`, `order_id`, `station_id`, `shipping_charge`, `tax`, `amount`, `total_amount`, `currency`, `order_status`, `is_owner`, `order_date`, `is_schedule_delivery`, `delivery_date`, `delivery_time`, `payment_type`, `time_left_to_accept`, `otp_code`, `quality_of_product`, `receive_qty`, `receive_status`, `receive_datetime`, `delivered_datetime`, `signature_file`, `coupon_code`, `coupon_id`, `discount`, `status`, `is_order`, `is_approve`, `rating`, `review`, `review_date`, `transporter_id`, `created_date`, `updated_date`) VALUES ('965', '107', '107', 'O00965', 88, '100.00', '20.00', '17346.00', '17466.00', 'KES', 'New', 1, '2023-02-01', 0, '2023-02-01', '00:00:00', 'Upfront', '2023-02-01 11:56:15', 0, NULL, NULL, 0, NULL, NULL, NULL, '', 0, '0.00', 0, 0, 1, 0, NULL, NULL, 0, '2023-02-01 11:36:15', '2023-02-01 11:36:15');
INSERT INTO `cart_orders` (`id`, `user_id`, `owner_id`, `order_id`, `station_id`, `shipping_charge`, `tax`, `amount`, `total_amount`, `currency`, `order_status`, `is_owner`, `order_date`, `is_schedule_delivery`, `delivery_date`, `delivery_time`, `payment_type`, `time_left_to_accept`, `otp_code`, `quality_of_product`, `receive_qty`, `receive_status`, `receive_datetime`, `delivered_datetime`, `signature_file`, `coupon_code`, `coupon_id`, `discount`, `status`, `is_order`, `is_approve`, `rating`, `review`, `review_date`, `transporter_id`, `created_date`, `updated_date`) VALUES ('966', '68', '68', 'O00966', 125, '100.00', '20.00', '34500.00', '34620.00', 'KES', 'New', 1, '2023-02-01', 0, '2023-02-01', '00:00:00', 'Upfront', '2023-02-01 12:02:34', 0, NULL, NULL, 0, NULL, NULL, NULL, '', 0, '0.00', 0, 0, 1, 0, NULL, NULL, 0, '2023-02-01 11:42:34', '2023-02-01 11:42:34');
INSERT INTO `cart_orders` (`id`, `user_id`, `owner_id`, `order_id`, `station_id`, `shipping_charge`, `tax`, `amount`, `total_amount`, `currency`, `order_status`, `is_owner`, `order_date`, `is_schedule_delivery`, `delivery_date`, `delivery_time`, `payment_type`, `time_left_to_accept`, `otp_code`, `quality_of_product`, `receive_qty`, `receive_status`, `receive_datetime`, `delivered_datetime`, `signature_file`, `coupon_code`, `coupon_id`, `discount`, `status`, `is_order`, `is_approve`, `rating`, `review`, `review_date`, `transporter_id`, `created_date`, `updated_date`) VALUES ('967', '107', '107', 'O00967', 88, '100.00', '20.00', '17346.00', '17466.00', 'KES', 'New', 1, '2023-02-01', 0, '2023-02-01', '00:00:00', 'Upfront', '2023-02-01 12:38:26', 0, NULL, NULL, 0, NULL, NULL, NULL, '', 0, '0.00', 0, 0, 1, 0, NULL, NULL, 0, '2023-02-01 12:18:26', '2023-02-01 12:18:26');
INSERT INTO `cart_orders` (`id`, `user_id`, `owner_id`, `order_id`, `station_id`, `shipping_charge`, `tax`, `amount`, `total_amount`, `currency`, `order_status`, `is_owner`, `order_date`, `is_schedule_delivery`, `delivery_date`, `delivery_time`, `payment_type`, `time_left_to_accept`, `otp_code`, `quality_of_product`, `receive_qty`, `receive_status`, `receive_datetime`, `delivered_datetime`, `signature_file`, `coupon_code`, `coupon_id`, `discount`, `status`, `is_order`, `is_approve`, `rating`, `review`, `review_date`, `transporter_id`, `created_date`, `updated_date`) VALUES ('968', '107', '107', 'O00968', 88, '100.00', '20.00', '17346.00', '17466.00', 'KES', 'New', 1, '2023-02-01', 0, '2023-02-01', '00:00:00', 'Upfront', '2023-02-01 12:38:54', 0, NULL, NULL, 0, NULL, NULL, NULL, '', 0, '0.00', 0, 0, 1, 0, NULL, NULL, 0, '2023-02-01 12:18:54', '2023-02-01 12:18:54');
INSERT INTO `cart_orders` (`id`, `user_id`, `owner_id`, `order_id`, `station_id`, `shipping_charge`, `tax`, `amount`, `total_amount`, `currency`, `order_status`, `is_owner`, `order_date`, `is_schedule_delivery`, `delivery_date`, `delivery_time`, `payment_type`, `time_left_to_accept`, `otp_code`, `quality_of_product`, `receive_qty`, `receive_status`, `receive_datetime`, `delivered_datetime`, `signature_file`, `coupon_code`, `coupon_id`, `discount`, `status`, `is_order`, `is_approve`, `rating`, `review`, `review_date`, `transporter_id`, `created_date`, `updated_date`) VALUES ('969', '107', '107', 'O00969', 88, '100.00', '20.00', '17346.00', '17466.00', 'KES', 'New', 1, '2023-02-01', 0, '2023-02-01', '00:00:00', 'Upfront', '2023-02-01 12:39:09', 0, NULL, NULL, 0, NULL, NULL, NULL, '', 0, '0.00', 0, 0, 1, 0, NULL, NULL, 0, '2023-02-01 12:19:09', '2023-02-01 12:19:09');
INSERT INTO `cart_orders` (`id`, `user_id`, `owner_id`, `order_id`, `station_id`, `shipping_charge`, `tax`, `amount`, `total_amount`, `currency`, `order_status`, `is_owner`, `order_date`, `is_schedule_delivery`, `delivery_date`, `delivery_time`, `payment_type`, `time_left_to_accept`, `otp_code`, `quality_of_product`, `receive_qty`, `receive_status`, `receive_datetime`, `delivered_datetime`, `signature_file`, `coupon_code`, `coupon_id`, `discount`, `status`, `is_order`, `is_approve`, `rating`, `review`, `review_date`, `transporter_id`, `created_date`, `updated_date`) VALUES ('970', '107', '107', 'O00970', 88, '100.00', '20.00', '17346.00', '17466.00', 'KES', 'New', 1, '2023-02-01', 0, '2023-02-01', '00:00:00', 'Upfront', '2023-02-01 12:39:41', 0, NULL, NULL, 0, NULL, NULL, NULL, '', 0, '0.00', 0, 0, 1, 0, NULL, NULL, 0, '2023-02-01 12:19:41', '2023-02-01 12:19:41');
INSERT INTO `cart_orders` (`id`, `user_id`, `owner_id`, `order_id`, `station_id`, `shipping_charge`, `tax`, `amount`, `total_amount`, `currency`, `order_status`, `is_owner`, `order_date`, `is_schedule_delivery`, `delivery_date`, `delivery_time`, `payment_type`, `time_left_to_accept`, `otp_code`, `quality_of_product`, `receive_qty`, `receive_status`, `receive_datetime`, `delivered_datetime`, `signature_file`, `coupon_code`, `coupon_id`, `discount`, `status`, `is_order`, `is_approve`, `rating`, `review`, `review_date`, `transporter_id`, `created_date`, `updated_date`) VALUES ('971', '107', '107', 'O00971', 88, '100.00', '20.00', '17346.00', '17466.00', 'KES', 'New', 1, '2023-02-01', 0, '2023-02-01', '00:00:00', 'Upfront', '2023-02-01 12:42:57', 0, NULL, NULL, 0, NULL, NULL, NULL, '', 0, '0.00', 0, 0, 1, 0, NULL, NULL, 0, '2023-02-01 12:22:57', '2023-02-01 12:22:57');
INSERT INTO `cart_orders` (`id`, `user_id`, `owner_id`, `order_id`, `station_id`, `shipping_charge`, `tax`, `amount`, `total_amount`, `currency`, `order_status`, `is_owner`, `order_date`, `is_schedule_delivery`, `delivery_date`, `delivery_time`, `payment_type`, `time_left_to_accept`, `otp_code`, `quality_of_product`, `receive_qty`, `receive_status`, `receive_datetime`, `delivered_datetime`, `signature_file`, `coupon_code`, `coupon_id`, `discount`, `status`, `is_order`, `is_approve`, `rating`, `review`, `review_date`, `transporter_id`, `created_date`, `updated_date`) VALUES ('972', '107', '107', 'O00972', 88, '100.00', '20.00', '17346.00', '17466.00', 'KES', 'New', 1, '2023-02-01', 0, '2023-02-01', '00:00:00', 'Upfront', '2023-02-01 12:55:09', 0, NULL, NULL, 0, NULL, NULL, NULL, '', 0, '0.00', 0, 0, 1, 0, NULL, NULL, 0, '2023-02-01 12:35:09', '2023-02-01 12:35:09');
INSERT INTO `cart_orders` (`id`, `user_id`, `owner_id`, `order_id`, `station_id`, `shipping_charge`, `tax`, `amount`, `total_amount`, `currency`, `order_status`, `is_owner`, `order_date`, `is_schedule_delivery`, `delivery_date`, `delivery_time`, `payment_type`, `time_left_to_accept`, `otp_code`, `quality_of_product`, `receive_qty`, `receive_status`, `receive_datetime`, `delivered_datetime`, `signature_file`, `coupon_code`, `coupon_id`, `discount`, `status`, `is_order`, `is_approve`, `rating`, `review`, `review_date`, `transporter_id`, `created_date`, `updated_date`) VALUES ('973', '107', '107', 'O00973', 88, '100.00', '20.00', '17346.00', '17466.00', 'KES', 'New', 1, '2023-02-01', 0, '2023-02-01', '00:00:00', 'Upfront', '2023-02-01 12:58:47', 0, NULL, NULL, 0, NULL, NULL, NULL, '', 0, '0.00', 0, 0, 1, 0, NULL, NULL, 0, '2023-02-01 12:38:47', '2023-02-01 12:38:47');
INSERT INTO `cart_orders` (`id`, `user_id`, `owner_id`, `order_id`, `station_id`, `shipping_charge`, `tax`, `amount`, `total_amount`, `currency`, `order_status`, `is_owner`, `order_date`, `is_schedule_delivery`, `delivery_date`, `delivery_time`, `payment_type`, `time_left_to_accept`, `otp_code`, `quality_of_product`, `receive_qty`, `receive_status`, `receive_datetime`, `delivered_datetime`, `signature_file`, `coupon_code`, `coupon_id`, `discount`, `status`, `is_order`, `is_approve`, `rating`, `review`, `review_date`, `transporter_id`, `created_date`, `updated_date`) VALUES ('974', '68', '68', 'O00974', 125, '100.00', '20.00', '34500.00', '34620.00', 'KES', 'Processing', 1, '2023-02-01', 0, '2023-02-01', '00:00:00', 'Upfront', '2023-02-01 15:38:23', 4852, NULL, NULL, 0, NULL, NULL, NULL, '', 0, '0.00', 0, 1, 1, 0, NULL, NULL, 19, '2023-02-01 15:18:23', '2023-02-01 15:18:23');
INSERT INTO `cart_orders` (`id`, `user_id`, `owner_id`, `order_id`, `station_id`, `shipping_charge`, `tax`, `amount`, `total_amount`, `currency`, `order_status`, `is_owner`, `order_date`, `is_schedule_delivery`, `delivery_date`, `delivery_time`, `payment_type`, `time_left_to_accept`, `otp_code`, `quality_of_product`, `receive_qty`, `receive_status`, `receive_datetime`, `delivered_datetime`, `signature_file`, `coupon_code`, `coupon_id`, `discount`, `status`, `is_order`, `is_approve`, `rating`, `review`, `review_date`, `transporter_id`, `created_date`, `updated_date`) VALUES ('975', '107', '107', 'O00975', 88, '100.00', '20.00', '17346.00', '17466.00', 'KES', 'Accepted', 1, '2023-02-01', 0, '2023-02-01', '00:00:00', 'Upfront', '2023-02-01 15:58:27', 0, NULL, NULL, 0, NULL, NULL, NULL, '', 0, '0.00', 0, 1, 1, 0, NULL, NULL, 19, '2023-02-01 15:38:27', '2023-02-01 15:38:27');
INSERT INTO `cart_orders` (`id`, `user_id`, `owner_id`, `order_id`, `station_id`, `shipping_charge`, `tax`, `amount`, `total_amount`, `currency`, `order_status`, `is_owner`, `order_date`, `is_schedule_delivery`, `delivery_date`, `delivery_time`, `payment_type`, `time_left_to_accept`, `otp_code`, `quality_of_product`, `receive_qty`, `receive_status`, `receive_datetime`, `delivered_datetime`, `signature_file`, `coupon_code`, `coupon_id`, `discount`, `status`, `is_order`, `is_approve`, `rating`, `review`, `review_date`, `transporter_id`, `created_date`, `updated_date`) VALUES ('976', '107', '107', 'O00976', 88, '100.00', '20.00', '18750.00', '18870.00', 'KES', 'Accepted', 1, '2023-02-01', 0, '2023-02-01', '00:00:00', 'Upfront', '2023-02-01 15:59:55', 0, NULL, NULL, 0, NULL, NULL, NULL, '', 0, '0.00', 0, 1, 1, 0, NULL, NULL, 19, '2023-02-01 15:39:55', '2023-02-01 15:39:55');
INSERT INTO `cart_orders` (`id`, `user_id`, `owner_id`, `order_id`, `station_id`, `shipping_charge`, `tax`, `amount`, `total_amount`, `currency`, `order_status`, `is_owner`, `order_date`, `is_schedule_delivery`, `delivery_date`, `delivery_time`, `payment_type`, `time_left_to_accept`, `otp_code`, `quality_of_product`, `receive_qty`, `receive_status`, `receive_datetime`, `delivered_datetime`, `signature_file`, `coupon_code`, `coupon_id`, `discount`, `status`, `is_order`, `is_approve`, `rating`, `review`, `review_date`, `transporter_id`, `created_date`, `updated_date`) VALUES ('977', '180', '180', 'O00977', 137, '100.00', '20.00', '12000.00', '12120.00', 'KES', 'Pending', 1, '2023-02-01', 0, '2023-02-01', '00:00:00', 'Upfront', '2023-02-01 17:27:54', 0, NULL, NULL, 0, NULL, NULL, NULL, '', 0, '0.00', 0, 1, 1, 0, NULL, NULL, 0, '2023-02-01 17:07:54', '2023-02-01 17:07:54');
INSERT INTO `cart_orders` (`id`, `user_id`, `owner_id`, `order_id`, `station_id`, `shipping_charge`, `tax`, `amount`, `total_amount`, `currency`, `order_status`, `is_owner`, `order_date`, `is_schedule_delivery`, `delivery_date`, `delivery_time`, `payment_type`, `time_left_to_accept`, `otp_code`, `quality_of_product`, `receive_qty`, `receive_status`, `receive_datetime`, `delivered_datetime`, `signature_file`, `coupon_code`, `coupon_id`, `discount`, `status`, `is_order`, `is_approve`, `rating`, `review`, `review_date`, `transporter_id`, `created_date`, `updated_date`) VALUES ('978', '180', '180', 'O00978', 137, '100.00', '20.00', '800000.00', '800120.00', 'KES', 'New', 1, '2023-02-01', 0, '2023-02-01', '00:00:00', 'Upfront', '2023-02-01 17:30:07', 0, NULL, NULL, 0, NULL, NULL, NULL, '', 0, '0.00', 0, 0, 1, 0, NULL, NULL, 0, '2023-02-01 17:10:07', '2023-02-01 17:10:07');
INSERT INTO `cart_orders` (`id`, `user_id`, `owner_id`, `order_id`, `station_id`, `shipping_charge`, `tax`, `amount`, `total_amount`, `currency`, `order_status`, `is_owner`, `order_date`, `is_schedule_delivery`, `delivery_date`, `delivery_time`, `payment_type`, `time_left_to_accept`, `otp_code`, `quality_of_product`, `receive_qty`, `receive_status`, `receive_datetime`, `delivered_datetime`, `signature_file`, `coupon_code`, `coupon_id`, `discount`, `status`, `is_order`, `is_approve`, `rating`, `review`, `review_date`, `transporter_id`, `created_date`, `updated_date`) VALUES ('979', '180', '180', 'O00979', 137, '0.00', '0.00', '837500.00', '837500.00', 'KES', 'Pending', 1, '2023-02-01', 0, '2023-02-01', '00:00:00', 'Upfront', '2023-02-01 17:46:43', 0, NULL, NULL, 0, NULL, NULL, NULL, '', 0, '0.00', 0, 1, 1, 0, NULL, NULL, 0, '2023-02-01 17:26:43', '2023-02-01 17:26:43');
INSERT INTO `cart_orders` (`id`, `user_id`, `owner_id`, `order_id`, `station_id`, `shipping_charge`, `tax`, `amount`, `total_amount`, `currency`, `order_status`, `is_owner`, `order_date`, `is_schedule_delivery`, `delivery_date`, `delivery_time`, `payment_type`, `time_left_to_accept`, `otp_code`, `quality_of_product`, `receive_qty`, `receive_status`, `receive_datetime`, `delivered_datetime`, `signature_file`, `coupon_code`, `coupon_id`, `discount`, `status`, `is_order`, `is_approve`, `rating`, `review`, `review_date`, `transporter_id`, `created_date`, `updated_date`) VALUES ('980', '180', '180', 'O00980', 137, '100.00', '20.00', '28910.00', '29030.00', 'KES', 'Completed', 1, '2023-02-01', 0, '2023-02-01', '00:00:00', 'Upfront', '2023-02-01 17:47:11', 0, NULL, NULL, 0, NULL, '2023-02-01 17:43:05', 'sign_2411675253585.png', '', 0, '0.00', 0, 1, 1, 0, NULL, NULL, 85, '2023-02-01 17:27:11', '2023-02-01 17:27:11');
INSERT INTO `cart_orders` (`id`, `user_id`, `owner_id`, `order_id`, `station_id`, `shipping_charge`, `tax`, `amount`, `total_amount`, `currency`, `order_status`, `is_owner`, `order_date`, `is_schedule_delivery`, `delivery_date`, `delivery_time`, `payment_type`, `time_left_to_accept`, `otp_code`, `quality_of_product`, `receive_qty`, `receive_status`, `receive_datetime`, `delivered_datetime`, `signature_file`, `coupon_code`, `coupon_id`, `discount`, `status`, `is_order`, `is_approve`, `rating`, `review`, `review_date`, `transporter_id`, `created_date`, `updated_date`) VALUES ('981', '68', '68', 'O00981', 125, '0.00', '0.00', '120480.00', '120480.00', 'KES', 'Completed', 1, '2023-02-01', 0, '2023-02-01', '00:00:00', 'Upfront', '2023-02-01 17:50:08', 0, NULL, NULL, 0, NULL, '2023-02-01 17:51:53', 'sign_4411675254113.png', '', 0, '0.00', 0, 1, 1, 0, NULL, NULL, 85, '2023-02-01 17:30:08', '2023-02-01 17:30:08');


#
# TABLE STRUCTURE FOR: carts
#

DROP TABLE IF EXISTS `carts`;

CREATE TABLE `carts` (
  `cart_id` bigint(20) NOT NULL AUTO_INCREMENT,
  `user_id` bigint(20) NOT NULL,
  `category_id` int(11) NOT NULL,
  `name` varchar(100) COLLATE utf8mb4_unicode_ci NOT NULL,
  `type` varchar(100) COLLATE utf8mb4_unicode_ci NOT NULL,
  `image` varchar(100) COLLATE utf8mb4_unicode_ci DEFAULT NULL,
  `measurement` varchar(50) COLLATE utf8mb4_unicode_ci NOT NULL,
  `qty` int(11) NOT NULL,
  `price` decimal(11,2) NOT NULL,
  `currency` varchar(20) COLLATE utf8mb4_unicode_ci NOT NULL,
  `total_price` decimal(11,2) NOT NULL,
  `status` tinyint(1) NOT NULL,
  `created_date` datetime NOT NULL,
  `updated_date` datetime DEFAULT NULL,
  PRIMARY KEY (`cart_id`)
) ENGINE=InnoDB AUTO_INCREMENT=709 DEFAULT CHARSET=utf8mb4 COLLATE=utf8mb4_unicode_ci;

INSERT INTO `carts` (`cart_id`, `user_id`, `category_id`, `name`, `type`, `image`, `measurement`, `qty`, `price`, `currency`, `total_price`, `status`, `created_date`, `updated_date`) VALUES ('628', '173', 2, 'Petrol', 'Pms', 'product_5051666941331.png', 'Litr', 150, '80.00', 'KES', '12000.00', 0, '2023-01-25 14:34:31', NULL);
INSERT INTO `carts` (`cart_id`, `user_id`, `category_id`, `name`, `type`, `image`, `measurement`, `qty`, `price`, `currency`, `total_price`, `status`, `created_date`, `updated_date`) VALUES ('638', '157', 2, 'Petrol', 'Pms', 'product_5051666941331.png', 'Litr', 5000, '80.00', 'KES', '400000.00', 0, '2023-01-25 17:34:11', NULL);
INSERT INTO `carts` (`cart_id`, `user_id`, `category_id`, `name`, `type`, `image`, `measurement`, `qty`, `price`, `currency`, `total_price`, `status`, `created_date`, `updated_date`) VALUES ('640', '70', 5, 'Kerosene', 'JET', 'product_4351669204816.jfif', 'Litr', 2000, '150.00', 'KES', '300000.00', 0, '2023-01-25 18:19:16', NULL);
INSERT INTO `carts` (`cart_id`, `user_id`, `category_id`, `name`, `type`, `image`, `measurement`, `qty`, `price`, `currency`, `total_price`, `status`, `created_date`, `updated_date`) VALUES ('662', '122', 2, 'Petrol', 'Pms', 'product_5051666941331.png', 'Litr', 214, '80.00', 'KES', '17120.00', 0, '2023-01-28 13:50:12', NULL);
INSERT INTO `carts` (`cart_id`, `user_id`, `category_id`, `name`, `type`, `image`, `measurement`, `qty`, `price`, `currency`, `total_price`, `status`, `created_date`, `updated_date`) VALUES ('693', '3', 4, 'Gas', 'Lpg Eqwipetrol', 'product_3491666941361.png', 'Litr', 120, '118.00', 'KES', '14160.00', 0, '2023-01-31 10:39:53', NULL);
INSERT INTO `carts` (`cart_id`, `user_id`, `category_id`, `name`, `type`, `image`, `measurement`, `qty`, `price`, `currency`, `total_price`, `status`, `created_date`, `updated_date`) VALUES ('708', '68', 3, 'Diesel', 'Ago', 'product_6011666941346.png', 'Litr', 235, '150.00', 'KES', '35250.00', 0, '2023-02-01 17:33:59', NULL);


#
# TABLE STRUCTURE FOR: category
#

DROP TABLE IF EXISTS `category`;

CREATE TABLE `category` (
  `category_id` int(11) NOT NULL AUTO_INCREMENT,
  `name` varchar(100) COLLATE utf8mb4_unicode_ci NOT NULL,
  `type` varchar(100) COLLATE utf8mb4_unicode_ci NOT NULL,
  `image` varchar(100) COLLATE utf8mb4_unicode_ci NOT NULL,
  `measurement` varchar(50) COLLATE utf8mb4_unicode_ci NOT NULL,
  `minimum_order_qty` int(11) NOT NULL,
  `status` tinyint(1) NOT NULL DEFAULT '1',
  `display_order` int(11) NOT NULL,
  `created_date` datetime NOT NULL,
  `updated_date` datetime DEFAULT NULL,
  PRIMARY KEY (`category_id`)
) ENGINE=InnoDB AUTO_INCREMENT=6 DEFAULT CHARSET=utf8mb4 COLLATE=utf8mb4_unicode_ci;

INSERT INTO `category` (`category_id`, `name`, `type`, `image`, `measurement`, `minimum_order_qty`, `status`, `display_order`, `created_date`, `updated_date`) VALUES (2, 'Petrol', 'Pms', 'product_5051666941331.png', 'Litr', 100, 1, 1, '2022-10-17 19:25:50', '2023-01-30 12:58:29');
INSERT INTO `category` (`category_id`, `name`, `type`, `image`, `measurement`, `minimum_order_qty`, `status`, `display_order`, `created_date`, `updated_date`) VALUES (3, 'Diesel', 'Ago', 'product_6011666941346.png', 'Litr', 120, 1, 2, '2022-10-17 19:26:28', '2023-01-30 12:58:42');
INSERT INTO `category` (`category_id`, `name`, `type`, `image`, `measurement`, `minimum_order_qty`, `status`, `display_order`, `created_date`, `updated_date`) VALUES (4, 'Gas', 'Lpg Eqwipetrol', 'product_3491666941361.png', 'Litr', 120, 1, 3, '2022-10-20 11:24:04', '2023-01-30 12:59:00');
INSERT INTO `category` (`category_id`, `name`, `type`, `image`, `measurement`, `minimum_order_qty`, `status`, `display_order`, `created_date`, `updated_date`) VALUES (5, 'Kerosene', 'JET', 'product_4351669204816.jfif', 'Litr', 100, 1, 4, '2022-11-23 17:30:16', '2023-01-30 12:59:06');


#
# TABLE STRUCTURE FOR: category_price
#

DROP TABLE IF EXISTS `category_price`;

CREATE TABLE `category_price` (
  `id` bigint(20) NOT NULL AUTO_INCREMENT,
  `category_id` int(11) NOT NULL,
  `currency` varchar(20) COLLATE utf8mb4_unicode_ci NOT NULL,
  `price` decimal(11,2) NOT NULL,
  `status` tinyint(1) NOT NULL DEFAULT '1',
  `price_date` date NOT NULL,
  `date_time` datetime NOT NULL,
  PRIMARY KEY (`id`)
) ENGINE=InnoDB AUTO_INCREMENT=44 DEFAULT CHARSET=utf8mb4 COLLATE=utf8mb4_unicode_ci;

INSERT INTO `category_price` (`id`, `category_id`, `currency`, `price`, `status`, `price_date`, `date_time`) VALUES ('1', 2, 'K', '110.00', 1, '2022-10-20', '2022-10-20 12:06:38');
INSERT INTO `category_price` (`id`, `category_id`, `currency`, `price`, `status`, `price_date`, `date_time`) VALUES ('2', 3, 'K', '100.00', 1, '2022-10-20', '2022-10-20 12:07:16');
INSERT INTO `category_price` (`id`, `category_id`, `currency`, `price`, `status`, `price_date`, `date_time`) VALUES ('3', 4, 'K', '90.00', 1, '2022-10-20', '2022-10-20 12:07:34');
INSERT INTO `category_price` (`id`, `category_id`, `currency`, `price`, `status`, `price_date`, `date_time`) VALUES ('10', 2, 'K', '100.00', 1, '2022-11-04', '2022-11-04 15:59:53');
INSERT INTO `category_price` (`id`, `category_id`, `currency`, `price`, `status`, `price_date`, `date_time`) VALUES ('11', 3, 'K', '20.00', 1, '2022-11-04', '2022-11-04 15:59:53');
INSERT INTO `category_price` (`id`, `category_id`, `currency`, `price`, `status`, `price_date`, `date_time`) VALUES ('12', 4, 'K', '200.00', 1, '2022-11-04', '2022-11-04 15:59:53');
INSERT INTO `category_price` (`id`, `category_id`, `currency`, `price`, `status`, `price_date`, `date_time`) VALUES ('13', 2, 'K', '99.00', 1, '2022-11-04', '2022-11-04 17:12:10');
INSERT INTO `category_price` (`id`, `category_id`, `currency`, `price`, `status`, `price_date`, `date_time`) VALUES ('14', 3, 'K', '92.00', 1, '2022-11-04', '2022-11-04 17:12:10');
INSERT INTO `category_price` (`id`, `category_id`, `currency`, `price`, `status`, `price_date`, `date_time`) VALUES ('15', 5, 'K', '140.00', 1, '2022-11-23', '2022-11-23 17:31:17');
INSERT INTO `category_price` (`id`, `category_id`, `currency`, `price`, `status`, `price_date`, `date_time`) VALUES ('16', 2, 'K', '111.00', 1, '2022-11-28', '2022-11-28 16:16:46');
INSERT INTO `category_price` (`id`, `category_id`, `currency`, `price`, `status`, `price_date`, `date_time`) VALUES ('17', 3, 'K', '100.00', 1, '2022-11-28', '2022-11-28 16:16:46');
INSERT INTO `category_price` (`id`, `category_id`, `currency`, `price`, `status`, `price_date`, `date_time`) VALUES ('18', 4, 'K', '150.00', 1, '2022-11-28', '2022-11-28 16:16:46');
INSERT INTO `category_price` (`id`, `category_id`, `currency`, `price`, `status`, `price_date`, `date_time`) VALUES ('19', 5, 'K', '410.00', 1, '2022-11-28', '2022-11-28 16:16:46');
INSERT INTO `category_price` (`id`, `category_id`, `currency`, `price`, `status`, `price_date`, `date_time`) VALUES ('20', 2, 'K', '145.00', 1, '2023-01-06', '2023-01-06 19:53:39');
INSERT INTO `category_price` (`id`, `category_id`, `currency`, `price`, `status`, `price_date`, `date_time`) VALUES ('21', 3, 'K', '137.00', 1, '2023-01-06', '2023-01-06 19:53:39');
INSERT INTO `category_price` (`id`, `category_id`, `currency`, `price`, `status`, `price_date`, `date_time`) VALUES ('22', 4, 'K', '3500.00', 1, '2023-01-06', '2023-01-06 19:53:39');
INSERT INTO `category_price` (`id`, `category_id`, `currency`, `price`, `status`, `price_date`, `date_time`) VALUES ('23', 5, 'K', '136.00', 1, '2023-01-06', '2023-01-06 19:53:39');
INSERT INTO `category_price` (`id`, `category_id`, `currency`, `price`, `status`, `price_date`, `date_time`) VALUES ('24', 2, 'KES', '145.00', 1, '2023-01-11', '2023-01-11 16:29:01');
INSERT INTO `category_price` (`id`, `category_id`, `currency`, `price`, `status`, `price_date`, `date_time`) VALUES ('25', 3, 'KES', '137.00', 1, '2023-01-11', '2023-01-11 16:29:01');
INSERT INTO `category_price` (`id`, `category_id`, `currency`, `price`, `status`, `price_date`, `date_time`) VALUES ('26', 4, 'KES', '3500.00', 1, '2023-01-11', '2023-01-11 16:29:01');
INSERT INTO `category_price` (`id`, `category_id`, `currency`, `price`, `status`, `price_date`, `date_time`) VALUES ('27', 5, 'KES', '136.00', 1, '2023-01-11', '2023-01-11 16:29:01');
INSERT INTO `category_price` (`id`, `category_id`, `currency`, `price`, `status`, `price_date`, `date_time`) VALUES ('28', 2, 'KES', '150.00', 1, '2023-01-12', '2023-01-12 17:00:50');
INSERT INTO `category_price` (`id`, `category_id`, `currency`, `price`, `status`, `price_date`, `date_time`) VALUES ('29', 3, 'KES', '150.00', 1, '2023-01-12', '2023-01-12 17:00:50');
INSERT INTO `category_price` (`id`, `category_id`, `currency`, `price`, `status`, `price_date`, `date_time`) VALUES ('30', 4, 'KES', '150.00', 1, '2023-01-12', '2023-01-12 17:00:50');
INSERT INTO `category_price` (`id`, `category_id`, `currency`, `price`, `status`, `price_date`, `date_time`) VALUES ('31', 5, 'KES', '150.00', 1, '2023-01-12', '2023-01-12 17:00:50');
INSERT INTO `category_price` (`id`, `category_id`, `currency`, `price`, `status`, `price_date`, `date_time`) VALUES ('32', 2, 'KES', '100.00', 1, '2023-01-12', '2023-01-12 17:01:32');
INSERT INTO `category_price` (`id`, `category_id`, `currency`, `price`, `status`, `price_date`, `date_time`) VALUES ('33', 2, 'KES', '120.00', 1, '2023-01-12', '2023-01-12 18:16:29');
INSERT INTO `category_price` (`id`, `category_id`, `currency`, `price`, `status`, `price_date`, `date_time`) VALUES ('34', 2, 'KES', '100.00', 1, '2023-01-19', '2023-01-19 18:09:08');
INSERT INTO `category_price` (`id`, `category_id`, `currency`, `price`, `status`, `price_date`, `date_time`) VALUES ('35', 2, 'KES', '150.00', 1, '2023-01-19', '2023-01-19 18:09:52');
INSERT INTO `category_price` (`id`, `category_id`, `currency`, `price`, `status`, `price_date`, `date_time`) VALUES ('36', 2, 'KES', '100.00', 1, '2023-01-19', '2023-01-19 18:11:25');
INSERT INTO `category_price` (`id`, `category_id`, `currency`, `price`, `status`, `price_date`, `date_time`) VALUES ('37', 2, 'KES', '70.00', 1, '2023-01-23', '2023-01-23 18:08:23');
INSERT INTO `category_price` (`id`, `category_id`, `currency`, `price`, `status`, `price_date`, `date_time`) VALUES ('38', 2, 'KES', '100.00', 1, '2023-01-23', '2023-01-23 18:21:44');
INSERT INTO `category_price` (`id`, `category_id`, `currency`, `price`, `status`, `price_date`, `date_time`) VALUES ('39', 2, 'KES', '80.00', 1, '2023-01-23', '2023-01-23 18:22:11');
INSERT INTO `category_price` (`id`, `category_id`, `currency`, `price`, `status`, `price_date`, `date_time`) VALUES ('40', 4, 'KES', '110.00', 1, '2023-01-31', '2023-01-31 10:54:04');
INSERT INTO `category_price` (`id`, `category_id`, `currency`, `price`, `status`, `price_date`, `date_time`) VALUES ('41', 4, 'KES', '115.00', 1, '2023-01-31', '2023-01-31 11:07:46');
INSERT INTO `category_price` (`id`, `category_id`, `currency`, `price`, `status`, `price_date`, `date_time`) VALUES ('42', 4, 'KES', '115.00', 1, '2023-01-31', '2023-01-31 11:07:57');
INSERT INTO `category_price` (`id`, `category_id`, `currency`, `price`, `status`, `price_date`, `date_time`) VALUES ('43', 4, 'KES', '118.00', 1, '2023-01-31', '2023-01-31 11:18:14');


#
# TABLE STRUCTURE FOR: coupons
#

DROP TABLE IF EXISTS `coupons`;

CREATE TABLE `coupons` (
  `coupon_id` int(20) NOT NULL AUTO_INCREMENT,
  `product_id` int(11) NOT NULL,
  `coupon_title` varchar(100) COLLATE utf8mb4_unicode_ci NOT NULL,
  `coupon_code` varchar(50) COLLATE utf8mb4_unicode_ci NOT NULL,
  `description` text COLLATE utf8mb4_unicode_ci NOT NULL,
  `start_date` date NOT NULL,
  `end_date` date NOT NULL,
  `on_amount` decimal(11,2) NOT NULL,
  `discount` decimal(11,2) NOT NULL,
  `is_discount` tinyint(1) NOT NULL DEFAULT '0',
  `status` tinyint(1) NOT NULL DEFAULT '1',
  `product_data` text COLLATE utf8mb4_unicode_ci NOT NULL,
  `created_date` datetime NOT NULL,
  `updated_date` datetime DEFAULT NULL,
  PRIMARY KEY (`coupon_id`)
) ENGINE=InnoDB AUTO_INCREMENT=6 DEFAULT CHARSET=utf8mb4 COLLATE=utf8mb4_unicode_ci;

INSERT INTO `coupons` (`coupon_id`, `product_id`, `coupon_title`, `coupon_code`, `description`, `start_date`, `end_date`, `on_amount`, `discount`, `is_discount`, `status`, `product_data`, `created_date`, `updated_date`) VALUES (3, 3, 'Coupon 2', 'C96893', 'test description', '2023-01-12', '2023-01-31', '1200.00', '500.00', 1, 1, '{\"category_id\":\"3\",\"name\":\"Diesel\",\"type\":\"Ago\",\"image\":\"product_6011666941346.png\",\"measurement\":\"Litr\",\"status\":\"1\",\"display_order\":\"2\",\"created_date\":\"2022-10-17 19:26:28\",\"updated_date\":\"2022-10-28 12:45:45\"}', '2022-11-30 17:53:42', '2023-01-12 18:56:59');
INSERT INTO `coupons` (`coupon_id`, `product_id`, `coupon_title`, `coupon_code`, `description`, `start_date`, `end_date`, `on_amount`, `discount`, `is_discount`, `status`, `product_data`, `created_date`, `updated_date`) VALUES (4, 0, 'TESTEQWI', 'C59344', 'Eqwi petrol test coupon', '2023-01-12', '2023-01-31', '5000.00', '750.00', 1, 1, '', '2022-12-01 13:50:41', '2023-01-12 18:55:12');
INSERT INTO `coupons` (`coupon_id`, `product_id`, `coupon_title`, `coupon_code`, `description`, `start_date`, `end_date`, `on_amount`, `discount`, `is_discount`, `status`, `product_data`, `created_date`, `updated_date`) VALUES (5, 0, 'JPMS', 'C47595', 'PLEASE GET 10,000 LTS at a discounted price of KES 123 per Litre.', '2023-01-06', '2023-01-26', '10.00', '10.00', 1, 1, '', '2023-01-06 19:59:58', '2023-01-12 18:54:42');


#
# TABLE STRUCTURE FOR: feedback
#

DROP TABLE IF EXISTS `feedback`;

CREATE TABLE `feedback` (
  `id` bigint(20) NOT NULL AUTO_INCREMENT,
  `user_id` bigint(20) NOT NULL,
  `rating` varchar(1) COLLATE utf8mb4_unicode_ci NOT NULL,
  `description` text COLLATE utf8mb4_unicode_ci NOT NULL,
  `quick_feedback` varchar(50) COLLATE utf8mb4_unicode_ci NOT NULL,
  `status` tinyint(1) NOT NULL DEFAULT '1',
  `created_date` datetime NOT NULL,
  `updated_date` datetime DEFAULT NULL,
  PRIMARY KEY (`id`)
) ENGINE=InnoDB AUTO_INCREMENT=24 DEFAULT CHARSET=utf8mb4 COLLATE=utf8mb4_unicode_ci;

INSERT INTO `feedback` (`id`, `user_id`, `rating`, `description`, `quick_feedback`, `status`, `created_date`, `updated_date`) VALUES ('1', '57', '5', 'test rating review', 'Awsome', 1, '2022-11-18 17:45:34', '2022-11-21 11:37:41');
INSERT INTO `feedback` (`id`, `user_id`, `rating`, `description`, `quick_feedback`, `status`, `created_date`, `updated_date`) VALUES ('2', '81', '3', 'ddff', 'Wow', 1, '2022-11-30 17:44:08', NULL);
INSERT INTO `feedback` (`id`, `user_id`, `rating`, `description`, `quick_feedback`, `status`, `created_date`, `updated_date`) VALUES ('3', '19', '3', 'drink ccfbb ccfbb', 'Nice', 1, '2022-12-01 12:03:06', NULL);
INSERT INTO `feedback` (`id`, `user_id`, `rating`, `description`, `quick_feedback`, `status`, `created_date`, `updated_date`) VALUES ('4', '19', '5', 'sfshvxdcc', 'null', 1, '2022-12-01 12:46:06', NULL);
INSERT INTO `feedback` (`id`, `user_id`, `rating`, `description`, `quick_feedback`, `status`, `created_date`, `updated_date`) VALUES ('5', '19', '3', 'ehdggfg', 'Awsome', 1, '2022-12-01 12:46:56', NULL);
INSERT INTO `feedback` (`id`, `user_id`, `rating`, `description`, `quick_feedback`, `status`, `created_date`, `updated_date`) VALUES ('6', '19', '5', 'hi', 'Nice', 1, '2022-12-02 15:50:25', NULL);
INSERT INTO `feedback` (`id`, `user_id`, `rating`, `description`, `quick_feedback`, `status`, `created_date`, `updated_date`) VALUES ('7', '133', '5', 'hi', 'Awsome', 1, '2023-01-06 10:13:30', NULL);
INSERT INTO `feedback` (`id`, `user_id`, `rating`, `description`, `quick_feedback`, `status`, `created_date`, `updated_date`) VALUES ('8', '133', '3', 'hi', 'Awsome', 1, '2023-01-06 10:13:58', NULL);
INSERT INTO `feedback` (`id`, `user_id`, `rating`, `description`, `quick_feedback`, `status`, `created_date`, `updated_date`) VALUES ('9', '133', '5', 'hi', 'Awsome', 1, '2023-01-06 10:14:40', NULL);
INSERT INTO `feedback` (`id`, `user_id`, `rating`, `description`, `quick_feedback`, `status`, `created_date`, `updated_date`) VALUES ('10', '133', '3', 'hi', 'Awsome', 1, '2023-01-06 10:37:52', NULL);
INSERT INTO `feedback` (`id`, `user_id`, `rating`, `description`, `quick_feedback`, `status`, `created_date`, `updated_date`) VALUES ('11', '72', '5', 'Amazing', 'Wow', 1, '2023-01-06 17:50:25', NULL);
INSERT INTO `feedback` (`id`, `user_id`, `rating`, `description`, `quick_feedback`, `status`, `created_date`, `updated_date`) VALUES ('12', '136', '3', 'awesome', 'Awsome', 1, '2023-01-06 18:27:54', NULL);
INSERT INTO `feedback` (`id`, `user_id`, `rating`, `description`, `quick_feedback`, `status`, `created_date`, `updated_date`) VALUES ('13', '136', '4', 'hggvj', 'Awsome', 1, '2023-01-06 18:30:49', NULL);
INSERT INTO `feedback` (`id`, `user_id`, `rating`, `description`, `quick_feedback`, `status`, `created_date`, `updated_date`) VALUES ('14', '135', '5', 'hi', 'Awsome', 1, '2023-01-07 12:30:16', NULL);
INSERT INTO `feedback` (`id`, `user_id`, `rating`, `description`, `quick_feedback`, `status`, `created_date`, `updated_date`) VALUES ('15', '121', '5', 'hi', 'Wow', 1, '2023-01-08 11:52:17', NULL);
INSERT INTO `feedback` (`id`, `user_id`, `rating`, `description`, `quick_feedback`, `status`, `created_date`, `updated_date`) VALUES ('16', '121', '5', 'hi', 'null', 1, '2023-01-08 18:17:10', NULL);
INSERT INTO `feedback` (`id`, `user_id`, `rating`, `description`, `quick_feedback`, `status`, `created_date`, `updated_date`) VALUES ('17', '19', '5', 'very nice', 'Nice', 1, '2023-01-09 11:48:18', NULL);
INSERT INTO `feedback` (`id`, `user_id`, `rating`, `description`, `quick_feedback`, `status`, `created_date`, `updated_date`) VALUES ('18', '19', '5', 'very good', 'Wow', 1, '2023-01-09 11:48:38', NULL);
INSERT INTO `feedback` (`id`, `user_id`, `rating`, `description`, `quick_feedback`, `status`, `created_date`, `updated_date`) VALUES ('19', '19', '5', 'good', 'Wow', 1, '2023-01-09 12:52:48', NULL);
INSERT INTO `feedback` (`id`, `user_id`, `rating`, `description`, `quick_feedback`, `status`, `created_date`, `updated_date`) VALUES ('20', '152', '3', 'hi', 'Awsome', 1, '2023-01-19 18:17:05', NULL);
INSERT INTO `feedback` (`id`, `user_id`, `rating`, `description`, `quick_feedback`, `status`, `created_date`, `updated_date`) VALUES ('21', '152', '3', 'hi', 'Awsome', 1, '2023-01-19 18:17:21', NULL);
INSERT INTO `feedback` (`id`, `user_id`, `rating`, `description`, `quick_feedback`, `status`, `created_date`, `updated_date`) VALUES ('22', '19', '4', 'hello alla', 'Awsome', 1, '2023-01-21 11:39:48', NULL);
INSERT INTO `feedback` (`id`, `user_id`, `rating`, `description`, `quick_feedback`, `status`, `created_date`, `updated_date`) VALUES ('23', '19', '3', 'hello', 'Nice', 1, '2023-02-01 15:18:20', NULL);


#
# TABLE STRUCTURE FOR: help_support
#

DROP TABLE IF EXISTS `help_support`;

CREATE TABLE `help_support` (
  `id` int(11) NOT NULL AUTO_INCREMENT,
  `question` varchar(255) COLLATE utf8mb4_unicode_ci NOT NULL,
  `answer` longtext COLLATE utf8mb4_unicode_ci NOT NULL,
  `display_order` int(11) NOT NULL,
  `status` tinyint(1) NOT NULL DEFAULT '1',
  `created_date` datetime NOT NULL,
  `updated_date` datetime DEFAULT NULL,
  PRIMARY KEY (`id`)
) ENGINE=InnoDB AUTO_INCREMENT=6 DEFAULT CHARSET=utf8mb4 COLLATE=utf8mb4_unicode_ci;

INSERT INTO `help_support` (`id`, `question`, `answer`, `display_order`, `status`, `created_date`, `updated_date`) VALUES (1, 'test', 'test answer', 1, 1, '2022-11-26 14:01:55', '2022-11-26 14:02:50');
INSERT INTO `help_support` (`id`, `question`, `answer`, `display_order`, `status`, `created_date`, `updated_date`) VALUES (3, 'i need support', 'hello i need suooprt', 2, 1, '2022-12-01 18:09:09', NULL);
INSERT INTO `help_support` (`id`, `question`, `answer`, `display_order`, `status`, `created_date`, `updated_date`) VALUES (4, 'test q', 'heloooooooooooooooooooooooooooooooo helloooooooooooooooooooooo', 3, 1, '2022-12-01 18:09:31', NULL);
INSERT INTO `help_support` (`id`, `question`, `answer`, `display_order`, `status`, `created_date`, `updated_date`) VALUES (5, 'testtttttttttttttttttttttttttttttttttt questionssssssssssssssssssssssssssssssssssss', 'helloooooooooooooooooo ooooooooooooooooooooooo ooooooooooooooooooooooooo ooooooooooooooooooo dhbhsdvcbsdc shavcdsbvcsabc cdvscbskc chsbvcbdscb cahc', 4, 1, '2022-12-01 18:10:12', NULL);


#
# TABLE STRUCTURE FOR: help_ticket
#

DROP TABLE IF EXISTS `help_ticket`;

CREATE TABLE `help_ticket` (
  `id` bigint(20) NOT NULL AUTO_INCREMENT,
  `user_id` bigint(20) NOT NULL,
  `ticket_id` varchar(50) COLLATE utf8mb4_unicode_ci NOT NULL,
  `name` varchar(100) COLLATE utf8mb4_unicode_ci NOT NULL,
  `email` varchar(100) COLLATE utf8mb4_unicode_ci NOT NULL,
  `mobile` varchar(50) COLLATE utf8mb4_unicode_ci NOT NULL,
  `query_detail` text COLLATE utf8mb4_unicode_ci NOT NULL,
  `status` tinyint(1) NOT NULL DEFAULT '0',
  `created_date` datetime NOT NULL,
  `updated_date` datetime DEFAULT NULL,
  PRIMARY KEY (`id`)
) ENGINE=InnoDB AUTO_INCREMENT=42 DEFAULT CHARSET=utf8mb4 COLLATE=utf8mb4_unicode_ci;

INSERT INTO `help_ticket` (`id`, `user_id`, `ticket_id`, `name`, `email`, `mobile`, `query_detail`, `status`, `created_date`, `updated_date`) VALUES ('3', '3', 'TK00003', 'Dinesh', 'dinesh1@test.com', '1471471470', 'test ticket raised', 0, '2022-11-30 12:20:06', '2022-11-30 13:23:24');
INSERT INTO `help_ticket` (`id`, `user_id`, `ticket_id`, `name`, `email`, `mobile`, `query_detail`, `status`, `created_date`, `updated_date`) VALUES ('4', '77', 'TK00004', 'john', 'john@gmail.com', '9676941819', 'kk', 0, '2022-11-30 14:32:03', NULL);
INSERT INTO `help_ticket` (`id`, `user_id`, `ticket_id`, `name`, `email`, `mobile`, `query_detail`, `status`, `created_date`, `updated_date`) VALUES ('5', '19', 'TK00005', 'krishna', 'krishna@gmail.com', '9090909090', 'dgfffdffdf', 0, '2022-11-30 16:06:03', NULL);
INSERT INTO `help_ticket` (`id`, `user_id`, `ticket_id`, `name`, `email`, `mobile`, `query_detail`, `status`, `created_date`, `updated_date`) VALUES ('6', '19', 'TK00006', 'krishna', 'krishna@gmail.com', '9090909090', 'dgfffdffdf', 0, '2022-11-30 16:16:15', NULL);
INSERT INTO `help_ticket` (`id`, `user_id`, `ticket_id`, `name`, `email`, `mobile`, `query_detail`, `status`, `created_date`, `updated_date`) VALUES ('7', '19', 'TK00007', 'krishna', 'krishna@gmail.com', '9090909090', 'sh dfff DH xv vvvvbb b', 0, '2022-11-30 16:37:54', NULL);
INSERT INTO `help_ticket` (`id`, `user_id`, `ticket_id`, `name`, `email`, `mobile`, `query_detail`, `status`, `created_date`, `updated_date`) VALUES ('8', '19', 'TK00008', 'krishna', 'krishna@gmail.com', '9090909090', 'tifuvnfubtjvg urufiguf', 0, '2022-11-30 16:40:23', NULL);
INSERT INTO `help_ticket` (`id`, `user_id`, `ticket_id`, `name`, `email`, `mobile`, `query_detail`, `status`, `created_date`, `updated_date`) VALUES ('9', '19', 'TK00009', 'krishna', 'krishna@gmail.com', '9090909090', 'dhshurr', 0, '2022-12-01 15:27:08', NULL);
INSERT INTO `help_ticket` (`id`, `user_id`, `ticket_id`, `name`, `email`, `mobile`, `query_detail`, `status`, `created_date`, `updated_date`) VALUES ('10', '86', 'TK00010', 'praveen', 'praveen@gmail.com', '9876598765', 'ttdd', 0, '2022-12-08 16:15:02', NULL);
INSERT INTO `help_ticket` (`id`, `user_id`, `ticket_id`, `name`, `email`, `mobile`, `query_detail`, `status`, `created_date`, `updated_date`) VALUES ('11', '86', 'TK00011', 'praveen', 'praveen@gmail.com', '9876598765', 'hi tes', 0, '2022-12-08 16:24:40', NULL);
INSERT INTO `help_ticket` (`id`, `user_id`, `ticket_id`, `name`, `email`, `mobile`, `query_detail`, `status`, `created_date`, `updated_date`) VALUES ('12', '109', 'TK00012', 'kiran', 'kiran@gmail.com', '9698745889', 'test', 0, '2022-12-08 16:54:06', NULL);
INSERT INTO `help_ticket` (`id`, `user_id`, `ticket_id`, `name`, `email`, `mobile`, `query_detail`, `status`, `created_date`, `updated_date`) VALUES ('13', '109', 'TK00013', 'kiran', 'kiran@gmail.com', '9698745889', 'test', 0, '2022-12-08 16:55:26', NULL);
INSERT INTO `help_ticket` (`id`, `user_id`, `ticket_id`, `name`, `email`, `mobile`, `query_detail`, `status`, `created_date`, `updated_date`) VALUES ('14', '109', 'TK00014', 'kiran', 'kiran@gmail.com', '9698745889', 'tesf', 0, '2022-12-08 17:17:26', NULL);
INSERT INTO `help_ticket` (`id`, `user_id`, `ticket_id`, `name`, `email`, `mobile`, `query_detail`, `status`, `created_date`, `updated_date`) VALUES ('15', '19', 'TK00015', 'krishna', 'krishna@gmail.com', '9090909090', 'test', 0, '2023-01-02 16:43:00', NULL);
INSERT INTO `help_ticket` (`id`, `user_id`, `ticket_id`, `name`, `email`, `mobile`, `query_detail`, `status`, `created_date`, `updated_date`) VALUES ('16', '133', 'TK00016', 'venkatesh', 'hemavenkatesh@gmail.com', '8143601999', 'hi', 0, '2023-01-06 10:15:10', NULL);
INSERT INTO `help_ticket` (`id`, `user_id`, `ticket_id`, `name`, `email`, `mobile`, `query_detail`, `status`, `created_date`, `updated_date`) VALUES ('17', '63', 'TK00017', 'Jennifer', 'jenniferkamura@gmail.com', '0719585416', 'hi', 0, '2023-01-06 17:43:10', NULL);
INSERT INTO `help_ticket` (`id`, `user_id`, `ticket_id`, `name`, `email`, `mobile`, `query_detail`, `status`, `created_date`, `updated_date`) VALUES ('18', '72', 'TK00018', 'Becky', 'joymbugua065@gmail.com', '0720736387', 'sthh rr', 0, '2023-01-06 17:49:41', NULL);
INSERT INTO `help_ticket` (`id`, `user_id`, `ticket_id`, `name`, `email`, `mobile`, `query_detail`, `status`, `created_date`, `updated_date`) VALUES ('19', '72', 'TK00019', 'Becky', 'joymbugua065@gmail.com', '0720736387', 'aargh', 0, '2023-01-06 17:52:54', NULL);
INSERT INTO `help_ticket` (`id`, `user_id`, `ticket_id`, `name`, `email`, `mobile`, `query_detail`, `status`, `created_date`, `updated_date`) VALUES ('20', '136', 'TK00020', 'jen', 'jen@gmail.com', '0723456789', 'fntnn', 0, '2023-01-06 18:24:58', NULL);
INSERT INTO `help_ticket` (`id`, `user_id`, `ticket_id`, `name`, `email`, `mobile`, `query_detail`, `status`, `created_date`, `updated_date`) VALUES ('21', '136', 'TK00021', 'jen', 'jen@gmail.com', '0723456789', 'cevtjt', 1, '2023-01-06 18:25:36', '2023-01-06 21:14:58');
INSERT INTO `help_ticket` (`id`, `user_id`, `ticket_id`, `name`, `email`, `mobile`, `query_detail`, `status`, `created_date`, `updated_date`) VALUES ('22', '19', 'TK00022', 'krishna', 'krishna@gmail.com', '9090909090', 'dhddh', 0, '2023-01-07 12:10:39', NULL);
INSERT INTO `help_ticket` (`id`, `user_id`, `ticket_id`, `name`, `email`, `mobile`, `query_detail`, `status`, `created_date`, `updated_date`) VALUES ('23', '135', 'TK00023', 'hema', 'hema@gmail.com', '8143601888', 'hi', 0, '2023-01-07 13:45:29', NULL);
INSERT INTO `help_ticket` (`id`, `user_id`, `ticket_id`, `name`, `email`, `mobile`, `query_detail`, `status`, `created_date`, `updated_date`) VALUES ('24', '135', 'TK00024', 'hema', 'hema@gmail.com', '8143601888', 'hi', 0, '2023-01-07 13:45:48', NULL);
INSERT INTO `help_ticket` (`id`, `user_id`, `ticket_id`, `name`, `email`, `mobile`, `query_detail`, `status`, `created_date`, `updated_date`) VALUES ('25', '135', 'TK00025', 'hema', 'hema@gmail.com', '8143601888', 'hi', 0, '2023-01-08 11:01:46', NULL);
INSERT INTO `help_ticket` (`id`, `user_id`, `ticket_id`, `name`, `email`, `mobile`, `query_detail`, `status`, `created_date`, `updated_date`) VALUES ('26', '135', 'TK00026', 'hema', 'hema@gmail.com', '8143601888', 'hj', 0, '2023-01-08 11:04:08', NULL);
INSERT INTO `help_ticket` (`id`, `user_id`, `ticket_id`, `name`, `email`, `mobile`, `query_detail`, `status`, `created_date`, `updated_date`) VALUES ('27', '135', 'TK00027', 'hema', 'hema@gmail.com', '8143601888', 'hu', 0, '2023-01-08 11:05:04', NULL);
INSERT INTO `help_ticket` (`id`, `user_id`, `ticket_id`, `name`, `email`, `mobile`, `query_detail`, `status`, `created_date`, `updated_date`) VALUES ('28', '133', 'TK00028', 'venkatesh', 'hemavenkatesh@gmail.com', '8143601999', 'hi', 0, '2023-01-08 11:50:25', NULL);
INSERT INTO `help_ticket` (`id`, `user_id`, `ticket_id`, `name`, `email`, `mobile`, `query_detail`, `status`, `created_date`, `updated_date`) VALUES ('29', '133', 'TK00029', 'venkatesh', 'hemavenkatesh@gmail.com', '8143601999', 'ju', 0, '2023-01-08 19:42:26', NULL);
INSERT INTO `help_ticket` (`id`, `user_id`, `ticket_id`, `name`, `email`, `mobile`, `query_detail`, `status`, `created_date`, `updated_date`) VALUES ('30', '19', 'TK00030', 'krishna', 'krishna@gmail.com', '9090909090', 'hello team', 0, '2023-01-09 10:27:53', NULL);
INSERT INTO `help_ticket` (`id`, `user_id`, `ticket_id`, `name`, `email`, `mobile`, `query_detail`, `status`, `created_date`, `updated_date`) VALUES ('31', '19', 'TK00031', 'krishna', 'krishna@gmail.com', '9090909090', 'hello sir', 1, '2023-01-09 11:20:04', '2023-01-09 11:48:17');
INSERT INTO `help_ticket` (`id`, `user_id`, `ticket_id`, `name`, `email`, `mobile`, `query_detail`, `status`, `created_date`, `updated_date`) VALUES ('32', '19', 'TK00032', 'krishna', 'krishna@gmail.com', '9090909090', 'hello sir', 1, '2023-01-09 11:49:01', '2023-01-09 11:49:32');
INSERT INTO `help_ticket` (`id`, `user_id`, `ticket_id`, `name`, `email`, `mobile`, `query_detail`, `status`, `created_date`, `updated_date`) VALUES ('33', '133', 'TK00033', 'venkatesh hema venka', 'hemavenkatesh@gmail.com', '8143601999', 'hi', 0, '2023-01-09 15:57:17', NULL);
INSERT INTO `help_ticket` (`id`, `user_id`, `ticket_id`, `name`, `email`, `mobile`, `query_detail`, `status`, `created_date`, `updated_date`) VALUES ('34', '19', 'TK00034', 'krishna', 'krishna@gmail.com', '9090909090', 'gooooo', 0, '2023-01-09 17:33:32', NULL);
INSERT INTO `help_ticket` (`id`, `user_id`, `ticket_id`, `name`, `email`, `mobile`, `query_detail`, `status`, `created_date`, `updated_date`) VALUES ('35', '19', 'TK00035', 'krishna', 'krishna@gmail.com', '9090909090', 'bhfjhbhh', 0, '2023-01-09 17:38:26', NULL);
INSERT INTO `help_ticket` (`id`, `user_id`, `ticket_id`, `name`, `email`, `mobile`, `query_detail`, `status`, `created_date`, `updated_date`) VALUES ('36', '19', 'TK00036', 'krishna', 'krishna@gmail.com', '9090909090', 'hi', 0, '2023-01-13 13:01:05', NULL);
INSERT INTO `help_ticket` (`id`, `user_id`, `ticket_id`, `name`, `email`, `mobile`, `query_detail`, `status`, `created_date`, `updated_date`) VALUES ('37', '152', 'TK00037', 'Hema venkatesh', 'hemavenkatesh208@gmail.com', '8143601989', 'hi', 0, '2023-01-17 16:42:45', NULL);
INSERT INTO `help_ticket` (`id`, `user_id`, `ticket_id`, `name`, `email`, `mobile`, `query_detail`, `status`, `created_date`, `updated_date`) VALUES ('38', '152', 'TK00038', 'Hema venkatesh', 'hemavenkatesh208@gmail.com', '8143601989', 'hi', 0, '2023-01-17 16:43:36', NULL);
INSERT INTO `help_ticket` (`id`, `user_id`, `ticket_id`, `name`, `email`, `mobile`, `query_detail`, `status`, `created_date`, `updated_date`) VALUES ('39', '19', 'TK00039', 'krishna', 'krishna@gmail.com', '9090909090', 'hello', 0, '2023-01-21 11:38:44', NULL);
INSERT INTO `help_ticket` (`id`, `user_id`, `ticket_id`, `name`, `email`, `mobile`, `query_detail`, `status`, `created_date`, `updated_date`) VALUES ('40', '68', 'TK00040', 'chaitu', 'chaitanya.appdev@colourmoon.com', '9966002347', 'test', 0, '2023-01-28 12:51:50', NULL);
INSERT INTO `help_ticket` (`id`, `user_id`, `ticket_id`, `name`, `email`, `mobile`, `query_detail`, `status`, `created_date`, `updated_date`) VALUES ('41', '19', 'TK00041', 'krishna', 'krishna@gmail.com', '9090909090', 'hello', 1, '2023-02-01 15:20:18', '2023-02-01 18:34:36');


#
# TABLE STRUCTURE FOR: keys
#

DROP TABLE IF EXISTS `keys`;

CREATE TABLE `keys` (
  `id` int(11) NOT NULL AUTO_INCREMENT,
  `label` varchar(250) COLLATE utf8mb4_unicode_520_ci DEFAULT 'System',
  `key` varchar(40) COLLATE utf8mb4_unicode_520_ci NOT NULL,
  `level` int(11) NOT NULL,
  `ignore_limits` tinyint(1) NOT NULL DEFAULT '0',
  `is_private_key` tinyint(1) NOT NULL DEFAULT '0',
  `ip_addresses` mediumtext COLLATE utf8mb4_unicode_520_ci,
  `date_created` datetime NOT NULL,
  PRIMARY KEY (`id`)
) ENGINE=InnoDB AUTO_INCREMENT=2 DEFAULT CHARSET=utf8mb4 COLLATE=utf8mb4_unicode_520_ci;

INSERT INTO `keys` (`id`, `label`, `key`, `level`, `ignore_limits`, `is_private_key`, `ip_addresses`, `date_created`) VALUES (1, 'Default', '75xi3uer76tb7krer3mjgqei', 1, 0, 0, NULL, '2022-09-19 10:38:01');


#
# TABLE STRUCTURE FOR: logs
#

DROP TABLE IF EXISTS `logs`;

CREATE TABLE `logs` (
  `id` bigint(20) NOT NULL AUTO_INCREMENT,
  `admin_id` int(11) NOT NULL,
  `type` enum('Login','Logout') COLLATE utf8mb4_unicode_ci NOT NULL,
  `date_time` datetime NOT NULL,
  PRIMARY KEY (`id`)
) ENGINE=InnoDB AUTO_INCREMENT=364 DEFAULT CHARSET=utf8mb4 COLLATE=utf8mb4_unicode_ci;

INSERT INTO `logs` (`id`, `admin_id`, `type`, `date_time`) VALUES ('1', 1, 'Login', '2022-10-17 12:15:12');
INSERT INTO `logs` (`id`, `admin_id`, `type`, `date_time`) VALUES ('2', 1, 'Login', '2022-10-18 10:45:00');
INSERT INTO `logs` (`id`, `admin_id`, `type`, `date_time`) VALUES ('3', 1, 'Logout', '2022-10-18 10:59:07');
INSERT INTO `logs` (`id`, `admin_id`, `type`, `date_time`) VALUES ('4', 1, 'Login', '2022-10-18 10:59:32');
INSERT INTO `logs` (`id`, `admin_id`, `type`, `date_time`) VALUES ('5', 1, 'Login', '2022-10-18 20:15:53');
INSERT INTO `logs` (`id`, `admin_id`, `type`, `date_time`) VALUES ('6', 1, 'Login', '2022-10-19 10:57:40');
INSERT INTO `logs` (`id`, `admin_id`, `type`, `date_time`) VALUES ('7', 1, 'Login', '2022-10-20 10:03:05');
INSERT INTO `logs` (`id`, `admin_id`, `type`, `date_time`) VALUES ('8', 1, 'Logout', '2022-10-20 17:10:06');
INSERT INTO `logs` (`id`, `admin_id`, `type`, `date_time`) VALUES ('9', 1, 'Login', '2022-10-20 17:10:08');
INSERT INTO `logs` (`id`, `admin_id`, `type`, `date_time`) VALUES ('10', 1, 'Logout', '2022-10-20 22:44:44');
INSERT INTO `logs` (`id`, `admin_id`, `type`, `date_time`) VALUES ('11', 1, 'Login', '2022-10-21 10:02:43');
INSERT INTO `logs` (`id`, `admin_id`, `type`, `date_time`) VALUES ('12', 1, 'Logout', '2022-10-21 10:03:55');
INSERT INTO `logs` (`id`, `admin_id`, `type`, `date_time`) VALUES ('13', 1, 'Login', '2022-10-21 10:06:00');
INSERT INTO `logs` (`id`, `admin_id`, `type`, `date_time`) VALUES ('14', 1, 'Login', '2022-10-21 10:08:19');
INSERT INTO `logs` (`id`, `admin_id`, `type`, `date_time`) VALUES ('15', 1, 'Login', '2022-10-21 15:08:22');
INSERT INTO `logs` (`id`, `admin_id`, `type`, `date_time`) VALUES ('16', 1, 'Logout', '2022-10-21 16:40:50');
INSERT INTO `logs` (`id`, `admin_id`, `type`, `date_time`) VALUES ('17', 1, 'Login', '2022-10-21 16:41:45');
INSERT INTO `logs` (`id`, `admin_id`, `type`, `date_time`) VALUES ('18', 1, 'Login', '2022-10-22 12:23:24');
INSERT INTO `logs` (`id`, `admin_id`, `type`, `date_time`) VALUES ('19', 1, 'Login', '2022-10-25 12:29:20');
INSERT INTO `logs` (`id`, `admin_id`, `type`, `date_time`) VALUES ('20', 1, 'Login', '2022-10-26 10:29:59');
INSERT INTO `logs` (`id`, `admin_id`, `type`, `date_time`) VALUES ('21', 1, 'Login', '2022-10-26 15:02:59');
INSERT INTO `logs` (`id`, `admin_id`, `type`, `date_time`) VALUES ('22', 1, 'Login', '2022-10-26 17:53:49');
INSERT INTO `logs` (`id`, `admin_id`, `type`, `date_time`) VALUES ('23', 1, 'Login', '2022-10-27 17:23:24');
INSERT INTO `logs` (`id`, `admin_id`, `type`, `date_time`) VALUES ('24', 1, 'Login', '2022-10-27 18:57:07');
INSERT INTO `logs` (`id`, `admin_id`, `type`, `date_time`) VALUES ('25', 1, 'Login', '2022-10-27 19:00:58');
INSERT INTO `logs` (`id`, `admin_id`, `type`, `date_time`) VALUES ('26', 1, 'Login', '2022-10-28 12:42:32');
INSERT INTO `logs` (`id`, `admin_id`, `type`, `date_time`) VALUES ('27', 1, 'Login', '2022-10-28 17:01:26');
INSERT INTO `logs` (`id`, `admin_id`, `type`, `date_time`) VALUES ('28', 1, 'Login', '2022-10-28 17:20:42');
INSERT INTO `logs` (`id`, `admin_id`, `type`, `date_time`) VALUES ('29', 1, 'Login', '2022-10-28 17:31:00');
INSERT INTO `logs` (`id`, `admin_id`, `type`, `date_time`) VALUES ('30', 1, 'Login', '2022-10-28 17:31:29');
INSERT INTO `logs` (`id`, `admin_id`, `type`, `date_time`) VALUES ('31', 1, 'Login', '2022-10-28 18:31:57');
INSERT INTO `logs` (`id`, `admin_id`, `type`, `date_time`) VALUES ('32', 1, 'Login', '2022-10-31 10:14:35');
INSERT INTO `logs` (`id`, `admin_id`, `type`, `date_time`) VALUES ('33', 1, 'Login', '2022-10-31 14:55:26');
INSERT INTO `logs` (`id`, `admin_id`, `type`, `date_time`) VALUES ('34', 1, 'Login', '2022-10-31 18:21:35');
INSERT INTO `logs` (`id`, `admin_id`, `type`, `date_time`) VALUES ('35', 1, 'Login', '2022-11-01 10:01:08');
INSERT INTO `logs` (`id`, `admin_id`, `type`, `date_time`) VALUES ('36', 1, 'Login', '2022-11-01 12:21:54');
INSERT INTO `logs` (`id`, `admin_id`, `type`, `date_time`) VALUES ('37', 1, 'Login', '2022-11-01 12:23:26');
INSERT INTO `logs` (`id`, `admin_id`, `type`, `date_time`) VALUES ('38', 1, 'Login', '2022-11-01 16:41:42');
INSERT INTO `logs` (`id`, `admin_id`, `type`, `date_time`) VALUES ('39', 1, 'Login', '2022-11-02 14:21:45');
INSERT INTO `logs` (`id`, `admin_id`, `type`, `date_time`) VALUES ('40', 1, 'Login', '2022-11-03 10:00:32');
INSERT INTO `logs` (`id`, `admin_id`, `type`, `date_time`) VALUES ('41', 1, 'Login', '2022-11-03 17:19:09');
INSERT INTO `logs` (`id`, `admin_id`, `type`, `date_time`) VALUES ('42', 1, 'Login', '2022-11-03 20:22:40');
INSERT INTO `logs` (`id`, `admin_id`, `type`, `date_time`) VALUES ('43', 1, 'Login', '2022-11-04 09:59:42');
INSERT INTO `logs` (`id`, `admin_id`, `type`, `date_time`) VALUES ('44', 1, 'Login', '2022-11-04 11:32:21');
INSERT INTO `logs` (`id`, `admin_id`, `type`, `date_time`) VALUES ('45', 1, 'Login', '2022-11-04 14:47:56');
INSERT INTO `logs` (`id`, `admin_id`, `type`, `date_time`) VALUES ('46', 1, 'Login', '2022-11-04 15:44:12');
INSERT INTO `logs` (`id`, `admin_id`, `type`, `date_time`) VALUES ('47', 1, 'Login', '2022-11-04 15:45:23');
INSERT INTO `logs` (`id`, `admin_id`, `type`, `date_time`) VALUES ('48', 1, 'Login', '2022-11-04 15:48:02');
INSERT INTO `logs` (`id`, `admin_id`, `type`, `date_time`) VALUES ('49', 1, 'Login', '2022-11-04 15:49:34');
INSERT INTO `logs` (`id`, `admin_id`, `type`, `date_time`) VALUES ('50', 1, 'Login', '2022-11-04 16:35:45');
INSERT INTO `logs` (`id`, `admin_id`, `type`, `date_time`) VALUES ('51', 1, 'Login', '2022-11-04 17:13:34');
INSERT INTO `logs` (`id`, `admin_id`, `type`, `date_time`) VALUES ('52', 1, 'Login', '2022-11-04 17:45:27');
INSERT INTO `logs` (`id`, `admin_id`, `type`, `date_time`) VALUES ('53', 1, 'Login', '2022-11-07 10:04:22');
INSERT INTO `logs` (`id`, `admin_id`, `type`, `date_time`) VALUES ('54', 1, 'Login', '2022-11-08 14:39:22');
INSERT INTO `logs` (`id`, `admin_id`, `type`, `date_time`) VALUES ('55', 1, 'Login', '2022-11-09 15:08:18');
INSERT INTO `logs` (`id`, `admin_id`, `type`, `date_time`) VALUES ('56', 1, 'Login', '2022-11-10 09:54:17');
INSERT INTO `logs` (`id`, `admin_id`, `type`, `date_time`) VALUES ('57', 1, 'Login', '2022-11-11 11:02:03');
INSERT INTO `logs` (`id`, `admin_id`, `type`, `date_time`) VALUES ('58', 1, 'Login', '2022-11-11 12:12:37');
INSERT INTO `logs` (`id`, `admin_id`, `type`, `date_time`) VALUES ('59', 1, 'Login', '2022-11-14 09:54:56');
INSERT INTO `logs` (`id`, `admin_id`, `type`, `date_time`) VALUES ('60', 1, 'Login', '2022-11-14 19:19:00');
INSERT INTO `logs` (`id`, `admin_id`, `type`, `date_time`) VALUES ('61', 1, 'Login', '2022-11-15 09:50:48');
INSERT INTO `logs` (`id`, `admin_id`, `type`, `date_time`) VALUES ('62', 1, 'Login', '2022-11-15 11:26:58');
INSERT INTO `logs` (`id`, `admin_id`, `type`, `date_time`) VALUES ('63', 1, 'Login', '2022-11-15 14:11:35');
INSERT INTO `logs` (`id`, `admin_id`, `type`, `date_time`) VALUES ('64', 1, 'Login', '2022-11-15 16:23:24');
INSERT INTO `logs` (`id`, `admin_id`, `type`, `date_time`) VALUES ('65', 1, 'Login', '2022-11-15 17:10:53');
INSERT INTO `logs` (`id`, `admin_id`, `type`, `date_time`) VALUES ('66', 1, 'Login', '2022-11-16 09:57:39');
INSERT INTO `logs` (`id`, `admin_id`, `type`, `date_time`) VALUES ('67', 1, 'Login', '2022-11-16 11:36:24');
INSERT INTO `logs` (`id`, `admin_id`, `type`, `date_time`) VALUES ('68', 1, 'Login', '2022-11-16 18:50:51');
INSERT INTO `logs` (`id`, `admin_id`, `type`, `date_time`) VALUES ('69', 1, 'Login', '2022-11-17 10:13:36');
INSERT INTO `logs` (`id`, `admin_id`, `type`, `date_time`) VALUES ('70', 1, 'Login', '2022-11-17 13:13:39');
INSERT INTO `logs` (`id`, `admin_id`, `type`, `date_time`) VALUES ('71', 1, 'Login', '2022-11-17 17:27:32');
INSERT INTO `logs` (`id`, `admin_id`, `type`, `date_time`) VALUES ('72', 1, 'Login', '2022-11-18 00:29:15');
INSERT INTO `logs` (`id`, `admin_id`, `type`, `date_time`) VALUES ('73', 1, 'Logout', '2022-11-18 01:45:51');
INSERT INTO `logs` (`id`, `admin_id`, `type`, `date_time`) VALUES ('74', 1, 'Login', '2022-11-18 09:47:13');
INSERT INTO `logs` (`id`, `admin_id`, `type`, `date_time`) VALUES ('75', 1, 'Login', '2022-11-18 14:47:06');
INSERT INTO `logs` (`id`, `admin_id`, `type`, `date_time`) VALUES ('76', 1, 'Login', '2022-11-18 16:01:39');
INSERT INTO `logs` (`id`, `admin_id`, `type`, `date_time`) VALUES ('77', 1, 'Login', '2022-11-19 10:02:28');
INSERT INTO `logs` (`id`, `admin_id`, `type`, `date_time`) VALUES ('78', 1, 'Login', '2022-11-19 11:06:25');
INSERT INTO `logs` (`id`, `admin_id`, `type`, `date_time`) VALUES ('79', 1, 'Login', '2022-11-21 09:59:19');
INSERT INTO `logs` (`id`, `admin_id`, `type`, `date_time`) VALUES ('80', 1, 'Login', '2022-11-21 11:24:55');
INSERT INTO `logs` (`id`, `admin_id`, `type`, `date_time`) VALUES ('81', 1, 'Login', '2022-11-21 12:53:59');
INSERT INTO `logs` (`id`, `admin_id`, `type`, `date_time`) VALUES ('82', 1, 'Login', '2022-11-21 14:10:45');
INSERT INTO `logs` (`id`, `admin_id`, `type`, `date_time`) VALUES ('83', 1, 'Login', '2022-11-21 17:56:21');
INSERT INTO `logs` (`id`, `admin_id`, `type`, `date_time`) VALUES ('84', 1, 'Login', '2022-11-22 09:56:52');
INSERT INTO `logs` (`id`, `admin_id`, `type`, `date_time`) VALUES ('85', 1, 'Login', '2022-11-22 10:20:04');
INSERT INTO `logs` (`id`, `admin_id`, `type`, `date_time`) VALUES ('86', 1, 'Login', '2022-11-22 14:44:36');
INSERT INTO `logs` (`id`, `admin_id`, `type`, `date_time`) VALUES ('87', 1, 'Login', '2022-11-22 17:49:18');
INSERT INTO `logs` (`id`, `admin_id`, `type`, `date_time`) VALUES ('88', 1, 'Login', '2022-11-22 18:56:57');
INSERT INTO `logs` (`id`, `admin_id`, `type`, `date_time`) VALUES ('89', 1, 'Login', '2022-11-23 09:59:41');
INSERT INTO `logs` (`id`, `admin_id`, `type`, `date_time`) VALUES ('90', 1, 'Login', '2022-11-23 10:23:39');
INSERT INTO `logs` (`id`, `admin_id`, `type`, `date_time`) VALUES ('91', 1, 'Login', '2022-11-23 11:46:06');
INSERT INTO `logs` (`id`, `admin_id`, `type`, `date_time`) VALUES ('92', 1, 'Login', '2022-11-23 11:47:10');
INSERT INTO `logs` (`id`, `admin_id`, `type`, `date_time`) VALUES ('93', 1, 'Login', '2022-11-23 13:02:10');
INSERT INTO `logs` (`id`, `admin_id`, `type`, `date_time`) VALUES ('94', 1, 'Login', '2022-11-23 16:06:10');
INSERT INTO `logs` (`id`, `admin_id`, `type`, `date_time`) VALUES ('95', 1, 'Login', '2022-11-23 16:38:45');
INSERT INTO `logs` (`id`, `admin_id`, `type`, `date_time`) VALUES ('96', 1, 'Login', '2022-11-23 17:59:02');
INSERT INTO `logs` (`id`, `admin_id`, `type`, `date_time`) VALUES ('97', 1, 'Login', '2022-11-23 18:25:25');
INSERT INTO `logs` (`id`, `admin_id`, `type`, `date_time`) VALUES ('98', 1, 'Login', '2022-11-24 09:57:11');
INSERT INTO `logs` (`id`, `admin_id`, `type`, `date_time`) VALUES ('99', 1, 'Login', '2022-11-24 10:29:36');
INSERT INTO `logs` (`id`, `admin_id`, `type`, `date_time`) VALUES ('100', 1, 'Login', '2022-11-24 10:30:14');
INSERT INTO `logs` (`id`, `admin_id`, `type`, `date_time`) VALUES ('101', 1, 'Login', '2022-11-24 13:57:19');
INSERT INTO `logs` (`id`, `admin_id`, `type`, `date_time`) VALUES ('102', 1, 'Login', '2022-11-24 14:05:07');
INSERT INTO `logs` (`id`, `admin_id`, `type`, `date_time`) VALUES ('103', 1, 'Login', '2022-11-25 10:01:18');
INSERT INTO `logs` (`id`, `admin_id`, `type`, `date_time`) VALUES ('104', 1, 'Login', '2022-11-25 10:03:17');
INSERT INTO `logs` (`id`, `admin_id`, `type`, `date_time`) VALUES ('105', 1, 'Login', '2022-11-25 15:07:26');
INSERT INTO `logs` (`id`, `admin_id`, `type`, `date_time`) VALUES ('106', 1, 'Login', '2022-11-25 16:16:07');
INSERT INTO `logs` (`id`, `admin_id`, `type`, `date_time`) VALUES ('107', 1, 'Login', '2022-11-25 17:41:43');
INSERT INTO `logs` (`id`, `admin_id`, `type`, `date_time`) VALUES ('108', 1, 'Login', '2022-11-26 09:55:55');
INSERT INTO `logs` (`id`, `admin_id`, `type`, `date_time`) VALUES ('109', 1, 'Login', '2022-11-28 09:56:22');
INSERT INTO `logs` (`id`, `admin_id`, `type`, `date_time`) VALUES ('110', 1, 'Login', '2022-11-28 13:23:48');
INSERT INTO `logs` (`id`, `admin_id`, `type`, `date_time`) VALUES ('111', 1, 'Login', '2022-11-28 18:00:39');
INSERT INTO `logs` (`id`, `admin_id`, `type`, `date_time`) VALUES ('112', 1, 'Login', '2022-11-29 08:32:56');
INSERT INTO `logs` (`id`, `admin_id`, `type`, `date_time`) VALUES ('113', 1, 'Login', '2022-11-29 09:59:31');
INSERT INTO `logs` (`id`, `admin_id`, `type`, `date_time`) VALUES ('114', 1, 'Login', '2022-11-29 10:27:37');
INSERT INTO `logs` (`id`, `admin_id`, `type`, `date_time`) VALUES ('115', 1, 'Login', '2022-11-29 12:11:21');
INSERT INTO `logs` (`id`, `admin_id`, `type`, `date_time`) VALUES ('116', 1, 'Login', '2022-11-29 12:37:57');
INSERT INTO `logs` (`id`, `admin_id`, `type`, `date_time`) VALUES ('117', 1, 'Login', '2022-11-29 12:38:48');
INSERT INTO `logs` (`id`, `admin_id`, `type`, `date_time`) VALUES ('118', 1, 'Login', '2022-11-29 12:59:23');
INSERT INTO `logs` (`id`, `admin_id`, `type`, `date_time`) VALUES ('119', 1, 'Login', '2022-11-29 13:14:34');
INSERT INTO `logs` (`id`, `admin_id`, `type`, `date_time`) VALUES ('120', 1, 'Login', '2022-11-29 13:51:41');
INSERT INTO `logs` (`id`, `admin_id`, `type`, `date_time`) VALUES ('121', 1, 'Login', '2022-11-29 16:01:50');
INSERT INTO `logs` (`id`, `admin_id`, `type`, `date_time`) VALUES ('122', 1, 'Login', '2022-11-30 09:58:31');
INSERT INTO `logs` (`id`, `admin_id`, `type`, `date_time`) VALUES ('123', 1, 'Login', '2022-11-30 10:16:51');
INSERT INTO `logs` (`id`, `admin_id`, `type`, `date_time`) VALUES ('124', 1, 'Login', '2022-11-30 16:17:30');
INSERT INTO `logs` (`id`, `admin_id`, `type`, `date_time`) VALUES ('125', 1, 'Login', '2022-12-01 09:26:14');
INSERT INTO `logs` (`id`, `admin_id`, `type`, `date_time`) VALUES ('126', 1, 'Login', '2022-12-01 09:38:12');
INSERT INTO `logs` (`id`, `admin_id`, `type`, `date_time`) VALUES ('127', 1, 'Login', '2022-12-01 09:52:44');
INSERT INTO `logs` (`id`, `admin_id`, `type`, `date_time`) VALUES ('128', 1, 'Login', '2022-12-01 13:49:59');
INSERT INTO `logs` (`id`, `admin_id`, `type`, `date_time`) VALUES ('129', 1, 'Login', '2022-12-01 18:08:32');
INSERT INTO `logs` (`id`, `admin_id`, `type`, `date_time`) VALUES ('130', 1, 'Login', '2022-12-01 18:08:48');
INSERT INTO `logs` (`id`, `admin_id`, `type`, `date_time`) VALUES ('131', 1, 'Login', '2022-12-02 09:53:41');
INSERT INTO `logs` (`id`, `admin_id`, `type`, `date_time`) VALUES ('132', 1, 'Login', '2022-12-02 09:58:41');
INSERT INTO `logs` (`id`, `admin_id`, `type`, `date_time`) VALUES ('133', 1, 'Login', '2022-12-02 10:04:03');
INSERT INTO `logs` (`id`, `admin_id`, `type`, `date_time`) VALUES ('134', 1, 'Login', '2022-12-02 13:27:06');
INSERT INTO `logs` (`id`, `admin_id`, `type`, `date_time`) VALUES ('135', 1, 'Login', '2022-12-02 15:32:31');
INSERT INTO `logs` (`id`, `admin_id`, `type`, `date_time`) VALUES ('136', 1, 'Login', '2022-12-03 10:00:36');
INSERT INTO `logs` (`id`, `admin_id`, `type`, `date_time`) VALUES ('137', 1, 'Login', '2022-12-03 11:50:06');
INSERT INTO `logs` (`id`, `admin_id`, `type`, `date_time`) VALUES ('138', 1, 'Login', '2022-12-05 09:58:29');
INSERT INTO `logs` (`id`, `admin_id`, `type`, `date_time`) VALUES ('139', 1, 'Login', '2022-12-05 12:18:48');
INSERT INTO `logs` (`id`, `admin_id`, `type`, `date_time`) VALUES ('140', 1, 'Login', '2022-12-05 15:18:08');
INSERT INTO `logs` (`id`, `admin_id`, `type`, `date_time`) VALUES ('141', 1, 'Login', '2022-12-05 17:03:11');
INSERT INTO `logs` (`id`, `admin_id`, `type`, `date_time`) VALUES ('142', 1, 'Login', '2022-12-06 09:55:18');
INSERT INTO `logs` (`id`, `admin_id`, `type`, `date_time`) VALUES ('143', 1, 'Login', '2022-12-06 12:38:06');
INSERT INTO `logs` (`id`, `admin_id`, `type`, `date_time`) VALUES ('144', 1, 'Login', '2022-12-07 09:59:25');
INSERT INTO `logs` (`id`, `admin_id`, `type`, `date_time`) VALUES ('145', 1, 'Login', '2022-12-07 18:56:17');
INSERT INTO `logs` (`id`, `admin_id`, `type`, `date_time`) VALUES ('146', 1, 'Login', '2022-12-08 09:58:58');
INSERT INTO `logs` (`id`, `admin_id`, `type`, `date_time`) VALUES ('147', 1, 'Login', '2022-12-08 11:09:14');
INSERT INTO `logs` (`id`, `admin_id`, `type`, `date_time`) VALUES ('148', 1, 'Login', '2022-12-08 14:45:04');
INSERT INTO `logs` (`id`, `admin_id`, `type`, `date_time`) VALUES ('149', 1, 'Login', '2022-12-08 14:49:39');
INSERT INTO `logs` (`id`, `admin_id`, `type`, `date_time`) VALUES ('150', 1, 'Login', '2022-12-09 10:29:24');
INSERT INTO `logs` (`id`, `admin_id`, `type`, `date_time`) VALUES ('151', 1, 'Login', '2022-12-09 10:56:00');
INSERT INTO `logs` (`id`, `admin_id`, `type`, `date_time`) VALUES ('152', 1, 'Login', '2022-12-09 11:29:28');
INSERT INTO `logs` (`id`, `admin_id`, `type`, `date_time`) VALUES ('153', 1, 'Login', '2022-12-09 12:43:03');
INSERT INTO `logs` (`id`, `admin_id`, `type`, `date_time`) VALUES ('154', 1, 'Login', '2022-12-09 14:46:14');
INSERT INTO `logs` (`id`, `admin_id`, `type`, `date_time`) VALUES ('155', 1, 'Login', '2022-12-10 09:59:58');
INSERT INTO `logs` (`id`, `admin_id`, `type`, `date_time`) VALUES ('156', 1, 'Login', '2022-12-10 20:42:44');
INSERT INTO `logs` (`id`, `admin_id`, `type`, `date_time`) VALUES ('157', 1, 'Login', '2022-12-12 10:00:08');
INSERT INTO `logs` (`id`, `admin_id`, `type`, `date_time`) VALUES ('158', 1, 'Login', '2022-12-12 12:17:49');
INSERT INTO `logs` (`id`, `admin_id`, `type`, `date_time`) VALUES ('159', 1, 'Login', '2022-12-12 15:12:40');
INSERT INTO `logs` (`id`, `admin_id`, `type`, `date_time`) VALUES ('160', 1, 'Login', '2022-12-12 16:03:28');
INSERT INTO `logs` (`id`, `admin_id`, `type`, `date_time`) VALUES ('161', 1, 'Login', '2022-12-13 09:59:25');
INSERT INTO `logs` (`id`, `admin_id`, `type`, `date_time`) VALUES ('162', 1, 'Login', '2022-12-13 10:56:20');
INSERT INTO `logs` (`id`, `admin_id`, `type`, `date_time`) VALUES ('163', 1, 'Login', '2022-12-13 14:26:18');
INSERT INTO `logs` (`id`, `admin_id`, `type`, `date_time`) VALUES ('164', 1, 'Login', '2022-12-13 18:01:18');
INSERT INTO `logs` (`id`, `admin_id`, `type`, `date_time`) VALUES ('165', 1, 'Login', '2022-12-14 12:06:34');
INSERT INTO `logs` (`id`, `admin_id`, `type`, `date_time`) VALUES ('166', 1, 'Login', '2022-12-14 12:21:55');
INSERT INTO `logs` (`id`, `admin_id`, `type`, `date_time`) VALUES ('167', 1, 'Login', '2022-12-14 14:40:14');
INSERT INTO `logs` (`id`, `admin_id`, `type`, `date_time`) VALUES ('168', 1, 'Login', '2022-12-14 14:43:07');
INSERT INTO `logs` (`id`, `admin_id`, `type`, `date_time`) VALUES ('169', 1, 'Login', '2022-12-15 17:18:02');
INSERT INTO `logs` (`id`, `admin_id`, `type`, `date_time`) VALUES ('170', 1, 'Logout', '2022-12-15 17:20:51');
INSERT INTO `logs` (`id`, `admin_id`, `type`, `date_time`) VALUES ('171', 1, 'Login', '2022-12-16 18:30:09');
INSERT INTO `logs` (`id`, `admin_id`, `type`, `date_time`) VALUES ('172', 1, 'Login', '2022-12-19 14:59:16');
INSERT INTO `logs` (`id`, `admin_id`, `type`, `date_time`) VALUES ('173', 1, 'Login', '2022-12-20 09:08:15');
INSERT INTO `logs` (`id`, `admin_id`, `type`, `date_time`) VALUES ('174', 1, 'Login', '2022-12-20 14:34:38');
INSERT INTO `logs` (`id`, `admin_id`, `type`, `date_time`) VALUES ('175', 1, 'Login', '2022-12-21 09:31:30');
INSERT INTO `logs` (`id`, `admin_id`, `type`, `date_time`) VALUES ('176', 1, 'Login', '2022-12-22 14:49:58');
INSERT INTO `logs` (`id`, `admin_id`, `type`, `date_time`) VALUES ('177', 1, 'Login', '2022-12-22 14:57:18');
INSERT INTO `logs` (`id`, `admin_id`, `type`, `date_time`) VALUES ('178', 1, 'Login', '2022-12-22 14:57:20');
INSERT INTO `logs` (`id`, `admin_id`, `type`, `date_time`) VALUES ('179', 1, 'Login', '2022-12-23 10:05:31');
INSERT INTO `logs` (`id`, `admin_id`, `type`, `date_time`) VALUES ('180', 1, 'Logout', '2022-12-23 10:11:06');
INSERT INTO `logs` (`id`, `admin_id`, `type`, `date_time`) VALUES ('181', 1, 'Login', '2022-12-23 15:50:53');
INSERT INTO `logs` (`id`, `admin_id`, `type`, `date_time`) VALUES ('182', 1, 'Login', '2022-12-28 17:36:18');
INSERT INTO `logs` (`id`, `admin_id`, `type`, `date_time`) VALUES ('183', 1, 'Login', '2022-12-29 10:51:34');
INSERT INTO `logs` (`id`, `admin_id`, `type`, `date_time`) VALUES ('184', 1, 'Login', '2022-12-30 13:00:15');
INSERT INTO `logs` (`id`, `admin_id`, `type`, `date_time`) VALUES ('185', 1, 'Login', '2022-12-30 15:37:02');
INSERT INTO `logs` (`id`, `admin_id`, `type`, `date_time`) VALUES ('186', 1, 'Login', '2022-12-30 16:17:10');
INSERT INTO `logs` (`id`, `admin_id`, `type`, `date_time`) VALUES ('187', 1, 'Logout', '2022-12-30 17:59:44');
INSERT INTO `logs` (`id`, `admin_id`, `type`, `date_time`) VALUES ('188', 1, 'Login', '2022-12-31 09:59:35');
INSERT INTO `logs` (`id`, `admin_id`, `type`, `date_time`) VALUES ('189', 1, 'Login', '2023-01-02 10:00:22');
INSERT INTO `logs` (`id`, `admin_id`, `type`, `date_time`) VALUES ('190', 1, 'Login', '2023-01-02 14:35:35');
INSERT INTO `logs` (`id`, `admin_id`, `type`, `date_time`) VALUES ('191', 1, 'Login', '2023-01-02 16:07:59');
INSERT INTO `logs` (`id`, `admin_id`, `type`, `date_time`) VALUES ('192', 1, 'Login', '2023-01-02 17:02:23');
INSERT INTO `logs` (`id`, `admin_id`, `type`, `date_time`) VALUES ('193', 1, 'Login', '2023-01-03 09:59:02');
INSERT INTO `logs` (`id`, `admin_id`, `type`, `date_time`) VALUES ('194', 1, 'Login', '2023-01-03 11:04:10');
INSERT INTO `logs` (`id`, `admin_id`, `type`, `date_time`) VALUES ('195', 1, 'Login', '2023-01-03 11:37:39');
INSERT INTO `logs` (`id`, `admin_id`, `type`, `date_time`) VALUES ('196', 1, 'Login', '2023-01-03 11:46:49');
INSERT INTO `logs` (`id`, `admin_id`, `type`, `date_time`) VALUES ('197', 1, 'Login', '2023-01-03 12:11:54');
INSERT INTO `logs` (`id`, `admin_id`, `type`, `date_time`) VALUES ('198', 1, 'Login', '2023-01-03 13:58:44');
INSERT INTO `logs` (`id`, `admin_id`, `type`, `date_time`) VALUES ('199', 1, 'Login', '2023-01-03 17:25:45');
INSERT INTO `logs` (`id`, `admin_id`, `type`, `date_time`) VALUES ('200', 1, 'Login', '2023-01-03 17:45:42');
INSERT INTO `logs` (`id`, `admin_id`, `type`, `date_time`) VALUES ('201', 1, 'Login', '2023-01-04 16:29:24');
INSERT INTO `logs` (`id`, `admin_id`, `type`, `date_time`) VALUES ('202', 1, 'Login', '2023-01-04 18:17:54');
INSERT INTO `logs` (`id`, `admin_id`, `type`, `date_time`) VALUES ('203', 1, 'Login', '2023-01-04 18:53:47');
INSERT INTO `logs` (`id`, `admin_id`, `type`, `date_time`) VALUES ('204', 1, 'Login', '2023-01-05 12:20:25');
INSERT INTO `logs` (`id`, `admin_id`, `type`, `date_time`) VALUES ('205', 1, 'Login', '2023-01-05 13:53:30');
INSERT INTO `logs` (`id`, `admin_id`, `type`, `date_time`) VALUES ('206', 1, 'Login', '2023-01-05 14:30:28');
INSERT INTO `logs` (`id`, `admin_id`, `type`, `date_time`) VALUES ('207', 1, 'Login', '2023-01-05 14:40:33');
INSERT INTO `logs` (`id`, `admin_id`, `type`, `date_time`) VALUES ('208', 1, 'Login', '2023-01-05 16:18:08');
INSERT INTO `logs` (`id`, `admin_id`, `type`, `date_time`) VALUES ('209', 1, 'Login', '2023-01-05 16:33:56');
INSERT INTO `logs` (`id`, `admin_id`, `type`, `date_time`) VALUES ('210', 1, 'Logout', '2023-01-05 17:04:49');
INSERT INTO `logs` (`id`, `admin_id`, `type`, `date_time`) VALUES ('211', 1, 'Login', '2023-01-05 17:53:25');
INSERT INTO `logs` (`id`, `admin_id`, `type`, `date_time`) VALUES ('212', 1, 'Login', '2023-01-06 11:05:24');
INSERT INTO `logs` (`id`, `admin_id`, `type`, `date_time`) VALUES ('213', 1, 'Login', '2023-01-06 15:12:45');
INSERT INTO `logs` (`id`, `admin_id`, `type`, `date_time`) VALUES ('214', 1, 'Logout', '2023-01-06 15:13:06');
INSERT INTO `logs` (`id`, `admin_id`, `type`, `date_time`) VALUES ('215', 1, 'Login', '2023-01-06 16:08:13');
INSERT INTO `logs` (`id`, `admin_id`, `type`, `date_time`) VALUES ('216', 1, 'Login', '2023-01-06 16:10:21');
INSERT INTO `logs` (`id`, `admin_id`, `type`, `date_time`) VALUES ('217', 1, 'Login', '2023-01-06 17:13:28');
INSERT INTO `logs` (`id`, `admin_id`, `type`, `date_time`) VALUES ('218', 1, 'Login', '2023-01-06 18:10:03');
INSERT INTO `logs` (`id`, `admin_id`, `type`, `date_time`) VALUES ('219', 1, 'Login', '2023-01-06 18:10:09');
INSERT INTO `logs` (`id`, `admin_id`, `type`, `date_time`) VALUES ('220', 1, 'Login', '2023-01-06 18:17:51');
INSERT INTO `logs` (`id`, `admin_id`, `type`, `date_time`) VALUES ('221', 1, 'Logout', '2023-01-06 18:48:32');
INSERT INTO `logs` (`id`, `admin_id`, `type`, `date_time`) VALUES ('222', 1, 'Login', '2023-01-07 10:03:35');
INSERT INTO `logs` (`id`, `admin_id`, `type`, `date_time`) VALUES ('223', 1, 'Login', '2023-01-07 11:02:31');
INSERT INTO `logs` (`id`, `admin_id`, `type`, `date_time`) VALUES ('224', 1, 'Login', '2023-01-08 11:14:57');
INSERT INTO `logs` (`id`, `admin_id`, `type`, `date_time`) VALUES ('225', 1, 'Login', '2023-01-08 19:45:08');
INSERT INTO `logs` (`id`, `admin_id`, `type`, `date_time`) VALUES ('226', 1, 'Login', '2023-01-09 10:23:07');
INSERT INTO `logs` (`id`, `admin_id`, `type`, `date_time`) VALUES ('227', 1, 'Login', '2023-01-09 10:32:49');
INSERT INTO `logs` (`id`, `admin_id`, `type`, `date_time`) VALUES ('228', 1, 'Login', '2023-01-09 10:51:10');
INSERT INTO `logs` (`id`, `admin_id`, `type`, `date_time`) VALUES ('229', 1, 'Login', '2023-01-09 11:46:18');
INSERT INTO `logs` (`id`, `admin_id`, `type`, `date_time`) VALUES ('230', 1, 'Login', '2023-01-09 11:48:23');
INSERT INTO `logs` (`id`, `admin_id`, `type`, `date_time`) VALUES ('231', 1, 'Login', '2023-01-09 11:49:19');
INSERT INTO `logs` (`id`, `admin_id`, `type`, `date_time`) VALUES ('232', 1, 'Login', '2023-01-09 11:50:41');
INSERT INTO `logs` (`id`, `admin_id`, `type`, `date_time`) VALUES ('233', 1, 'Login', '2023-01-09 11:56:06');
INSERT INTO `logs` (`id`, `admin_id`, `type`, `date_time`) VALUES ('234', 1, 'Login', '2023-01-09 12:04:53');
INSERT INTO `logs` (`id`, `admin_id`, `type`, `date_time`) VALUES ('235', 1, 'Login', '2023-01-09 12:11:42');
INSERT INTO `logs` (`id`, `admin_id`, `type`, `date_time`) VALUES ('236', 1, 'Login', '2023-01-09 14:01:09');
INSERT INTO `logs` (`id`, `admin_id`, `type`, `date_time`) VALUES ('237', 1, 'Login', '2023-01-09 14:54:31');
INSERT INTO `logs` (`id`, `admin_id`, `type`, `date_time`) VALUES ('238', 1, 'Login', '2023-01-09 14:54:33');
INSERT INTO `logs` (`id`, `admin_id`, `type`, `date_time`) VALUES ('239', 1, 'Login', '2023-01-09 14:54:33');
INSERT INTO `logs` (`id`, `admin_id`, `type`, `date_time`) VALUES ('240', 1, 'Login', '2023-01-09 15:30:28');
INSERT INTO `logs` (`id`, `admin_id`, `type`, `date_time`) VALUES ('241', 1, 'Login', '2023-01-09 15:42:10');
INSERT INTO `logs` (`id`, `admin_id`, `type`, `date_time`) VALUES ('242', 1, 'Login', '2023-01-10 09:56:55');
INSERT INTO `logs` (`id`, `admin_id`, `type`, `date_time`) VALUES ('243', 1, 'Login', '2023-01-10 15:27:00');
INSERT INTO `logs` (`id`, `admin_id`, `type`, `date_time`) VALUES ('244', 1, 'Login', '2023-01-11 14:32:45');
INSERT INTO `logs` (`id`, `admin_id`, `type`, `date_time`) VALUES ('245', 1, 'Login', '2023-01-11 14:59:28');
INSERT INTO `logs` (`id`, `admin_id`, `type`, `date_time`) VALUES ('246', 1, 'Logout', '2023-01-11 15:00:36');
INSERT INTO `logs` (`id`, `admin_id`, `type`, `date_time`) VALUES ('247', 1, 'Login', '2023-01-11 15:00:41');
INSERT INTO `logs` (`id`, `admin_id`, `type`, `date_time`) VALUES ('248', 1, 'Logout', '2023-01-11 15:00:49');
INSERT INTO `logs` (`id`, `admin_id`, `type`, `date_time`) VALUES ('249', 1, 'Login', '2023-01-11 15:01:35');
INSERT INTO `logs` (`id`, `admin_id`, `type`, `date_time`) VALUES ('250', 1, 'Login', '2023-01-11 16:27:44');
INSERT INTO `logs` (`id`, `admin_id`, `type`, `date_time`) VALUES ('251', 1, 'Logout', '2023-01-11 16:29:44');
INSERT INTO `logs` (`id`, `admin_id`, `type`, `date_time`) VALUES ('252', 1, 'Login', '2023-01-11 16:35:11');
INSERT INTO `logs` (`id`, `admin_id`, `type`, `date_time`) VALUES ('253', 1, 'Logout', '2023-01-11 16:45:11');
INSERT INTO `logs` (`id`, `admin_id`, `type`, `date_time`) VALUES ('254', 1, 'Login', '2023-01-11 17:53:53');
INSERT INTO `logs` (`id`, `admin_id`, `type`, `date_time`) VALUES ('255', 1, 'Login', '2023-01-11 17:56:32');
INSERT INTO `logs` (`id`, `admin_id`, `type`, `date_time`) VALUES ('256', 1, 'Logout', '2023-01-11 20:31:11');
INSERT INTO `logs` (`id`, `admin_id`, `type`, `date_time`) VALUES ('257', 1, 'Login', '2023-01-12 10:01:37');
INSERT INTO `logs` (`id`, `admin_id`, `type`, `date_time`) VALUES ('258', 1, 'Login', '2023-01-12 10:28:35');
INSERT INTO `logs` (`id`, `admin_id`, `type`, `date_time`) VALUES ('259', 1, 'Login', '2023-01-12 11:18:00');
INSERT INTO `logs` (`id`, `admin_id`, `type`, `date_time`) VALUES ('260', 1, 'Login', '2023-01-12 14:40:21');
INSERT INTO `logs` (`id`, `admin_id`, `type`, `date_time`) VALUES ('261', 1, 'Login', '2023-01-13 10:05:53');
INSERT INTO `logs` (`id`, `admin_id`, `type`, `date_time`) VALUES ('262', 1, 'Login', '2023-01-13 10:20:56');
INSERT INTO `logs` (`id`, `admin_id`, `type`, `date_time`) VALUES ('263', 1, 'Login', '2023-01-16 11:14:02');
INSERT INTO `logs` (`id`, `admin_id`, `type`, `date_time`) VALUES ('264', 1, 'Login', '2023-01-16 18:04:32');
INSERT INTO `logs` (`id`, `admin_id`, `type`, `date_time`) VALUES ('265', 1, 'Login', '2023-01-17 10:00:33');
INSERT INTO `logs` (`id`, `admin_id`, `type`, `date_time`) VALUES ('266', 1, 'Logout', '2023-01-17 10:13:01');
INSERT INTO `logs` (`id`, `admin_id`, `type`, `date_time`) VALUES ('267', 1, 'Login', '2023-01-17 10:49:20');
INSERT INTO `logs` (`id`, `admin_id`, `type`, `date_time`) VALUES ('268', 1, 'Login', '2023-01-17 11:00:18');
INSERT INTO `logs` (`id`, `admin_id`, `type`, `date_time`) VALUES ('269', 1, 'Logout', '2023-01-17 12:39:14');
INSERT INTO `logs` (`id`, `admin_id`, `type`, `date_time`) VALUES ('270', 1, 'Logout', '2023-01-17 14:02:17');
INSERT INTO `logs` (`id`, `admin_id`, `type`, `date_time`) VALUES ('271', 5, 'Login', '2023-01-17 14:02:26');
INSERT INTO `logs` (`id`, `admin_id`, `type`, `date_time`) VALUES ('272', 5, 'Logout', '2023-01-17 14:03:26');
INSERT INTO `logs` (`id`, `admin_id`, `type`, `date_time`) VALUES ('273', 1, 'Login', '2023-01-17 14:03:53');
INSERT INTO `logs` (`id`, `admin_id`, `type`, `date_time`) VALUES ('274', 1, 'Logout', '2023-01-17 14:06:54');
INSERT INTO `logs` (`id`, `admin_id`, `type`, `date_time`) VALUES ('275', 5, 'Login', '2023-01-17 14:07:24');
INSERT INTO `logs` (`id`, `admin_id`, `type`, `date_time`) VALUES ('276', 5, 'Logout', '2023-01-17 14:08:57');
INSERT INTO `logs` (`id`, `admin_id`, `type`, `date_time`) VALUES ('277', 1, 'Login', '2023-01-17 14:09:16');
INSERT INTO `logs` (`id`, `admin_id`, `type`, `date_time`) VALUES ('278', 1, 'Logout', '2023-01-17 14:13:44');
INSERT INTO `logs` (`id`, `admin_id`, `type`, `date_time`) VALUES ('279', 5, 'Login', '2023-01-17 14:14:19');
INSERT INTO `logs` (`id`, `admin_id`, `type`, `date_time`) VALUES ('280', 5, 'Logout', '2023-01-17 14:52:39');
INSERT INTO `logs` (`id`, `admin_id`, `type`, `date_time`) VALUES ('281', 1, 'Login', '2023-01-17 14:52:55');
INSERT INTO `logs` (`id`, `admin_id`, `type`, `date_time`) VALUES ('282', 1, 'Logout', '2023-01-17 14:58:26');
INSERT INTO `logs` (`id`, `admin_id`, `type`, `date_time`) VALUES ('283', 5, 'Login', '2023-01-17 14:58:49');
INSERT INTO `logs` (`id`, `admin_id`, `type`, `date_time`) VALUES ('284', 5, 'Logout', '2023-01-17 15:02:16');
INSERT INTO `logs` (`id`, `admin_id`, `type`, `date_time`) VALUES ('285', 1, 'Login', '2023-01-17 15:02:37');
INSERT INTO `logs` (`id`, `admin_id`, `type`, `date_time`) VALUES ('286', 1, 'Logout', '2023-01-17 15:05:37');
INSERT INTO `logs` (`id`, `admin_id`, `type`, `date_time`) VALUES ('287', 5, 'Login', '2023-01-17 15:06:19');
INSERT INTO `logs` (`id`, `admin_id`, `type`, `date_time`) VALUES ('288', 5, 'Logout', '2023-01-17 15:07:34');
INSERT INTO `logs` (`id`, `admin_id`, `type`, `date_time`) VALUES ('289', 1, 'Login', '2023-01-17 15:07:45');
INSERT INTO `logs` (`id`, `admin_id`, `type`, `date_time`) VALUES ('290', 1, 'Logout', '2023-01-17 15:08:13');
INSERT INTO `logs` (`id`, `admin_id`, `type`, `date_time`) VALUES ('291', 1, 'Login', '2023-01-17 15:09:15');
INSERT INTO `logs` (`id`, `admin_id`, `type`, `date_time`) VALUES ('292', 1, 'Login', '2023-01-17 15:09:15');
INSERT INTO `logs` (`id`, `admin_id`, `type`, `date_time`) VALUES ('293', 1, 'Logout', '2023-01-17 15:09:48');
INSERT INTO `logs` (`id`, `admin_id`, `type`, `date_time`) VALUES ('294', 1, 'Login', '2023-01-17 15:10:42');
INSERT INTO `logs` (`id`, `admin_id`, `type`, `date_time`) VALUES ('295', 1, 'Logout', '2023-01-17 15:13:06');
INSERT INTO `logs` (`id`, `admin_id`, `type`, `date_time`) VALUES ('296', 6, 'Login', '2023-01-17 15:13:11');
INSERT INTO `logs` (`id`, `admin_id`, `type`, `date_time`) VALUES ('297', 6, 'Logout', '2023-01-17 15:14:51');
INSERT INTO `logs` (`id`, `admin_id`, `type`, `date_time`) VALUES ('298', 1, 'Login', '2023-01-17 15:15:03');
INSERT INTO `logs` (`id`, `admin_id`, `type`, `date_time`) VALUES ('299', 1, 'Login', '2023-01-18 10:21:49');
INSERT INTO `logs` (`id`, `admin_id`, `type`, `date_time`) VALUES ('300', 1, 'Login', '2023-01-18 10:48:12');
INSERT INTO `logs` (`id`, `admin_id`, `type`, `date_time`) VALUES ('301', 1, 'Login', '2023-01-18 11:05:19');
INSERT INTO `logs` (`id`, `admin_id`, `type`, `date_time`) VALUES ('302', 1, 'Logout', '2023-01-18 11:29:12');
INSERT INTO `logs` (`id`, `admin_id`, `type`, `date_time`) VALUES ('303', 1, 'Login', '2023-01-18 12:03:55');
INSERT INTO `logs` (`id`, `admin_id`, `type`, `date_time`) VALUES ('304', 1, 'Login', '2023-01-18 12:07:59');
INSERT INTO `logs` (`id`, `admin_id`, `type`, `date_time`) VALUES ('305', 1, 'Login', '2023-01-18 14:57:36');
INSERT INTO `logs` (`id`, `admin_id`, `type`, `date_time`) VALUES ('306', 1, 'Login', '2023-01-19 12:50:58');
INSERT INTO `logs` (`id`, `admin_id`, `type`, `date_time`) VALUES ('307', 1, 'Login', '2023-01-19 15:00:32');
INSERT INTO `logs` (`id`, `admin_id`, `type`, `date_time`) VALUES ('308', 1, 'Login', '2023-01-19 15:24:47');
INSERT INTO `logs` (`id`, `admin_id`, `type`, `date_time`) VALUES ('309', 1, 'Login', '2023-01-19 18:30:40');
INSERT INTO `logs` (`id`, `admin_id`, `type`, `date_time`) VALUES ('310', 1, 'Login', '2023-01-20 10:17:22');
INSERT INTO `logs` (`id`, `admin_id`, `type`, `date_time`) VALUES ('311', 1, 'Login', '2023-01-20 12:45:02');
INSERT INTO `logs` (`id`, `admin_id`, `type`, `date_time`) VALUES ('312', 1, 'Login', '2023-01-20 15:40:28');
INSERT INTO `logs` (`id`, `admin_id`, `type`, `date_time`) VALUES ('313', 1, 'Login', '2023-01-20 15:40:31');
INSERT INTO `logs` (`id`, `admin_id`, `type`, `date_time`) VALUES ('314', 1, 'Login', '2023-01-20 16:05:03');
INSERT INTO `logs` (`id`, `admin_id`, `type`, `date_time`) VALUES ('315', 1, 'Login', '2023-01-20 16:21:16');
INSERT INTO `logs` (`id`, `admin_id`, `type`, `date_time`) VALUES ('316', 1, 'Login', '2023-01-20 16:22:59');
INSERT INTO `logs` (`id`, `admin_id`, `type`, `date_time`) VALUES ('317', 1, 'Login', '2023-01-20 17:42:23');
INSERT INTO `logs` (`id`, `admin_id`, `type`, `date_time`) VALUES ('318', 1, 'Login', '2023-01-23 10:29:38');
INSERT INTO `logs` (`id`, `admin_id`, `type`, `date_time`) VALUES ('319', 1, 'Login', '2023-01-23 10:29:52');
INSERT INTO `logs` (`id`, `admin_id`, `type`, `date_time`) VALUES ('320', 1, 'Login', '2023-01-23 10:32:26');
INSERT INTO `logs` (`id`, `admin_id`, `type`, `date_time`) VALUES ('321', 1, 'Login', '2023-01-23 15:08:21');
INSERT INTO `logs` (`id`, `admin_id`, `type`, `date_time`) VALUES ('322', 1, 'Login', '2023-01-23 17:49:34');
INSERT INTO `logs` (`id`, `admin_id`, `type`, `date_time`) VALUES ('323', 1, 'Login', '2023-01-24 11:54:58');
INSERT INTO `logs` (`id`, `admin_id`, `type`, `date_time`) VALUES ('324', 1, 'Login', '2023-01-25 13:41:14');
INSERT INTO `logs` (`id`, `admin_id`, `type`, `date_time`) VALUES ('325', 1, 'Login', '2023-01-25 13:44:08');
INSERT INTO `logs` (`id`, `admin_id`, `type`, `date_time`) VALUES ('326', 1, 'Login', '2023-01-25 13:49:08');
INSERT INTO `logs` (`id`, `admin_id`, `type`, `date_time`) VALUES ('327', 1, 'Login', '2023-01-25 15:17:16');
INSERT INTO `logs` (`id`, `admin_id`, `type`, `date_time`) VALUES ('328', 1, 'Login', '2023-01-25 15:51:34');
INSERT INTO `logs` (`id`, `admin_id`, `type`, `date_time`) VALUES ('329', 1, 'Login', '2023-01-27 09:58:39');
INSERT INTO `logs` (`id`, `admin_id`, `type`, `date_time`) VALUES ('330', 1, 'Login', '2023-01-27 18:32:51');
INSERT INTO `logs` (`id`, `admin_id`, `type`, `date_time`) VALUES ('331', 1, 'Login', '2023-01-27 19:02:15');
INSERT INTO `logs` (`id`, `admin_id`, `type`, `date_time`) VALUES ('332', 1, 'Login', '2023-01-28 10:45:22');
INSERT INTO `logs` (`id`, `admin_id`, `type`, `date_time`) VALUES ('333', 1, 'Login', '2023-01-28 11:48:02');
INSERT INTO `logs` (`id`, `admin_id`, `type`, `date_time`) VALUES ('334', 1, 'Login', '2023-01-30 10:08:32');
INSERT INTO `logs` (`id`, `admin_id`, `type`, `date_time`) VALUES ('335', 1, 'Login', '2023-01-30 10:32:08');
INSERT INTO `logs` (`id`, `admin_id`, `type`, `date_time`) VALUES ('336', 1, 'Login', '2023-01-30 10:47:18');
INSERT INTO `logs` (`id`, `admin_id`, `type`, `date_time`) VALUES ('337', 1, 'Login', '2023-01-30 12:12:48');
INSERT INTO `logs` (`id`, `admin_id`, `type`, `date_time`) VALUES ('338', 1, 'Login', '2023-01-30 12:12:50');
INSERT INTO `logs` (`id`, `admin_id`, `type`, `date_time`) VALUES ('339', 1, 'Logout', '2023-01-30 12:51:36');
INSERT INTO `logs` (`id`, `admin_id`, `type`, `date_time`) VALUES ('340', 2, 'Login', '2023-01-30 12:51:52');
INSERT INTO `logs` (`id`, `admin_id`, `type`, `date_time`) VALUES ('341', 2, 'Logout', '2023-01-30 13:07:04');
INSERT INTO `logs` (`id`, `admin_id`, `type`, `date_time`) VALUES ('342', 1, 'Login', '2023-01-30 13:07:17');
INSERT INTO `logs` (`id`, `admin_id`, `type`, `date_time`) VALUES ('343', 1, 'Logout', '2023-01-30 13:12:28');
INSERT INTO `logs` (`id`, `admin_id`, `type`, `date_time`) VALUES ('344', 2, 'Login', '2023-01-30 13:12:41');
INSERT INTO `logs` (`id`, `admin_id`, `type`, `date_time`) VALUES ('345', 2, 'Logout', '2023-01-30 13:13:09');
INSERT INTO `logs` (`id`, `admin_id`, `type`, `date_time`) VALUES ('346', 1, 'Login', '2023-01-30 13:14:24');
INSERT INTO `logs` (`id`, `admin_id`, `type`, `date_time`) VALUES ('347', 1, 'Login', '2023-01-30 15:51:48');
INSERT INTO `logs` (`id`, `admin_id`, `type`, `date_time`) VALUES ('348', 1, 'Login', '2023-01-30 18:06:54');
INSERT INTO `logs` (`id`, `admin_id`, `type`, `date_time`) VALUES ('349', 1, 'Login', '2023-01-30 18:06:54');
INSERT INTO `logs` (`id`, `admin_id`, `type`, `date_time`) VALUES ('350', 1, 'Login', '2023-01-31 10:09:05');
INSERT INTO `logs` (`id`, `admin_id`, `type`, `date_time`) VALUES ('351', 1, 'Login', '2023-01-31 11:49:57');
INSERT INTO `logs` (`id`, `admin_id`, `type`, `date_time`) VALUES ('352', 1, 'Login', '2023-01-31 12:34:11');
INSERT INTO `logs` (`id`, `admin_id`, `type`, `date_time`) VALUES ('353', 1, 'Login', '2023-01-31 12:34:11');
INSERT INTO `logs` (`id`, `admin_id`, `type`, `date_time`) VALUES ('354', 1, 'Logout', '2023-01-31 13:22:18');
INSERT INTO `logs` (`id`, `admin_id`, `type`, `date_time`) VALUES ('355', 1, 'Login', '2023-01-31 14:45:14');
INSERT INTO `logs` (`id`, `admin_id`, `type`, `date_time`) VALUES ('356', 1, 'Login', '2023-01-31 15:25:18');
INSERT INTO `logs` (`id`, `admin_id`, `type`, `date_time`) VALUES ('357', 1, 'Logout', '2023-01-31 15:25:51');
INSERT INTO `logs` (`id`, `admin_id`, `type`, `date_time`) VALUES ('358', 1, 'Login', '2023-01-31 15:38:30');
INSERT INTO `logs` (`id`, `admin_id`, `type`, `date_time`) VALUES ('359', 1, 'Login', '2023-01-31 18:16:08');
INSERT INTO `logs` (`id`, `admin_id`, `type`, `date_time`) VALUES ('360', 1, 'Login', '2023-02-01 15:09:50');
INSERT INTO `logs` (`id`, `admin_id`, `type`, `date_time`) VALUES ('361', 1, 'Login', '2023-02-01 15:40:43');
INSERT INTO `logs` (`id`, `admin_id`, `type`, `date_time`) VALUES ('362', 1, 'Login', '2023-02-01 18:17:30');
INSERT INTO `logs` (`id`, `admin_id`, `type`, `date_time`) VALUES ('363', 1, 'Login', '2023-02-01 18:19:35');


#
# TABLE STRUCTURE FOR: notifications
#

DROP TABLE IF EXISTS `notifications`;

CREATE TABLE `notifications` (
  `id` bigint(20) NOT NULL AUTO_INCREMENT,
  `user_id` bigint(20) NOT NULL,
  `title` varchar(250) COLLATE utf8mb4_unicode_ci NOT NULL,
  `message` text COLLATE utf8mb4_unicode_ci NOT NULL,
  `date_time` datetime NOT NULL,
  `is_delete` tinyint(1) NOT NULL DEFAULT '0',
  `is_read` tinyint(1) NOT NULL DEFAULT '0',
  `is_admin` tinyint(1) NOT NULL DEFAULT '0',
  `is_custom` tinyint(1) NOT NULL DEFAULT '0',
  PRIMARY KEY (`id`)
) ENGINE=InnoDB AUTO_INCREMENT=2261 DEFAULT CHARSET=utf8mb4 COLLATE=utf8mb4_unicode_ci;

INSERT INTO `notifications` (`id`, `user_id`, `title`, `message`, `date_time`, `is_delete`, `is_read`, `is_admin`, `is_custom`) VALUES ('2010', '160', 'New Order', 'New Order Placed : O00868', '2023-01-25 14:36:13', 0, 0, 0, 0);
INSERT INTO `notifications` (`id`, `user_id`, `title`, `message`, `date_time`, `is_delete`, `is_read`, `is_admin`, `is_custom`) VALUES ('2011', '133', 'New Order', 'New Order Placed : O00868', '2023-01-25 14:36:13', 0, 1, 0, 0);
INSERT INTO `notifications` (`id`, `user_id`, `title`, `message`, `date_time`, `is_delete`, `is_read`, `is_admin`, `is_custom`) VALUES ('2012', '19', 'New Order', 'New Order Placed : O00868', '2023-01-25 14:36:13', 0, 1, 0, 0);
INSERT INTO `notifications` (`id`, `user_id`, `title`, `message`, `date_time`, `is_delete`, `is_read`, `is_admin`, `is_custom`) VALUES ('2014', '160', 'New Order', 'New Order Placed : O00869', '2023-01-25 14:36:28', 0, 0, 0, 0);
INSERT INTO `notifications` (`id`, `user_id`, `title`, `message`, `date_time`, `is_delete`, `is_read`, `is_admin`, `is_custom`) VALUES ('2015', '133', 'New Order', 'New Order Placed : O00869', '2023-01-25 14:36:28', 0, 1, 0, 0);
INSERT INTO `notifications` (`id`, `user_id`, `title`, `message`, `date_time`, `is_delete`, `is_read`, `is_admin`, `is_custom`) VALUES ('2016', '19', 'New Order', 'New Order Placed : O00869', '2023-01-25 14:36:28', 0, 1, 0, 0);
INSERT INTO `notifications` (`id`, `user_id`, `title`, `message`, `date_time`, `is_delete`, `is_read`, `is_admin`, `is_custom`) VALUES ('2019', '160', 'New Order', 'New Order Placed : O00870', '2023-01-25 14:38:13', 0, 0, 0, 0);
INSERT INTO `notifications` (`id`, `user_id`, `title`, `message`, `date_time`, `is_delete`, `is_read`, `is_admin`, `is_custom`) VALUES ('2020', '133', 'New Order', 'New Order Placed : O00870', '2023-01-25 14:38:13', 0, 1, 0, 0);
INSERT INTO `notifications` (`id`, `user_id`, `title`, `message`, `date_time`, `is_delete`, `is_read`, `is_admin`, `is_custom`) VALUES ('2021', '19', 'New Order', 'New Order Placed : O00870', '2023-01-25 14:38:13', 0, 1, 0, 0);
INSERT INTO `notifications` (`id`, `user_id`, `title`, `message`, `date_time`, `is_delete`, `is_read`, `is_admin`, `is_custom`) VALUES ('2024', '160', 'New Order', 'New Order Placed : O00871', '2023-01-25 14:40:14', 0, 0, 0, 0);
INSERT INTO `notifications` (`id`, `user_id`, `title`, `message`, `date_time`, `is_delete`, `is_read`, `is_admin`, `is_custom`) VALUES ('2025', '133', 'New Order', 'New Order Placed : O00871', '2023-01-25 14:40:14', 0, 1, 0, 0);
INSERT INTO `notifications` (`id`, `user_id`, `title`, `message`, `date_time`, `is_delete`, `is_read`, `is_admin`, `is_custom`) VALUES ('2026', '19', 'New Order', 'New Order Placed : O00871', '2023-01-25 14:40:14', 0, 1, 0, 0);
INSERT INTO `notifications` (`id`, `user_id`, `title`, `message`, `date_time`, `is_delete`, `is_read`, `is_admin`, `is_custom`) VALUES ('2028', '160', 'New Order', 'New Order Placed : O00875', '2023-01-25 15:53:47', 0, 0, 0, 0);
INSERT INTO `notifications` (`id`, `user_id`, `title`, `message`, `date_time`, `is_delete`, `is_read`, `is_admin`, `is_custom`) VALUES ('2029', '133', 'New Order', 'New Order Placed : O00875', '2023-01-25 15:53:47', 0, 1, 0, 0);
INSERT INTO `notifications` (`id`, `user_id`, `title`, `message`, `date_time`, `is_delete`, `is_read`, `is_admin`, `is_custom`) VALUES ('2030', '19', 'New Order', 'New Order Placed : O00875', '2023-01-25 15:53:47', 0, 1, 0, 0);
INSERT INTO `notifications` (`id`, `user_id`, `title`, `message`, `date_time`, `is_delete`, `is_read`, `is_admin`, `is_custom`) VALUES ('2032', '160', 'New Order', 'New Order Placed : O00876', '2023-01-25 16:16:04', 0, 0, 0, 0);
INSERT INTO `notifications` (`id`, `user_id`, `title`, `message`, `date_time`, `is_delete`, `is_read`, `is_admin`, `is_custom`) VALUES ('2033', '133', 'New Order', 'New Order Placed : O00876', '2023-01-25 16:16:04', 0, 1, 0, 0);
INSERT INTO `notifications` (`id`, `user_id`, `title`, `message`, `date_time`, `is_delete`, `is_read`, `is_admin`, `is_custom`) VALUES ('2034', '19', 'New Order', 'New Order Placed : O00876', '2023-01-25 16:16:04', 0, 1, 0, 0);
INSERT INTO `notifications` (`id`, `user_id`, `title`, `message`, `date_time`, `is_delete`, `is_read`, `is_admin`, `is_custom`) VALUES ('2036', '160', 'New Order', 'New Order Placed : O00882', '2023-01-25 17:54:57', 0, 0, 0, 0);
INSERT INTO `notifications` (`id`, `user_id`, `title`, `message`, `date_time`, `is_delete`, `is_read`, `is_admin`, `is_custom`) VALUES ('2037', '133', 'New Order', 'New Order Placed : O00882', '2023-01-25 17:54:57', 0, 1, 0, 0);
INSERT INTO `notifications` (`id`, `user_id`, `title`, `message`, `date_time`, `is_delete`, `is_read`, `is_admin`, `is_custom`) VALUES ('2038', '19', 'New Order', 'New Order Placed : O00882', '2023-01-25 17:54:57', 0, 1, 0, 0);
INSERT INTO `notifications` (`id`, `user_id`, `title`, `message`, `date_time`, `is_delete`, `is_read`, `is_admin`, `is_custom`) VALUES ('2039', '70', 'Accepted Order', 'Order Accepted : O00882', '2023-01-25 18:03:30', 0, 1, 0, 0);
INSERT INTO `notifications` (`id`, `user_id`, `title`, `message`, `date_time`, `is_delete`, `is_read`, `is_admin`, `is_custom`) VALUES ('2040', '70', 'Reach Order', 'Transporter reached depot Order : O00882', '2023-01-25 18:12:16', 0, 1, 0, 0);
INSERT INTO `notifications` (`id`, `user_id`, `title`, `message`, `date_time`, `is_delete`, `is_read`, `is_admin`, `is_custom`) VALUES ('2041', '70', 'Loaded Order', 'Transporter collected fuel Order : O00882', '2023-01-25 18:12:32', 0, 1, 0, 0);
INSERT INTO `notifications` (`id`, `user_id`, `title`, `message`, `date_time`, `is_delete`, `is_read`, `is_admin`, `is_custom`) VALUES ('2042', '70', 'Completed Order', 'Order Completed : O00882', '2023-01-25 18:14:15', 0, 1, 0, 0);
INSERT INTO `notifications` (`id`, `user_id`, `title`, `message`, `date_time`, `is_delete`, `is_read`, `is_admin`, `is_custom`) VALUES ('2048', '133', 'New Order', 'New Order Placed : O00886', '2023-01-27 17:17:32', 0, 1, 0, 0);
INSERT INTO `notifications` (`id`, `user_id`, `title`, `message`, `date_time`, `is_delete`, `is_read`, `is_admin`, `is_custom`) VALUES ('2049', '85', 'New Order', 'New Order Placed : O00886', '2023-01-27 17:17:32', 0, 0, 0, 0);
INSERT INTO `notifications` (`id`, `user_id`, `title`, `message`, `date_time`, `is_delete`, `is_read`, `is_admin`, `is_custom`) VALUES ('2050', '19', 'New Order', 'New Order Placed : O00886', '2023-01-27 17:17:32', 0, 1, 0, 0);
INSERT INTO `notifications` (`id`, `user_id`, `title`, `message`, `date_time`, `is_delete`, `is_read`, `is_admin`, `is_custom`) VALUES ('2052', '133', 'New Order', 'New Order Placed : O00887', '2023-01-27 17:31:01', 0, 1, 0, 0);
INSERT INTO `notifications` (`id`, `user_id`, `title`, `message`, `date_time`, `is_delete`, `is_read`, `is_admin`, `is_custom`) VALUES ('2053', '85', 'New Order', 'New Order Placed : O00887', '2023-01-27 17:31:01', 0, 0, 0, 0);
INSERT INTO `notifications` (`id`, `user_id`, `title`, `message`, `date_time`, `is_delete`, `is_read`, `is_admin`, `is_custom`) VALUES ('2054', '19', 'New Order', 'New Order Placed : O00887', '2023-01-27 17:31:01', 0, 1, 0, 0);
INSERT INTO `notifications` (`id`, `user_id`, `title`, `message`, `date_time`, `is_delete`, `is_read`, `is_admin`, `is_custom`) VALUES ('2056', '133', 'New Order', 'New Order Placed : O00888', '2023-01-27 17:32:16', 0, 1, 0, 0);
INSERT INTO `notifications` (`id`, `user_id`, `title`, `message`, `date_time`, `is_delete`, `is_read`, `is_admin`, `is_custom`) VALUES ('2057', '85', 'New Order', 'New Order Placed : O00888', '2023-01-27 17:32:16', 0, 0, 0, 0);
INSERT INTO `notifications` (`id`, `user_id`, `title`, `message`, `date_time`, `is_delete`, `is_read`, `is_admin`, `is_custom`) VALUES ('2058', '19', 'New Order', 'New Order Placed : O00888', '2023-01-27 17:32:16', 0, 1, 0, 0);
INSERT INTO `notifications` (`id`, `user_id`, `title`, `message`, `date_time`, `is_delete`, `is_read`, `is_admin`, `is_custom`) VALUES ('2062', '133', 'New Order', 'New Order Placed : O00894', '2023-01-28 10:55:22', 0, 1, 0, 0);
INSERT INTO `notifications` (`id`, `user_id`, `title`, `message`, `date_time`, `is_delete`, `is_read`, `is_admin`, `is_custom`) VALUES ('2063', '85', 'New Order', 'New Order Placed : O00894', '2023-01-28 10:55:22', 0, 0, 0, 0);
INSERT INTO `notifications` (`id`, `user_id`, `title`, `message`, `date_time`, `is_delete`, `is_read`, `is_admin`, `is_custom`) VALUES ('2064', '19', 'New Order', 'New Order Placed : O00894', '2023-01-28 10:55:22', 0, 1, 0, 0);
INSERT INTO `notifications` (`id`, `user_id`, `title`, `message`, `date_time`, `is_delete`, `is_read`, `is_admin`, `is_custom`) VALUES ('2065', '133', 'New Order', 'New Order Placed : O00899', '2023-01-28 11:25:22', 0, 1, 0, 0);
INSERT INTO `notifications` (`id`, `user_id`, `title`, `message`, `date_time`, `is_delete`, `is_read`, `is_admin`, `is_custom`) VALUES ('2066', '85', 'New Order', 'New Order Placed : O00899', '2023-01-28 11:25:22', 0, 0, 0, 0);
INSERT INTO `notifications` (`id`, `user_id`, `title`, `message`, `date_time`, `is_delete`, `is_read`, `is_admin`, `is_custom`) VALUES ('2067', '133', 'New Order', 'New Order Placed : O00905', '2023-01-28 11:34:39', 0, 1, 0, 0);
INSERT INTO `notifications` (`id`, `user_id`, `title`, `message`, `date_time`, `is_delete`, `is_read`, `is_admin`, `is_custom`) VALUES ('2068', '85', 'New Order', 'New Order Placed : O00905', '2023-01-28 11:34:39', 0, 0, 0, 0);
INSERT INTO `notifications` (`id`, `user_id`, `title`, `message`, `date_time`, `is_delete`, `is_read`, `is_admin`, `is_custom`) VALUES ('2069', '133', 'New Order', 'New Order Placed : O00908', '2023-01-28 11:42:43', 0, 1, 0, 0);
INSERT INTO `notifications` (`id`, `user_id`, `title`, `message`, `date_time`, `is_delete`, `is_read`, `is_admin`, `is_custom`) VALUES ('2070', '85', 'New Order', 'New Order Placed : O00908', '2023-01-28 11:42:43', 0, 0, 0, 0);
INSERT INTO `notifications` (`id`, `user_id`, `title`, `message`, `date_time`, `is_delete`, `is_read`, `is_admin`, `is_custom`) VALUES ('2075', '133', 'New Order', 'New Order Placed : O00911', '2023-01-28 12:11:47', 0, 1, 0, 0);
INSERT INTO `notifications` (`id`, `user_id`, `title`, `message`, `date_time`, `is_delete`, `is_read`, `is_admin`, `is_custom`) VALUES ('2076', '85', 'New Order', 'New Order Placed : O00911', '2023-01-28 12:11:47', 0, 0, 0, 0);
INSERT INTO `notifications` (`id`, `user_id`, `title`, `message`, `date_time`, `is_delete`, `is_read`, `is_admin`, `is_custom`) VALUES ('2077', '19', 'New Order', 'New Order Placed : O00911', '2023-01-28 12:11:47', 0, 1, 0, 0);
INSERT INTO `notifications` (`id`, `user_id`, `title`, `message`, `date_time`, `is_delete`, `is_read`, `is_admin`, `is_custom`) VALUES ('2078', '133', 'New Order', 'New Order Placed : O00912', '2023-01-28 12:30:13', 0, 1, 0, 0);
INSERT INTO `notifications` (`id`, `user_id`, `title`, `message`, `date_time`, `is_delete`, `is_read`, `is_admin`, `is_custom`) VALUES ('2079', '85', 'New Order', 'New Order Placed : O00912', '2023-01-28 12:30:13', 0, 0, 0, 0);
INSERT INTO `notifications` (`id`, `user_id`, `title`, `message`, `date_time`, `is_delete`, `is_read`, `is_admin`, `is_custom`) VALUES ('2080', '19', 'New Order', 'New Order Placed : O00912', '2023-01-28 12:30:13', 0, 1, 0, 0);
INSERT INTO `notifications` (`id`, `user_id`, `title`, `message`, `date_time`, `is_delete`, `is_read`, `is_admin`, `is_custom`) VALUES ('2082', '133', 'New Order', 'New Order Placed : O00913', '2023-01-28 13:00:18', 0, 1, 0, 0);
INSERT INTO `notifications` (`id`, `user_id`, `title`, `message`, `date_time`, `is_delete`, `is_read`, `is_admin`, `is_custom`) VALUES ('2083', '85', 'New Order', 'New Order Placed : O00913', '2023-01-28 13:00:18', 0, 0, 0, 0);
INSERT INTO `notifications` (`id`, `user_id`, `title`, `message`, `date_time`, `is_delete`, `is_read`, `is_admin`, `is_custom`) VALUES ('2084', '19', 'New Order', 'New Order Placed : O00913', '2023-01-28 13:00:18', 0, 1, 0, 0);
INSERT INTO `notifications` (`id`, `user_id`, `title`, `message`, `date_time`, `is_delete`, `is_read`, `is_admin`, `is_custom`) VALUES ('2085', '133', 'New Order', 'New Order Placed : O00914', '2023-01-28 13:04:27', 0, 1, 0, 0);
INSERT INTO `notifications` (`id`, `user_id`, `title`, `message`, `date_time`, `is_delete`, `is_read`, `is_admin`, `is_custom`) VALUES ('2086', '85', 'New Order', 'New Order Placed : O00914', '2023-01-28 13:04:27', 0, 0, 0, 0);
INSERT INTO `notifications` (`id`, `user_id`, `title`, `message`, `date_time`, `is_delete`, `is_read`, `is_admin`, `is_custom`) VALUES ('2087', '19', 'New Order', 'New Order Placed : O00914', '2023-01-28 13:04:27', 0, 1, 0, 0);
INSERT INTO `notifications` (`id`, `user_id`, `title`, `message`, `date_time`, `is_delete`, `is_read`, `is_admin`, `is_custom`) VALUES ('2088', '133', 'New Order', 'New Order Placed : O00915', '2023-01-28 13:04:56', 0, 1, 0, 0);
INSERT INTO `notifications` (`id`, `user_id`, `title`, `message`, `date_time`, `is_delete`, `is_read`, `is_admin`, `is_custom`) VALUES ('2089', '85', 'New Order', 'New Order Placed : O00915', '2023-01-28 13:04:56', 0, 0, 0, 0);
INSERT INTO `notifications` (`id`, `user_id`, `title`, `message`, `date_time`, `is_delete`, `is_read`, `is_admin`, `is_custom`) VALUES ('2090', '19', 'New Order', 'New Order Placed : O00915', '2023-01-28 13:04:56', 0, 1, 0, 0);
INSERT INTO `notifications` (`id`, `user_id`, `title`, `message`, `date_time`, `is_delete`, `is_read`, `is_admin`, `is_custom`) VALUES ('2091', '133', 'New Order', 'New Order Placed : ', '2023-01-28 13:29:14', 0, 1, 0, 0);
INSERT INTO `notifications` (`id`, `user_id`, `title`, `message`, `date_time`, `is_delete`, `is_read`, `is_admin`, `is_custom`) VALUES ('2092', '85', 'New Order', 'New Order Placed : ', '2023-01-28 13:29:14', 0, 0, 0, 0);
INSERT INTO `notifications` (`id`, `user_id`, `title`, `message`, `date_time`, `is_delete`, `is_read`, `is_admin`, `is_custom`) VALUES ('2093', '19', 'New Order', 'New Order Placed : ', '2023-01-28 13:29:14', 0, 1, 0, 0);
INSERT INTO `notifications` (`id`, `user_id`, `title`, `message`, `date_time`, `is_delete`, `is_read`, `is_admin`, `is_custom`) VALUES ('2094', '6', 'New Order', 'New Order Placed : O00916', '2023-01-30 10:22:25', 0, 0, 0, 0);
INSERT INTO `notifications` (`id`, `user_id`, `title`, `message`, `date_time`, `is_delete`, `is_read`, `is_admin`, `is_custom`) VALUES ('2095', '133', 'New Order', 'New Order Placed : O00916', '2023-01-30 10:22:25', 0, 1, 0, 0);
INSERT INTO `notifications` (`id`, `user_id`, `title`, `message`, `date_time`, `is_delete`, `is_read`, `is_admin`, `is_custom`) VALUES ('2096', '85', 'New Order', 'New Order Placed : O00916', '2023-01-30 10:22:25', 0, 0, 0, 0);
INSERT INTO `notifications` (`id`, `user_id`, `title`, `message`, `date_time`, `is_delete`, `is_read`, `is_admin`, `is_custom`) VALUES ('2097', '19', 'New Order', 'New Order Placed : O00916', '2023-01-30 10:22:25', 0, 1, 0, 0);
INSERT INTO `notifications` (`id`, `user_id`, `title`, `message`, `date_time`, `is_delete`, `is_read`, `is_admin`, `is_custom`) VALUES ('2098', '162', 'Accepted Order', 'Order Accepted : O00916', '2023-01-30 10:22:59', 0, 1, 0, 0);
INSERT INTO `notifications` (`id`, `user_id`, `title`, `message`, `date_time`, `is_delete`, `is_read`, `is_admin`, `is_custom`) VALUES ('2099', '6', 'New Order', 'New Order Placed : O00917', '2023-01-30 10:28:12', 0, 0, 0, 0);
INSERT INTO `notifications` (`id`, `user_id`, `title`, `message`, `date_time`, `is_delete`, `is_read`, `is_admin`, `is_custom`) VALUES ('2100', '133', 'New Order', 'New Order Placed : O00917', '2023-01-30 10:28:12', 0, 1, 0, 0);
INSERT INTO `notifications` (`id`, `user_id`, `title`, `message`, `date_time`, `is_delete`, `is_read`, `is_admin`, `is_custom`) VALUES ('2101', '85', 'New Order', 'New Order Placed : O00917', '2023-01-30 10:28:12', 0, 0, 0, 0);
INSERT INTO `notifications` (`id`, `user_id`, `title`, `message`, `date_time`, `is_delete`, `is_read`, `is_admin`, `is_custom`) VALUES ('2102', '19', 'New Order', 'New Order Placed : O00917', '2023-01-30 10:28:12', 0, 1, 0, 0);
INSERT INTO `notifications` (`id`, `user_id`, `title`, `message`, `date_time`, `is_delete`, `is_read`, `is_admin`, `is_custom`) VALUES ('2103', '6', 'New Order', 'New Order Placed : O00918', '2023-01-30 10:28:54', 0, 0, 0, 0);
INSERT INTO `notifications` (`id`, `user_id`, `title`, `message`, `date_time`, `is_delete`, `is_read`, `is_admin`, `is_custom`) VALUES ('2104', '85', 'New Order', 'New Order Placed : O00918', '2023-01-30 10:28:54', 0, 0, 0, 0);
INSERT INTO `notifications` (`id`, `user_id`, `title`, `message`, `date_time`, `is_delete`, `is_read`, `is_admin`, `is_custom`) VALUES ('2105', '19', 'New Order', 'New Order Placed : O00918', '2023-01-30 10:28:54', 0, 1, 0, 0);
INSERT INTO `notifications` (`id`, `user_id`, `title`, `message`, `date_time`, `is_delete`, `is_read`, `is_admin`, `is_custom`) VALUES ('2106', '162', 'Accepted Order', 'Order Accepted : O00917', '2023-01-30 10:29:14', 0, 1, 0, 0);
INSERT INTO `notifications` (`id`, `user_id`, `title`, `message`, `date_time`, `is_delete`, `is_read`, `is_admin`, `is_custom`) VALUES ('2107', '6', 'New Order', 'New Order Placed : O00919', '2023-01-30 10:41:11', 0, 0, 0, 0);
INSERT INTO `notifications` (`id`, `user_id`, `title`, `message`, `date_time`, `is_delete`, `is_read`, `is_admin`, `is_custom`) VALUES ('2108', '85', 'New Order', 'New Order Placed : O00919', '2023-01-30 10:41:11', 0, 0, 0, 0);
INSERT INTO `notifications` (`id`, `user_id`, `title`, `message`, `date_time`, `is_delete`, `is_read`, `is_admin`, `is_custom`) VALUES ('2109', '19', 'New Order', 'New Order Placed : O00919', '2023-01-30 10:41:11', 0, 1, 0, 0);
INSERT INTO `notifications` (`id`, `user_id`, `title`, `message`, `date_time`, `is_delete`, `is_read`, `is_admin`, `is_custom`) VALUES ('2110', '162', 'Accepted Order', 'Order Accepted : O00919', '2023-01-30 10:42:36', 0, 1, 0, 0);
INSERT INTO `notifications` (`id`, `user_id`, `title`, `message`, `date_time`, `is_delete`, `is_read`, `is_admin`, `is_custom`) VALUES ('2111', '162', 'Accepted Order', 'Order Accepted : O00918', '2023-01-30 10:42:45', 0, 1, 0, 0);
INSERT INTO `notifications` (`id`, `user_id`, `title`, `message`, `date_time`, `is_delete`, `is_read`, `is_admin`, `is_custom`) VALUES ('2112', '6', 'New Order', 'New Order Placed : O00920', '2023-01-30 11:02:56', 0, 0, 0, 0);
INSERT INTO `notifications` (`id`, `user_id`, `title`, `message`, `date_time`, `is_delete`, `is_read`, `is_admin`, `is_custom`) VALUES ('2113', '133', 'New Order', 'New Order Placed : O00920', '2023-01-30 11:02:56', 0, 0, 0, 0);
INSERT INTO `notifications` (`id`, `user_id`, `title`, `message`, `date_time`, `is_delete`, `is_read`, `is_admin`, `is_custom`) VALUES ('2114', '85', 'New Order', 'New Order Placed : O00920', '2023-01-30 11:02:56', 0, 0, 0, 0);
INSERT INTO `notifications` (`id`, `user_id`, `title`, `message`, `date_time`, `is_delete`, `is_read`, `is_admin`, `is_custom`) VALUES ('2115', '19', 'New Order', 'New Order Placed : O00920', '2023-01-30 11:02:56', 0, 1, 0, 0);
INSERT INTO `notifications` (`id`, `user_id`, `title`, `message`, `date_time`, `is_delete`, `is_read`, `is_admin`, `is_custom`) VALUES ('2116', '6', 'New Order', 'New Order Placed : O00921', '2023-01-30 11:13:27', 0, 0, 0, 0);
INSERT INTO `notifications` (`id`, `user_id`, `title`, `message`, `date_time`, `is_delete`, `is_read`, `is_admin`, `is_custom`) VALUES ('2117', '85', 'New Order', 'New Order Placed : O00921', '2023-01-30 11:13:27', 0, 0, 0, 0);
INSERT INTO `notifications` (`id`, `user_id`, `title`, `message`, `date_time`, `is_delete`, `is_read`, `is_admin`, `is_custom`) VALUES ('2118', '133', 'New Order', 'New Order Placed : O00921', '2023-01-30 11:13:27', 0, 0, 0, 0);
INSERT INTO `notifications` (`id`, `user_id`, `title`, `message`, `date_time`, `is_delete`, `is_read`, `is_admin`, `is_custom`) VALUES ('2119', '19', 'New Order', 'New Order Placed : O00921', '2023-01-30 11:13:27', 0, 1, 0, 0);
INSERT INTO `notifications` (`id`, `user_id`, `title`, `message`, `date_time`, `is_delete`, `is_read`, `is_admin`, `is_custom`) VALUES ('2120', '6', 'New Order', 'New Order Placed : O00922', '2023-01-30 11:19:48', 0, 0, 0, 0);
INSERT INTO `notifications` (`id`, `user_id`, `title`, `message`, `date_time`, `is_delete`, `is_read`, `is_admin`, `is_custom`) VALUES ('2121', '85', 'New Order', 'New Order Placed : O00922', '2023-01-30 11:19:48', 0, 0, 0, 0);
INSERT INTO `notifications` (`id`, `user_id`, `title`, `message`, `date_time`, `is_delete`, `is_read`, `is_admin`, `is_custom`) VALUES ('2122', '133', 'New Order', 'New Order Placed : O00922', '2023-01-30 11:19:48', 0, 0, 0, 0);
INSERT INTO `notifications` (`id`, `user_id`, `title`, `message`, `date_time`, `is_delete`, `is_read`, `is_admin`, `is_custom`) VALUES ('2123', '19', 'New Order', 'New Order Placed : O00922', '2023-01-30 11:19:48', 0, 1, 0, 0);
INSERT INTO `notifications` (`id`, `user_id`, `title`, `message`, `date_time`, `is_delete`, `is_read`, `is_admin`, `is_custom`) VALUES ('2124', '6', 'New Order', 'New Order Placed : O00923', '2023-01-30 11:24:29', 0, 0, 0, 0);
INSERT INTO `notifications` (`id`, `user_id`, `title`, `message`, `date_time`, `is_delete`, `is_read`, `is_admin`, `is_custom`) VALUES ('2125', '85', 'New Order', 'New Order Placed : O00923', '2023-01-30 11:24:29', 0, 0, 0, 0);
INSERT INTO `notifications` (`id`, `user_id`, `title`, `message`, `date_time`, `is_delete`, `is_read`, `is_admin`, `is_custom`) VALUES ('2126', '133', 'New Order', 'New Order Placed : O00923', '2023-01-30 11:24:29', 0, 0, 0, 0);
INSERT INTO `notifications` (`id`, `user_id`, `title`, `message`, `date_time`, `is_delete`, `is_read`, `is_admin`, `is_custom`) VALUES ('2127', '19', 'New Order', 'New Order Placed : O00923', '2023-01-30 11:24:29', 0, 1, 0, 0);
INSERT INTO `notifications` (`id`, `user_id`, `title`, `message`, `date_time`, `is_delete`, `is_read`, `is_admin`, `is_custom`) VALUES ('2128', '6', 'New Order', 'New Order Placed : O00924', '2023-01-30 11:28:12', 0, 0, 0, 0);
INSERT INTO `notifications` (`id`, `user_id`, `title`, `message`, `date_time`, `is_delete`, `is_read`, `is_admin`, `is_custom`) VALUES ('2129', '85', 'New Order', 'New Order Placed : O00924', '2023-01-30 11:28:12', 0, 0, 0, 0);
INSERT INTO `notifications` (`id`, `user_id`, `title`, `message`, `date_time`, `is_delete`, `is_read`, `is_admin`, `is_custom`) VALUES ('2130', '133', 'New Order', 'New Order Placed : O00924', '2023-01-30 11:28:12', 0, 0, 0, 0);
INSERT INTO `notifications` (`id`, `user_id`, `title`, `message`, `date_time`, `is_delete`, `is_read`, `is_admin`, `is_custom`) VALUES ('2131', '19', 'New Order', 'New Order Placed : O00924', '2023-01-30 11:28:12', 0, 1, 0, 0);
INSERT INTO `notifications` (`id`, `user_id`, `title`, `message`, `date_time`, `is_delete`, `is_read`, `is_admin`, `is_custom`) VALUES ('2132', '6', 'New Order', 'New Order Placed : O00925', '2023-01-30 11:32:44', 0, 0, 0, 0);
INSERT INTO `notifications` (`id`, `user_id`, `title`, `message`, `date_time`, `is_delete`, `is_read`, `is_admin`, `is_custom`) VALUES ('2133', '85', 'New Order', 'New Order Placed : O00925', '2023-01-30 11:32:44', 0, 0, 0, 0);
INSERT INTO `notifications` (`id`, `user_id`, `title`, `message`, `date_time`, `is_delete`, `is_read`, `is_admin`, `is_custom`) VALUES ('2134', '133', 'New Order', 'New Order Placed : O00925', '2023-01-30 11:32:44', 0, 0, 0, 0);
INSERT INTO `notifications` (`id`, `user_id`, `title`, `message`, `date_time`, `is_delete`, `is_read`, `is_admin`, `is_custom`) VALUES ('2135', '19', 'New Order', 'New Order Placed : O00925', '2023-01-30 11:32:44', 0, 1, 0, 0);
INSERT INTO `notifications` (`id`, `user_id`, `title`, `message`, `date_time`, `is_delete`, `is_read`, `is_admin`, `is_custom`) VALUES ('2136', '6', 'New Order', 'New Order Placed : O00926', '2023-01-30 11:40:29', 0, 0, 0, 0);
INSERT INTO `notifications` (`id`, `user_id`, `title`, `message`, `date_time`, `is_delete`, `is_read`, `is_admin`, `is_custom`) VALUES ('2137', '85', 'New Order', 'New Order Placed : O00926', '2023-01-30 11:40:29', 0, 0, 0, 0);
INSERT INTO `notifications` (`id`, `user_id`, `title`, `message`, `date_time`, `is_delete`, `is_read`, `is_admin`, `is_custom`) VALUES ('2138', '133', 'New Order', 'New Order Placed : O00926', '2023-01-30 11:40:29', 0, 0, 0, 0);
INSERT INTO `notifications` (`id`, `user_id`, `title`, `message`, `date_time`, `is_delete`, `is_read`, `is_admin`, `is_custom`) VALUES ('2139', '19', 'New Order', 'New Order Placed : O00926', '2023-01-30 11:40:29', 0, 1, 0, 0);
INSERT INTO `notifications` (`id`, `user_id`, `title`, `message`, `date_time`, `is_delete`, `is_read`, `is_admin`, `is_custom`) VALUES ('2140', '162', 'Accepted Order', 'Order Accepted : O00926', '2023-01-30 11:40:52', 0, 1, 0, 0);
INSERT INTO `notifications` (`id`, `user_id`, `title`, `message`, `date_time`, `is_delete`, `is_read`, `is_admin`, `is_custom`) VALUES ('2141', '162', 'Reach Order', 'Transporter reached depot Order : O00926', '2023-01-30 11:41:19', 0, 1, 0, 0);
INSERT INTO `notifications` (`id`, `user_id`, `title`, `message`, `date_time`, `is_delete`, `is_read`, `is_admin`, `is_custom`) VALUES ('2142', '162', 'Loaded Order', 'Transporter collected fuel Order : O00926', '2023-01-30 11:41:24', 0, 1, 0, 0);
INSERT INTO `notifications` (`id`, `user_id`, `title`, `message`, `date_time`, `is_delete`, `is_read`, `is_admin`, `is_custom`) VALUES ('2143', '162', 'Completed Order', 'Order Completed : O00926', '2023-01-30 11:41:46', 0, 1, 0, 0);
INSERT INTO `notifications` (`id`, `user_id`, `title`, `message`, `date_time`, `is_delete`, `is_read`, `is_admin`, `is_custom`) VALUES ('2144', '6', 'New Order', 'New Order Placed : O00928', '2023-01-30 11:54:40', 0, 0, 0, 0);
INSERT INTO `notifications` (`id`, `user_id`, `title`, `message`, `date_time`, `is_delete`, `is_read`, `is_admin`, `is_custom`) VALUES ('2145', '85', 'New Order', 'New Order Placed : O00928', '2023-01-30 11:54:40', 0, 0, 0, 0);
INSERT INTO `notifications` (`id`, `user_id`, `title`, `message`, `date_time`, `is_delete`, `is_read`, `is_admin`, `is_custom`) VALUES ('2146', '133', 'New Order', 'New Order Placed : O00928', '2023-01-30 11:54:40', 0, 0, 0, 0);
INSERT INTO `notifications` (`id`, `user_id`, `title`, `message`, `date_time`, `is_delete`, `is_read`, `is_admin`, `is_custom`) VALUES ('2147', '162', 'Accepted Order', 'Order Accepted : O00928', '2023-01-30 11:54:48', 0, 1, 0, 0);
INSERT INTO `notifications` (`id`, `user_id`, `title`, `message`, `date_time`, `is_delete`, `is_read`, `is_admin`, `is_custom`) VALUES ('2148', '162', 'Reach Order', 'Transporter reached depot Order : O00928', '2023-01-30 11:54:56', 0, 1, 0, 0);
INSERT INTO `notifications` (`id`, `user_id`, `title`, `message`, `date_time`, `is_delete`, `is_read`, `is_admin`, `is_custom`) VALUES ('2149', '162', 'Loaded Order', 'Transporter collected fuel Order : O00928', '2023-01-30 11:54:59', 0, 1, 0, 0);
INSERT INTO `notifications` (`id`, `user_id`, `title`, `message`, `date_time`, `is_delete`, `is_read`, `is_admin`, `is_custom`) VALUES ('2150', '162', 'Completed Order', 'Order Completed : O00928', '2023-01-30 11:55:30', 0, 1, 0, 0);
INSERT INTO `notifications` (`id`, `user_id`, `title`, `message`, `date_time`, `is_delete`, `is_read`, `is_admin`, `is_custom`) VALUES ('2151', '6', 'New Order', 'New Order Placed : O00929', '2023-01-30 11:55:42', 0, 0, 0, 0);
INSERT INTO `notifications` (`id`, `user_id`, `title`, `message`, `date_time`, `is_delete`, `is_read`, `is_admin`, `is_custom`) VALUES ('2152', '85', 'New Order', 'New Order Placed : O00929', '2023-01-30 11:55:42', 0, 0, 0, 0);
INSERT INTO `notifications` (`id`, `user_id`, `title`, `message`, `date_time`, `is_delete`, `is_read`, `is_admin`, `is_custom`) VALUES ('2153', '133', 'New Order', 'New Order Placed : O00929', '2023-01-30 11:55:42', 0, 0, 0, 0);
INSERT INTO `notifications` (`id`, `user_id`, `title`, `message`, `date_time`, `is_delete`, `is_read`, `is_admin`, `is_custom`) VALUES ('2154', '6', 'New Order', 'New Order Placed : O00930', '2023-01-30 11:57:55', 0, 0, 0, 0);
INSERT INTO `notifications` (`id`, `user_id`, `title`, `message`, `date_time`, `is_delete`, `is_read`, `is_admin`, `is_custom`) VALUES ('2155', '85', 'New Order', 'New Order Placed : O00930', '2023-01-30 11:57:55', 0, 0, 0, 0);
INSERT INTO `notifications` (`id`, `user_id`, `title`, `message`, `date_time`, `is_delete`, `is_read`, `is_admin`, `is_custom`) VALUES ('2156', '133', 'New Order', 'New Order Placed : O00930', '2023-01-30 11:57:55', 0, 0, 0, 0);
INSERT INTO `notifications` (`id`, `user_id`, `title`, `message`, `date_time`, `is_delete`, `is_read`, `is_admin`, `is_custom`) VALUES ('2157', '19', 'New Order', 'New Order Placed : O00930', '2023-01-30 11:57:55', 0, 1, 0, 0);
INSERT INTO `notifications` (`id`, `user_id`, `title`, `message`, `date_time`, `is_delete`, `is_read`, `is_admin`, `is_custom`) VALUES ('2158', '162', 'Accepted Order', 'Order Accepted : O00930', '2023-01-30 11:58:53', 0, 1, 0, 0);
INSERT INTO `notifications` (`id`, `user_id`, `title`, `message`, `date_time`, `is_delete`, `is_read`, `is_admin`, `is_custom`) VALUES ('2160', '162', 'Reach Order', 'Transporter reached depot Order : O00930', '2023-01-30 11:59:14', 0, 1, 0, 0);
INSERT INTO `notifications` (`id`, `user_id`, `title`, `message`, `date_time`, `is_delete`, `is_read`, `is_admin`, `is_custom`) VALUES ('2161', '6', 'New Order', 'New Order Placed : O00931', '2023-01-30 12:03:27', 0, 0, 0, 0);
INSERT INTO `notifications` (`id`, `user_id`, `title`, `message`, `date_time`, `is_delete`, `is_read`, `is_admin`, `is_custom`) VALUES ('2162', '85', 'New Order', 'New Order Placed : O00931', '2023-01-30 12:03:27', 0, 0, 0, 0);
INSERT INTO `notifications` (`id`, `user_id`, `title`, `message`, `date_time`, `is_delete`, `is_read`, `is_admin`, `is_custom`) VALUES ('2163', '133', 'New Order', 'New Order Placed : O00931', '2023-01-30 12:03:27', 0, 0, 0, 0);
INSERT INTO `notifications` (`id`, `user_id`, `title`, `message`, `date_time`, `is_delete`, `is_read`, `is_admin`, `is_custom`) VALUES ('2164', '19', 'New Order', 'New Order Placed : O00931', '2023-01-30 12:03:27', 0, 1, 0, 0);
INSERT INTO `notifications` (`id`, `user_id`, `title`, `message`, `date_time`, `is_delete`, `is_read`, `is_admin`, `is_custom`) VALUES ('2165', '162', 'Accepted Order', 'Order Accepted : O00931', '2023-01-30 12:03:39', 0, 1, 0, 0);
INSERT INTO `notifications` (`id`, `user_id`, `title`, `message`, `date_time`, `is_delete`, `is_read`, `is_admin`, `is_custom`) VALUES ('2167', '162', 'Reach Order', 'Transporter reached depot Order : O00931', '2023-01-30 12:06:21', 0, 1, 0, 0);
INSERT INTO `notifications` (`id`, `user_id`, `title`, `message`, `date_time`, `is_delete`, `is_read`, `is_admin`, `is_custom`) VALUES ('2168', '162', 'Loaded Order', 'Transporter collected fuel Order : O00931', '2023-01-30 12:06:32', 0, 1, 0, 0);
INSERT INTO `notifications` (`id`, `user_id`, `title`, `message`, `date_time`, `is_delete`, `is_read`, `is_admin`, `is_custom`) VALUES ('2169', '162', 'Completed Order', 'Order Completed : O00931', '2023-01-30 12:07:20', 0, 1, 0, 0);
INSERT INTO `notifications` (`id`, `user_id`, `title`, `message`, `date_time`, `is_delete`, `is_read`, `is_admin`, `is_custom`) VALUES ('2170', '6', 'New Order', 'New Order Placed : O00932', '2023-01-30 12:09:25', 0, 0, 0, 0);
INSERT INTO `notifications` (`id`, `user_id`, `title`, `message`, `date_time`, `is_delete`, `is_read`, `is_admin`, `is_custom`) VALUES ('2171', '85', 'New Order', 'New Order Placed : O00932', '2023-01-30 12:09:25', 0, 0, 0, 0);
INSERT INTO `notifications` (`id`, `user_id`, `title`, `message`, `date_time`, `is_delete`, `is_read`, `is_admin`, `is_custom`) VALUES ('2172', '133', 'New Order', 'New Order Placed : O00932', '2023-01-30 12:09:25', 0, 0, 0, 0);
INSERT INTO `notifications` (`id`, `user_id`, `title`, `message`, `date_time`, `is_delete`, `is_read`, `is_admin`, `is_custom`) VALUES ('2173', '19', 'New Order', 'New Order Placed : O00932', '2023-01-30 12:09:25', 0, 1, 0, 0);
INSERT INTO `notifications` (`id`, `user_id`, `title`, `message`, `date_time`, `is_delete`, `is_read`, `is_admin`, `is_custom`) VALUES ('2175', '162', 'Reach Order', 'Transporter reached depot Order : O00932', '2023-01-30 12:16:02', 0, 1, 0, 0);
INSERT INTO `notifications` (`id`, `user_id`, `title`, `message`, `date_time`, `is_delete`, `is_read`, `is_admin`, `is_custom`) VALUES ('2176', '162', 'Loaded Order', 'Transporter collected fuel Order : O00932', '2023-01-30 12:16:08', 0, 1, 0, 0);
INSERT INTO `notifications` (`id`, `user_id`, `title`, `message`, `date_time`, `is_delete`, `is_read`, `is_admin`, `is_custom`) VALUES ('2177', '162', 'Completed Order', 'Order Completed : O00932', '2023-01-30 12:16:27', 0, 1, 0, 0);
INSERT INTO `notifications` (`id`, `user_id`, `title`, `message`, `date_time`, `is_delete`, `is_read`, `is_admin`, `is_custom`) VALUES ('2178', '6', 'New Order', 'New Order Placed : O00933', '2023-01-30 12:19:28', 0, 0, 0, 0);
INSERT INTO `notifications` (`id`, `user_id`, `title`, `message`, `date_time`, `is_delete`, `is_read`, `is_admin`, `is_custom`) VALUES ('2179', '85', 'New Order', 'New Order Placed : O00933', '2023-01-30 12:19:28', 0, 0, 0, 0);
INSERT INTO `notifications` (`id`, `user_id`, `title`, `message`, `date_time`, `is_delete`, `is_read`, `is_admin`, `is_custom`) VALUES ('2180', '133', 'New Order', 'New Order Placed : O00933', '2023-01-30 12:19:28', 0, 0, 0, 0);
INSERT INTO `notifications` (`id`, `user_id`, `title`, `message`, `date_time`, `is_delete`, `is_read`, `is_admin`, `is_custom`) VALUES ('2181', '19', 'New Order', 'New Order Placed : O00933', '2023-01-30 12:19:28', 0, 1, 0, 0);
INSERT INTO `notifications` (`id`, `user_id`, `title`, `message`, `date_time`, `is_delete`, `is_read`, `is_admin`, `is_custom`) VALUES ('2184', '1', 'New Order', 'New Order Placed : O00937', '2023-01-30 12:30:46', 0, 0, 1, 0);
INSERT INTO `notifications` (`id`, `user_id`, `title`, `message`, `date_time`, `is_delete`, `is_read`, `is_admin`, `is_custom`) VALUES ('2185', '6', 'New Order', 'New Order Placed : O00938', '2023-01-30 12:46:43', 0, 0, 0, 0);
INSERT INTO `notifications` (`id`, `user_id`, `title`, `message`, `date_time`, `is_delete`, `is_read`, `is_admin`, `is_custom`) VALUES ('2186', '85', 'New Order', 'New Order Placed : O00938', '2023-01-30 12:46:43', 0, 0, 0, 0);
INSERT INTO `notifications` (`id`, `user_id`, `title`, `message`, `date_time`, `is_delete`, `is_read`, `is_admin`, `is_custom`) VALUES ('2187', '133', 'New Order', 'New Order Placed : O00938', '2023-01-30 12:46:43', 0, 0, 0, 0);
INSERT INTO `notifications` (`id`, `user_id`, `title`, `message`, `date_time`, `is_delete`, `is_read`, `is_admin`, `is_custom`) VALUES ('2188', '19', 'New Order', 'New Order Placed : O00938', '2023-01-30 12:46:43', 0, 1, 0, 0);
INSERT INTO `notifications` (`id`, `user_id`, `title`, `message`, `date_time`, `is_delete`, `is_read`, `is_admin`, `is_custom`) VALUES ('2189', '133', 'Assigned Order', 'Order Assigned : O00938', '2023-01-30 12:48:04', 0, 0, 0, 0);
INSERT INTO `notifications` (`id`, `user_id`, `title`, `message`, `date_time`, `is_delete`, `is_read`, `is_admin`, `is_custom`) VALUES ('2190', '6', 'New Order', 'New Order Placed : O00939', '2023-01-30 18:09:17', 0, 0, 0, 0);
INSERT INTO `notifications` (`id`, `user_id`, `title`, `message`, `date_time`, `is_delete`, `is_read`, `is_admin`, `is_custom`) VALUES ('2191', '85', 'New Order', 'New Order Placed : O00939', '2023-01-30 18:09:17', 0, 0, 0, 0);
INSERT INTO `notifications` (`id`, `user_id`, `title`, `message`, `date_time`, `is_delete`, `is_read`, `is_admin`, `is_custom`) VALUES ('2192', '133', 'New Order', 'New Order Placed : O00939', '2023-01-30 18:09:17', 0, 0, 0, 0);
INSERT INTO `notifications` (`id`, `user_id`, `title`, `message`, `date_time`, `is_delete`, `is_read`, `is_admin`, `is_custom`) VALUES ('2193', '19', 'New Order', 'New Order Placed : O00939', '2023-01-30 18:09:17', 0, 1, 0, 0);
INSERT INTO `notifications` (`id`, `user_id`, `title`, `message`, `date_time`, `is_delete`, `is_read`, `is_admin`, `is_custom`) VALUES ('2194', '6', 'New Order', 'New Order Placed : O00940', '2023-01-30 18:20:53', 0, 0, 0, 0);
INSERT INTO `notifications` (`id`, `user_id`, `title`, `message`, `date_time`, `is_delete`, `is_read`, `is_admin`, `is_custom`) VALUES ('2195', '85', 'New Order', 'New Order Placed : O00940', '2023-01-30 18:20:53', 0, 0, 0, 0);
INSERT INTO `notifications` (`id`, `user_id`, `title`, `message`, `date_time`, `is_delete`, `is_read`, `is_admin`, `is_custom`) VALUES ('2196', '133', 'New Order', 'New Order Placed : O00940', '2023-01-30 18:20:53', 0, 0, 0, 0);
INSERT INTO `notifications` (`id`, `user_id`, `title`, `message`, `date_time`, `is_delete`, `is_read`, `is_admin`, `is_custom`) VALUES ('2197', '19', 'New Order', 'New Order Placed : O00940', '2023-01-30 18:20:53', 0, 1, 0, 0);
INSERT INTO `notifications` (`id`, `user_id`, `title`, `message`, `date_time`, `is_delete`, `is_read`, `is_admin`, `is_custom`) VALUES ('2198', '162', 'Accepted Order', 'Order Accepted : O00940', '2023-01-30 18:21:03', 0, 1, 0, 0);
INSERT INTO `notifications` (`id`, `user_id`, `title`, `message`, `date_time`, `is_delete`, `is_read`, `is_admin`, `is_custom`) VALUES ('2199', '3', 'test ', 'test message test message', '2023-01-31 12:32:13', 0, 1, 1, 1);
INSERT INTO `notifications` (`id`, `user_id`, `title`, `message`, `date_time`, `is_delete`, `is_read`, `is_admin`, `is_custom`) VALUES ('2200', '3', 'test message', 'test message test messagetest message', '2023-01-31 13:05:10', 0, 0, 1, 1);
INSERT INTO `notifications` (`id`, `user_id`, `title`, `message`, `date_time`, `is_delete`, `is_read`, `is_admin`, `is_custom`) VALUES ('2201', '19', 'test ', 'test message test message test message', '2023-01-31 13:06:37', 0, 1, 1, 1);
INSERT INTO `notifications` (`id`, `user_id`, `title`, `message`, `date_time`, `is_delete`, `is_read`, `is_admin`, `is_custom`) VALUES ('2202', '133', 'test ', 'test message test message test message', '2023-01-31 13:06:37', 0, 0, 1, 1);
INSERT INTO `notifications` (`id`, `user_id`, `title`, `message`, `date_time`, `is_delete`, `is_read`, `is_admin`, `is_custom`) VALUES ('2203', '85', 'New Order', 'New Order Placed : O00941', '2023-01-31 15:24:24', 0, 0, 0, 0);
INSERT INTO `notifications` (`id`, `user_id`, `title`, `message`, `date_time`, `is_delete`, `is_read`, `is_admin`, `is_custom`) VALUES ('2204', '133', 'New Order', 'New Order Placed : O00941', '2023-01-31 15:24:24', 0, 0, 0, 0);
INSERT INTO `notifications` (`id`, `user_id`, `title`, `message`, `date_time`, `is_delete`, `is_read`, `is_admin`, `is_custom`) VALUES ('2205', '19', 'New Order', 'New Order Placed : O00941', '2023-01-31 15:24:24', 0, 1, 0, 0);
INSERT INTO `notifications` (`id`, `user_id`, `title`, `message`, `date_time`, `is_delete`, `is_read`, `is_admin`, `is_custom`) VALUES ('2212', '68', 'Completed Order', 'Order Completed : O00870', '2023-01-31 15:36:41', 0, 1, 0, 0);
INSERT INTO `notifications` (`id`, `user_id`, `title`, `message`, `date_time`, `is_delete`, `is_read`, `is_admin`, `is_custom`) VALUES ('2213', '19', 'hello kr', 'your gujgyiuyiuojiokdfgksgsfghghstr', '2023-01-31 15:39:05', 0, 1, 1, 1);
INSERT INTO `notifications` (`id`, `user_id`, `title`, `message`, `date_time`, `is_delete`, `is_read`, `is_admin`, `is_custom`) VALUES ('2214', '19', 'rers', 'sretryetytyrgegaergsregbstrgsertga', '2023-01-31 15:39:30', 0, 1, 1, 1);
INSERT INTO `notifications` (`id`, `user_id`, `title`, `message`, `date_time`, `is_delete`, `is_read`, `is_admin`, `is_custom`) VALUES ('2215', '19', 'New Order', 'New Order Placed : O00942', '2023-01-31 15:40:25', 0, 1, 0, 0);
INSERT INTO `notifications` (`id`, `user_id`, `title`, `message`, `date_time`, `is_delete`, `is_read`, `is_admin`, `is_custom`) VALUES ('2216', '85', 'New Order', 'New Order Placed : O00942', '2023-01-31 15:40:25', 0, 0, 0, 0);
INSERT INTO `notifications` (`id`, `user_id`, `title`, `message`, `date_time`, `is_delete`, `is_read`, `is_admin`, `is_custom`) VALUES ('2217', '133', 'New Order', 'New Order Placed : O00942', '2023-01-31 15:40:25', 0, 0, 0, 0);
INSERT INTO `notifications` (`id`, `user_id`, `title`, `message`, `date_time`, `is_delete`, `is_read`, `is_admin`, `is_custom`) VALUES ('2218', '19', 'New Order', 'New Order Placed : O00943', '2023-01-31 15:41:26', 0, 1, 0, 0);
INSERT INTO `notifications` (`id`, `user_id`, `title`, `message`, `date_time`, `is_delete`, `is_read`, `is_admin`, `is_custom`) VALUES ('2219', '85', 'New Order', 'New Order Placed : O00943', '2023-01-31 15:41:26', 0, 0, 0, 0);
INSERT INTO `notifications` (`id`, `user_id`, `title`, `message`, `date_time`, `is_delete`, `is_read`, `is_admin`, `is_custom`) VALUES ('2220', '133', 'New Order', 'New Order Placed : O00943', '2023-01-31 15:41:26', 0, 0, 0, 0);
INSERT INTO `notifications` (`id`, `user_id`, `title`, `message`, `date_time`, `is_delete`, `is_read`, `is_admin`, `is_custom`) VALUES ('2221', '19', 'New Order', 'New Order Placed : O00944', '2023-01-31 18:48:57', 0, 1, 0, 0);
INSERT INTO `notifications` (`id`, `user_id`, `title`, `message`, `date_time`, `is_delete`, `is_read`, `is_admin`, `is_custom`) VALUES ('2222', '85', 'New Order', 'New Order Placed : O00944', '2023-01-31 18:48:57', 0, 0, 0, 0);
INSERT INTO `notifications` (`id`, `user_id`, `title`, `message`, `date_time`, `is_delete`, `is_read`, `is_admin`, `is_custom`) VALUES ('2223', '133', 'New Order', 'New Order Placed : O00944', '2023-01-31 18:48:57', 0, 0, 0, 0);
INSERT INTO `notifications` (`id`, `user_id`, `title`, `message`, `date_time`, `is_delete`, `is_read`, `is_admin`, `is_custom`) VALUES ('2224', '19', 'New Order', 'New Order Placed : O00945', '2023-01-31 18:50:58', 0, 1, 0, 0);
INSERT INTO `notifications` (`id`, `user_id`, `title`, `message`, `date_time`, `is_delete`, `is_read`, `is_admin`, `is_custom`) VALUES ('2225', '85', 'New Order', 'New Order Placed : O00945', '2023-01-31 18:50:58', 0, 0, 0, 0);
INSERT INTO `notifications` (`id`, `user_id`, `title`, `message`, `date_time`, `is_delete`, `is_read`, `is_admin`, `is_custom`) VALUES ('2226', '133', 'New Order', 'New Order Placed : O00945', '2023-01-31 18:50:58', 0, 0, 0, 0);
INSERT INTO `notifications` (`id`, `user_id`, `title`, `message`, `date_time`, `is_delete`, `is_read`, `is_admin`, `is_custom`) VALUES ('2227', '19', 'New Order', 'New Order Placed : O00956', '2023-02-01 11:01:21', 0, 1, 0, 0);
INSERT INTO `notifications` (`id`, `user_id`, `title`, `message`, `date_time`, `is_delete`, `is_read`, `is_admin`, `is_custom`) VALUES ('2228', '85', 'New Order', 'New Order Placed : O00956', '2023-02-01 11:01:21', 0, 0, 0, 0);
INSERT INTO `notifications` (`id`, `user_id`, `title`, `message`, `date_time`, `is_delete`, `is_read`, `is_admin`, `is_custom`) VALUES ('2229', '133', 'New Order', 'New Order Placed : O00956', '2023-02-01 11:01:21', 0, 0, 0, 0);
INSERT INTO `notifications` (`id`, `user_id`, `title`, `message`, `date_time`, `is_delete`, `is_read`, `is_admin`, `is_custom`) VALUES ('2230', '19', 'Feedback', 'Feedback Rating : 3 star Nice\\nhello', '2023-02-01 15:18:20', 0, 1, 0, 0);
INSERT INTO `notifications` (`id`, `user_id`, `title`, `message`, `date_time`, `is_delete`, `is_read`, `is_admin`, `is_custom`) VALUES ('2231', '19', 'New Order', 'New Order Placed : O00974', '2023-02-01 15:18:23', 0, 1, 0, 0);
INSERT INTO `notifications` (`id`, `user_id`, `title`, `message`, `date_time`, `is_delete`, `is_read`, `is_admin`, `is_custom`) VALUES ('2232', '85', 'New Order', 'New Order Placed : O00974', '2023-02-01 15:18:23', 0, 0, 0, 0);
INSERT INTO `notifications` (`id`, `user_id`, `title`, `message`, `date_time`, `is_delete`, `is_read`, `is_admin`, `is_custom`) VALUES ('2233', '133', 'New Order', 'New Order Placed : O00974', '2023-02-01 15:18:23', 0, 0, 0, 0);
INSERT INTO `notifications` (`id`, `user_id`, `title`, `message`, `date_time`, `is_delete`, `is_read`, `is_admin`, `is_custom`) VALUES ('2234', '68', 'Accepted Order', 'Order Accepted : O00974', '2023-02-01 15:18:31', 0, 1, 0, 0);
INSERT INTO `notifications` (`id`, `user_id`, `title`, `message`, `date_time`, `is_delete`, `is_read`, `is_admin`, `is_custom`) VALUES ('2235', '68', 'Reach Order', 'Transporter reached depot Order : O00974', '2023-02-01 15:18:58', 0, 1, 0, 0);
INSERT INTO `notifications` (`id`, `user_id`, `title`, `message`, `date_time`, `is_delete`, `is_read`, `is_admin`, `is_custom`) VALUES ('2236', '68', 'Loaded Order', 'Transporter collected fuel Order : O00974', '2023-02-01 15:19:23', 0, 1, 0, 0);
INSERT INTO `notifications` (`id`, `user_id`, `title`, `message`, `date_time`, `is_delete`, `is_read`, `is_admin`, `is_custom`) VALUES ('2237', '68', 'test', 'eqwipetrol eqwipetrol eqwipetrol', '2023-02-01 15:20:10', 0, 1, 1, 1);
INSERT INTO `notifications` (`id`, `user_id`, `title`, `message`, `date_time`, `is_delete`, `is_read`, `is_admin`, `is_custom`) VALUES ('2238', '19', 'Ticket Raised', 'Ticket Number : TK00041', '2023-02-01 15:20:18', 0, 1, 0, 0);
INSERT INTO `notifications` (`id`, `user_id`, `title`, `message`, `date_time`, `is_delete`, `is_read`, `is_admin`, `is_custom`) VALUES ('2239', '19', '1', 'sdfsdfdg dsgdfg  esfdsgdfgd', '2023-02-01 15:20:28', 0, 1, 1, 1);
INSERT INTO `notifications` (`id`, `user_id`, `title`, `message`, `date_time`, `is_delete`, `is_read`, `is_admin`, `is_custom`) VALUES ('2240', '19', 'test', 'eqwipetrol eqwipetrol eqwipetrol', '2023-02-01 15:21:02', 0, 1, 1, 1);
INSERT INTO `notifications` (`id`, `user_id`, `title`, `message`, `date_time`, `is_delete`, `is_read`, `is_admin`, `is_custom`) VALUES ('2241', '19', 'New Order', 'New Order Placed : O00975', '2023-02-01 15:38:53', 0, 0, 0, 0);
INSERT INTO `notifications` (`id`, `user_id`, `title`, `message`, `date_time`, `is_delete`, `is_read`, `is_admin`, `is_custom`) VALUES ('2242', '85', 'New Order', 'New Order Placed : O00975', '2023-02-01 15:38:53', 0, 0, 0, 0);
INSERT INTO `notifications` (`id`, `user_id`, `title`, `message`, `date_time`, `is_delete`, `is_read`, `is_admin`, `is_custom`) VALUES ('2243', '133', 'New Order', 'New Order Placed : O00975', '2023-02-01 15:38:53', 0, 0, 0, 0);
INSERT INTO `notifications` (`id`, `user_id`, `title`, `message`, `date_time`, `is_delete`, `is_read`, `is_admin`, `is_custom`) VALUES ('2244', '107', 'Accepted Order', 'Order Accepted : O00975', '2023-02-01 15:39:29', 0, 0, 0, 0);
INSERT INTO `notifications` (`id`, `user_id`, `title`, `message`, `date_time`, `is_delete`, `is_read`, `is_admin`, `is_custom`) VALUES ('2245', '19', 'New Order', 'New Order Placed : O00976', '2023-02-01 15:40:39', 0, 0, 0, 0);
INSERT INTO `notifications` (`id`, `user_id`, `title`, `message`, `date_time`, `is_delete`, `is_read`, `is_admin`, `is_custom`) VALUES ('2246', '85', 'New Order', 'New Order Placed : O00976', '2023-02-01 15:40:39', 0, 0, 0, 0);
INSERT INTO `notifications` (`id`, `user_id`, `title`, `message`, `date_time`, `is_delete`, `is_read`, `is_admin`, `is_custom`) VALUES ('2247', '133', 'New Order', 'New Order Placed : O00976', '2023-02-01 15:40:39', 0, 0, 0, 0);
INSERT INTO `notifications` (`id`, `user_id`, `title`, `message`, `date_time`, `is_delete`, `is_read`, `is_admin`, `is_custom`) VALUES ('2248', '107', 'Accepted Order', 'Order Accepted : O00976', '2023-02-01 15:41:15', 0, 0, 0, 0);
INSERT INTO `notifications` (`id`, `user_id`, `title`, `message`, `date_time`, `is_delete`, `is_read`, `is_admin`, `is_custom`) VALUES ('2249', '19', 'New Order', 'New Order Placed : O00977', '2023-02-01 17:08:34', 0, 0, 0, 0);
INSERT INTO `notifications` (`id`, `user_id`, `title`, `message`, `date_time`, `is_delete`, `is_read`, `is_admin`, `is_custom`) VALUES ('2250', '85', 'New Order', 'New Order Placed : O00977', '2023-02-01 17:08:34', 0, 0, 0, 0);
INSERT INTO `notifications` (`id`, `user_id`, `title`, `message`, `date_time`, `is_delete`, `is_read`, `is_admin`, `is_custom`) VALUES ('2251', '133', 'New Order', 'New Order Placed : O00977', '2023-02-01 17:08:34', 0, 0, 0, 0);
INSERT INTO `notifications` (`id`, `user_id`, `title`, `message`, `date_time`, `is_delete`, `is_read`, `is_admin`, `is_custom`) VALUES ('2252', '19', 'New Order', 'New Order Placed : O00980', '2023-02-01 17:27:35', 0, 0, 0, 0);
INSERT INTO `notifications` (`id`, `user_id`, `title`, `message`, `date_time`, `is_delete`, `is_read`, `is_admin`, `is_custom`) VALUES ('2253', '85', 'New Order', 'New Order Placed : O00980', '2023-02-01 17:27:35', 0, 0, 0, 0);
INSERT INTO `notifications` (`id`, `user_id`, `title`, `message`, `date_time`, `is_delete`, `is_read`, `is_admin`, `is_custom`) VALUES ('2254', '133', 'New Order', 'New Order Placed : O00980', '2023-02-01 17:27:35', 0, 0, 0, 0);
INSERT INTO `notifications` (`id`, `user_id`, `title`, `message`, `date_time`, `is_delete`, `is_read`, `is_admin`, `is_custom`) VALUES ('2255', '19', 'New Order', 'New Order Placed : O00981', '2023-02-01 17:35:19', 0, 0, 0, 0);
INSERT INTO `notifications` (`id`, `user_id`, `title`, `message`, `date_time`, `is_delete`, `is_read`, `is_admin`, `is_custom`) VALUES ('2256', '85', 'New Order', 'New Order Placed : O00981', '2023-02-01 17:35:19', 0, 0, 0, 0);
INSERT INTO `notifications` (`id`, `user_id`, `title`, `message`, `date_time`, `is_delete`, `is_read`, `is_admin`, `is_custom`) VALUES ('2257', '133', 'New Order', 'New Order Placed : O00981', '2023-02-01 17:35:19', 0, 0, 0, 0);
INSERT INTO `notifications` (`id`, `user_id`, `title`, `message`, `date_time`, `is_delete`, `is_read`, `is_admin`, `is_custom`) VALUES ('2258', '180', 'Completed Order', 'Order Completed : O00980', '2023-02-01 17:43:05', 0, 0, 0, 0);
INSERT INTO `notifications` (`id`, `user_id`, `title`, `message`, `date_time`, `is_delete`, `is_read`, `is_admin`, `is_custom`) VALUES ('2259', '68', 'Completed Order', 'Order Completed : O00981', '2023-02-01 17:51:53', 0, 0, 0, 0);
INSERT INTO `notifications` (`id`, `user_id`, `title`, `message`, `date_time`, `is_delete`, `is_read`, `is_admin`, `is_custom`) VALUES ('2260', '19', 'Ticket Resolved', 'Ticket Number : TK00041', '2023-02-01 18:34:36', 0, 0, 0, 0);


#
# TABLE STRUCTURE FOR: option_setting
#

DROP TABLE IF EXISTS `option_setting`;

CREATE TABLE `option_setting` (
  `id` int(11) NOT NULL AUTO_INCREMENT,
  `title` varchar(255) NOT NULL,
  `value` text NOT NULL,
  `option_type` varchar(100) NOT NULL,
  `updated_date` datetime DEFAULT NULL,
  PRIMARY KEY (`id`)
) ENGINE=InnoDB AUTO_INCREMENT=44 DEFAULT CHARSET=latin1;

INSERT INTO `option_setting` (`id`, `title`, `value`, `option_type`, `updated_date`) VALUES (1, 'site_logo', 'logo_7291666159191.png', 'site_setting', '2022-10-19 11:29:51');
INSERT INTO `option_setting` (`id`, `title`, `value`, `option_type`, `updated_date`) VALUES (2, 'currency_code', 'K', 'site_setting', '2023-02-01 17:13:00');
INSERT INTO `option_setting` (`id`, `title`, `value`, `option_type`, `updated_date`) VALUES (3, 'currency_symbol', 'KES', 'site_setting', '2023-02-01 17:13:00');
INSERT INTO `option_setting` (`id`, `title`, `value`, `option_type`, `updated_date`) VALUES (4, 'push_notification_key', 'AAAAZ32E99I:APA91bHIcLkaRbeHQqKy3p_CVIF88LdIsN7xja2MDHcSFVv3PF0TXXYuzRDElYk4UFQZk97cnCst3NgSQxEcw8kg29QWzdjjF-el0p0CsbpLgmLIX3YjXyhn96CpErc70t6-yHnUNHCC', 'site_setting', '2023-02-01 17:13:00');
INSERT INTO `option_setting` (`id`, `title`, `value`, `option_type`, `updated_date`) VALUES (5, 'about_body', '<p>hiii</p>', 'cms_pages', '2023-01-17 16:45:32');
INSERT INTO `option_setting` (`id`, `title`, `value`, `option_type`, `updated_date`) VALUES (6, 'terms_body', '<p>terms</p>', 'cms_pages', '2023-01-17 16:45:32');
INSERT INTO `option_setting` (`id`, `title`, `value`, `option_type`, `updated_date`) VALUES (7, 'privacy_policy', '<p>test privacy</p>', 'cms_pages', '2023-01-17 16:45:32');
INSERT INTO `option_setting` (`id`, `title`, `value`, `option_type`, `updated_date`) VALUES (8, 'contact_us_image', 'contact_us_5151666185334.png', 'contact_us', '2022-10-19 18:45:34');
INSERT INTO `option_setting` (`id`, `title`, `value`, `option_type`, `updated_date`) VALUES (9, 'contact_website_url', 'https://colormoon.in/eqwi_petrol/admin/setting/contact_us', 'contact_us', '2023-01-20 16:06:25');
INSERT INTO `option_setting` (`id`, `title`, `value`, `option_type`, `updated_date`) VALUES (10, 'contact_address', 'surat', 'contact_us', '2023-01-20 16:06:25');
INSERT INTO `option_setting` (`id`, `title`, `value`, `option_type`, `updated_date`) VALUES (11, 'contact_landline_no', '0261-123456', 'contact_us', '2023-01-20 16:06:25');
INSERT INTO `option_setting` (`id`, `title`, `value`, `option_type`, `updated_date`) VALUES (12, 'contact_email', 'connect@eqwi.com', 'contact_us', '2023-01-20 16:06:25');
INSERT INTO `option_setting` (`id`, `title`, `value`, `option_type`, `updated_date`) VALUES (13, 'contact_mobile_no', '9876543210', 'contact_us', '2023-01-20 16:06:25');
INSERT INTO `option_setting` (`id`, `title`, `value`, `option_type`, `updated_date`) VALUES (14, 'shipping_charge', '100', 'site_setting', '2023-02-01 17:13:00');
INSERT INTO `option_setting` (`id`, `title`, `value`, `option_type`, `updated_date`) VALUES (15, 'tax', '20', 'site_setting', '2023-02-01 17:13:00');
INSERT INTO `option_setting` (`id`, `title`, `value`, `option_type`, `updated_date`) VALUES (18, 'transporter_accept_time', '20', 'site_setting', '2023-02-01 17:13:00');
INSERT INTO `option_setting` (`id`, `title`, `value`, `option_type`, `updated_date`) VALUES (19, 'google_map_api_key', 'AIzaSyANKvvGW7sjJjBs_VR2iaV87RPXYi0auLg', 'site_setting', '2023-02-01 17:13:00');
INSERT INTO `option_setting` (`id`, `title`, `value`, `option_type`, `updated_date`) VALUES (20, 'site_address', 'Qwp2+3xr,00300,Nairobi City,Nairobi Country,Kenya', 'site_setting', '2023-02-01 17:13:00');
INSERT INTO `option_setting` (`id`, `title`, `value`, `option_type`, `updated_date`) VALUES (21, 'latitude', '-1.291020', 'site_setting', '2023-02-01 17:13:00');
INSERT INTO `option_setting` (`id`, `title`, `value`, `option_type`, `updated_date`) VALUES (22, 'longitude', '36.821390', 'site_setting', '2023-02-01 17:13:00');
INSERT INTO `option_setting` (`id`, `title`, `value`, `option_type`, `updated_date`) VALUES (23, 'nearby_delivery_radius', '50', 'site_setting', '2022-11-24 12:22:42');
INSERT INTO `option_setting` (`id`, `title`, `value`, `option_type`, `updated_date`) VALUES (24, 'nearby_pickup_radius', '10000', 'site_setting', '2023-02-01 17:13:00');
INSERT INTO `option_setting` (`id`, `title`, `value`, `option_type`, `updated_date`) VALUES (25, 'service_available_radius', '10000', 'site_setting', '2023-02-01 17:13:00');
INSERT INTO `option_setting` (`id`, `title`, `value`, `option_type`, `updated_date`) VALUES (26, 'site_contact_no', '9876543210', 'site_setting', '2023-02-01 17:13:00');
INSERT INTO `option_setting` (`id`, `title`, `value`, `option_type`, `updated_date`) VALUES (27, 'display_advertisement', 'Both', 'site_setting', '2023-02-01 17:13:00');
INSERT INTO `option_setting` (`id`, `title`, `value`, `option_type`, `updated_date`) VALUES (28, 'contact_description', 'test description', 'contact_us', '2023-01-20 16:06:25');
INSERT INTO `option_setting` (`id`, `title`, `value`, `option_type`, `updated_date`) VALUES (29, 'pg_client_key', 'ccceee1ddbd1422f84bf9f5bda4bebf93a4a26b6e40e489aa7c44e324967e24ba989f4e961884ead8a5e7c0203350c6a', 'payment_gateway_setting', '2022-12-02 16:04:55');
INSERT INTO `option_setting` (`id`, `title`, `value`, `option_type`, `updated_date`) VALUES (30, 'pg_checksum_key', '2ZAsrJIpUEE46GD0Td1csOmM9XVwKSNNC17iM', 'payment_gateway_setting', '2022-12-02 16:04:55');
INSERT INTO `option_setting` (`id`, `title`, `value`, `option_type`, `updated_date`) VALUES (31, 'test_pg_url', 'https://checkout-test.jambopay.co.ke', 'payment_gateway_setting', '2022-12-02 16:04:55');
INSERT INTO `option_setting` (`id`, `title`, `value`, `option_type`, `updated_date`) VALUES (32, 'live_pg_url', 'https://checkout.jambopay.com', 'payment_gateway_setting', '2022-12-02 16:04:55');
INSERT INTO `option_setting` (`id`, `title`, `value`, `option_type`, `updated_date`) VALUES (33, 'client_email', 'eqwipetrol@jambopay.com', 'payment_gateway_setting', '2022-12-02 16:04:55');
INSERT INTO `option_setting` (`id`, `title`, `value`, `option_type`, `updated_date`) VALUES (34, 'smtp_host', 'smtp-relay.sendinblue.com', 'email_setting', '2023-01-17 17:23:07');
INSERT INTO `option_setting` (`id`, `title`, `value`, `option_type`, `updated_date`) VALUES (35, 'smtp_user', 'annapurnavdevarakonda@gmail.com', 'email_setting', '2023-01-17 17:23:07');
INSERT INTO `option_setting` (`id`, `title`, `value`, `option_type`, `updated_date`) VALUES (36, 'smtp_password', 'gxBMrXWT8FZO7Ika', 'email_setting', '2023-01-17 17:23:07');
INSERT INTO `option_setting` (`id`, `title`, `value`, `option_type`, `updated_date`) VALUES (37, 'smtp_port', '587', 'email_setting', '2023-01-17 17:23:07');
INSERT INTO `option_setting` (`id`, `title`, `value`, `option_type`, `updated_date`) VALUES (38, 'android_app_version', '1', 'app_version', '2023-01-13 12:13:18');
INSERT INTO `option_setting` (`id`, `title`, `value`, `option_type`, `updated_date`) VALUES (39, 'ios_app_version', '1', 'app_version', '2023-01-13 12:13:18');
INSERT INTO `option_setting` (`id`, `title`, `value`, `option_type`, `updated_date`) VALUES (40, 'invoice_amount', '100000', 'site_setting', '2023-02-01 17:13:00');
INSERT INTO `option_setting` (`id`, `title`, `value`, `option_type`, `updated_date`) VALUES (41, 'sms_url', 'https://api.tililtech.com/sms/v3/sendsms', 'sms', '2023-01-17 16:45:15');
INSERT INTO `option_setting` (`id`, `title`, `value`, `option_type`, `updated_date`) VALUES (42, 'api_key', 'fKLO8d7uUCl1sG234W9Jp6IqoaBQjNP0vXtgkEyxznDRFwmVZSibcAYHMThe5r', 'sms', '2023-01-17 16:45:15');
INSERT INTO `option_setting` (`id`, `title`, `value`, `option_type`, `updated_date`) VALUES (43, 'sender_id', 'EQWIPETROL', 'sms', '2023-01-17 16:45:15');


#
# TABLE STRUCTURE FOR: reject_reason
#

DROP TABLE IF EXISTS `reject_reason`;

CREATE TABLE `reject_reason` (
  `id` int(11) NOT NULL AUTO_INCREMENT,
  `title` varchar(255) COLLATE utf8mb4_unicode_ci NOT NULL,
  `display_order` int(11) NOT NULL,
  `status` tinyint(1) NOT NULL DEFAULT '1',
  `created_date` datetime NOT NULL,
  `updated_date` datetime DEFAULT NULL,
  PRIMARY KEY (`id`)
) ENGINE=InnoDB AUTO_INCREMENT=3 DEFAULT CHARSET=utf8mb4 COLLATE=utf8mb4_unicode_ci;

INSERT INTO `reject_reason` (`id`, `title`, `display_order`, `status`, `created_date`, `updated_date`) VALUES (1, 'I am not available', 1, 1, '2022-11-11 13:10:27', '2022-11-11 13:10:40');
INSERT INTO `reject_reason` (`id`, `title`, `display_order`, `status`, `created_date`, `updated_date`) VALUES (2, 'driver not available', 2, 1, '2023-01-17 17:29:07', NULL);


#
# TABLE STRUCTURE FOR: role
#

DROP TABLE IF EXISTS `role`;

CREATE TABLE `role` (
  `id` int(11) NOT NULL AUTO_INCREMENT,
  `role_name` varchar(100) NOT NULL,
  `status` int(1) NOT NULL DEFAULT '1',
  `created_date` datetime NOT NULL,
  `updated_date` datetime DEFAULT NULL,
  PRIMARY KEY (`id`)
) ENGINE=InnoDB AUTO_INCREMENT=6 DEFAULT CHARSET=latin1;

INSERT INTO `role` (`id`, `role_name`, `status`, `created_date`, `updated_date`) VALUES (1, 'Admin', 1, '2022-07-20 17:44:42', '2022-07-20 17:46:42');
INSERT INTO `role` (`id`, `role_name`, `status`, `created_date`, `updated_date`) VALUES (2, 'Developer', 1, '2022-07-20 17:46:54', '2022-10-18 17:28:35');
INSERT INTO `role` (`id`, `role_name`, `status`, `created_date`, `updated_date`) VALUES (3, 'Software tester', 1, '2022-11-23 16:17:29', '2022-11-23 16:23:00');
INSERT INTO `role` (`id`, `role_name`, `status`, `created_date`, `updated_date`) VALUES (4, 'tester', 1, '2023-01-08 20:36:46', NULL);
INSERT INTO `role` (`id`, `role_name`, `status`, `created_date`, `updated_date`) VALUES (5, 'Customer Care', 1, '2023-02-01 18:05:29', NULL);


#
# TABLE STRUCTURE FOR: station
#

DROP TABLE IF EXISTS `station`;

CREATE TABLE `station` (
  `station_id` int(11) NOT NULL AUTO_INCREMENT,
  `owner_id` int(11) NOT NULL,
  `station_name` varchar(100) COLLATE utf8mb4_unicode_ci NOT NULL,
  `contact_person` varchar(100) COLLATE utf8mb4_unicode_ci NOT NULL,
  `contact_number` varchar(50) COLLATE utf8mb4_unicode_ci NOT NULL,
  `alternate_number` varchar(50) COLLATE utf8mb4_unicode_ci DEFAULT NULL,
  `country` varchar(100) COLLATE utf8mb4_unicode_ci NOT NULL,
  `state` varchar(100) COLLATE utf8mb4_unicode_ci NOT NULL,
  `city` varchar(100) COLLATE utf8mb4_unicode_ci NOT NULL,
  `pincode` varchar(20) COLLATE utf8mb4_unicode_ci NOT NULL,
  `landmark` varchar(100) COLLATE utf8mb4_unicode_ci DEFAULT NULL,
  `address` text COLLATE utf8mb4_unicode_ci NOT NULL,
  `latitude` varchar(100) COLLATE utf8mb4_unicode_ci DEFAULT NULL,
  `longitude` varchar(100) COLLATE utf8mb4_unicode_ci DEFAULT NULL,
  `geo_fencing_address` varchar(255) COLLATE utf8mb4_unicode_ci DEFAULT NULL,
  `status` tinyint(1) NOT NULL DEFAULT '1',
  `created_date` datetime NOT NULL,
  `updated_date` datetime DEFAULT NULL,
  PRIMARY KEY (`station_id`)
) ENGINE=InnoDB AUTO_INCREMENT=139 DEFAULT CHARSET=utf8mb4 COLLATE=utf8mb4_unicode_ci;

INSERT INTO `station` (`station_id`, `owner_id`, `station_name`, `contact_person`, `contact_number`, `alternate_number`, `country`, `state`, `city`, `pincode`, `landmark`, `address`, `latitude`, `longitude`, `geo_fencing_address`, `status`, `created_date`, `updated_date`) VALUES (2, 3, 'Surat Petrol Pump', 'Dinesh', '1234567890', '1234567891', 'India', 'Gujarat', 'Surat', '394210', 'Surat', 'Surat Station Road', '17.7285', '83.3055344', NULL, 1, '2022-10-19 22:20:32', '2022-11-02 14:36:35');
INSERT INTO `station` (`station_id`, `owner_id`, `station_name`, `contact_person`, `contact_number`, `alternate_number`, `country`, `state`, `city`, `pincode`, `landmark`, `address`, `latitude`, `longitude`, `geo_fencing_address`, `status`, `created_date`, `updated_date`) VALUES (4, 0, 'test station', 'dinesh test', '1471470147', '1471471470', 'India', 'gujarat', 'surat', '123471', 'test landmark', 'surat', '21.454852', '', NULL, 1, '2022-11-01 15:33:32', NULL);
INSERT INTO `station` (`station_id`, `owner_id`, `station_name`, `contact_person`, `contact_number`, `alternate_number`, `country`, `state`, `city`, `pincode`, `landmark`, `address`, `latitude`, `longitude`, `geo_fencing_address`, `status`, `created_date`, `updated_date`) VALUES (5, 0, 'test station', 'dinesh test', '1471470147', '1471471470', 'India', 'gujarat', 'surat', '123471', 'test landmark', 'surat', '', '', NULL, 1, '2022-11-01 15:33:46', NULL);
INSERT INTO `station` (`station_id`, `owner_id`, `station_name`, `contact_person`, `contact_number`, `alternate_number`, `country`, `state`, `city`, `pincode`, `landmark`, `address`, `latitude`, `longitude`, `geo_fencing_address`, `status`, `created_date`, `updated_date`) VALUES (6, 0, 'test station', 'dinesh test', '1471470147', '1471471470', 'India', 'gujarat', 'surat', '123471', '', 'surat', '', '', NULL, 1, '2022-11-01 15:33:54', NULL);
INSERT INTO `station` (`station_id`, `owner_id`, `station_name`, `contact_person`, `contact_number`, `alternate_number`, `country`, `state`, `city`, `pincode`, `landmark`, `address`, `latitude`, `longitude`, `geo_fencing_address`, `status`, `created_date`, `updated_date`) VALUES (7, 0, 'test station', 'dinesh test', '1471470147', '1471471470', 'India', 'gujarat', 'surat', '123471', '', 'surat', '', '', NULL, 1, '2022-11-01 15:37:21', NULL);
INSERT INTO `station` (`station_id`, `owner_id`, `station_name`, `contact_person`, `contact_number`, `alternate_number`, `country`, `state`, `city`, `pincode`, `landmark`, `address`, `latitude`, `longitude`, `geo_fencing_address`, `status`, `created_date`, `updated_date`) VALUES (8, 0, 'test station', 'dinesh test', '1471470147', '1471471470', 'India', 'gujarat', 'surat', '123471', '', 'surat', '', '', NULL, 1, '2022-11-01 15:37:27', NULL);
INSERT INTO `station` (`station_id`, `owner_id`, `station_name`, `contact_person`, `contact_number`, `alternate_number`, `country`, `state`, `city`, `pincode`, `landmark`, `address`, `latitude`, `longitude`, `geo_fencing_address`, `status`, `created_date`, `updated_date`) VALUES (9, 0, 'test station', 'dinesh test', '1471470147', '1471471470', 'India', 'gujarat', 'surat', '123471', '', 'surat', '', '', NULL, 1, '2022-11-01 15:37:30', NULL);
INSERT INTO `station` (`station_id`, `owner_id`, `station_name`, `contact_person`, `contact_number`, `alternate_number`, `country`, `state`, `city`, `pincode`, `landmark`, `address`, `latitude`, `longitude`, `geo_fencing_address`, `status`, `created_date`, `updated_date`) VALUES (10, 0, 'test station', 'dinesh test', '1471470147', '1471471470', 'India', 'gujarat', 'surat', '123471', '', 'surat', '', '', NULL, 1, '2022-11-01 15:44:13', NULL);
INSERT INTO `station` (`station_id`, `owner_id`, `station_name`, `contact_person`, `contact_number`, `alternate_number`, `country`, `state`, `city`, `pincode`, `landmark`, `address`, `latitude`, `longitude`, `geo_fencing_address`, `status`, `created_date`, `updated_date`) VALUES (11, 0, 'hhgg', 'ghbh', '5666889', '', 'vhcvccbhh', 'hvbnhb', 'ghhgvv', '555', '', 'ghgfhhgbb', '', '', NULL, 1, '2022-11-01 15:48:37', NULL);
INSERT INTO `station` (`station_id`, `owner_id`, `station_name`, `contact_person`, `contact_number`, `alternate_number`, `country`, `state`, `city`, `pincode`, `landmark`, `address`, `latitude`, `longitude`, `geo_fencing_address`, `status`, `created_date`, `updated_date`) VALUES (12, 0, 'hhgg', 'ghbh', '5666889', '', 'vhcvccbhh', 'hvbnhb', 'ghhgvv', '555', '', 'ghgfhhgbb', '', '', NULL, 1, '2022-11-01 15:48:42', NULL);
INSERT INTO `station` (`station_id`, `owner_id`, `station_name`, `contact_person`, `contact_number`, `alternate_number`, `country`, `state`, `city`, `pincode`, `landmark`, `address`, `latitude`, `longitude`, `geo_fencing_address`, `status`, `created_date`, `updated_date`) VALUES (13, 0, 'fsgdggdgff', 'ehfdffg', '645956555', '', 'fdvdff', 'cbfff', 'hhhvb', '68966', '', 'cvbvvvv', '', '', NULL, 1, '2022-11-01 15:50:25', NULL);
INSERT INTO `station` (`station_id`, `owner_id`, `station_name`, `contact_person`, `contact_number`, `alternate_number`, `country`, `state`, `city`, `pincode`, `landmark`, `address`, `latitude`, `longitude`, `geo_fencing_address`, `status`, `created_date`, `updated_date`) VALUES (14, 0, 'fsgdggdgff', 'ehfdffg', '645956555', '', 'fdvdff', 'cbfff', 'hhhvb', '68966', '', 'cvbvvvv', '', '', NULL, 1, '2022-11-01 15:50:27', NULL);
INSERT INTO `station` (`station_id`, `owner_id`, `station_name`, `contact_person`, `contact_number`, `alternate_number`, `country`, `state`, `city`, `pincode`, `landmark`, `address`, `latitude`, `longitude`, `geo_fencing_address`, `status`, `created_date`, `updated_date`) VALUES (15, 0, 'fsgdggdgff', 'ehfdffg', '645956555', '', 'fdvdff', 'cbfff', 'hhhvb', '68966', '', 'cvbvvvv', '', '', NULL, 1, '2022-11-01 15:50:34', NULL);
INSERT INTO `station` (`station_id`, `owner_id`, `station_name`, `contact_person`, `contact_number`, `alternate_number`, `country`, `state`, `city`, `pincode`, `landmark`, `address`, `latitude`, `longitude`, `geo_fencing_address`, `status`, `created_date`, `updated_date`) VALUES (16, 0, 'fsgdggdgff', 'ehfdffg', '645956555', '', 'fdvdff', 'cbfff', 'hhhvb', '68966', '', 'cvbvvvv', '', '', NULL, 1, '2022-11-01 15:51:02', NULL);
INSERT INTO `station` (`station_id`, `owner_id`, `station_name`, `contact_person`, `contact_number`, `alternate_number`, `country`, `state`, `city`, `pincode`, `landmark`, `address`, `latitude`, `longitude`, `geo_fencing_address`, `status`, `created_date`, `updated_date`) VALUES (17, 0, 'fsgdggdgff', 'ehfdffg', '645956555', '', 'fdvdff', 'cbfff', 'hhhvb', '68966', '', 'cvbvvvv', '', '', NULL, 1, '2022-11-01 15:52:39', NULL);
INSERT INTO `station` (`station_id`, `owner_id`, `station_name`, `contact_person`, `contact_number`, `alternate_number`, `country`, `state`, `city`, `pincode`, `landmark`, `address`, `latitude`, `longitude`, `geo_fencing_address`, `status`, `created_date`, `updated_date`) VALUES (18, 0, 'fsgdggdgff', 'ehfdffg', '645956555', '', 'fdvdff', 'cbfff', 'hhhvb', '68966', '', 'cvbvvvv', '', '', NULL, 1, '2022-11-01 15:53:05', NULL);
INSERT INTO `station` (`station_id`, `owner_id`, `station_name`, `contact_person`, `contact_number`, `alternate_number`, `country`, `state`, `city`, `pincode`, `landmark`, `address`, `latitude`, `longitude`, `geo_fencing_address`, `status`, `created_date`, `updated_date`) VALUES (19, 0, 'tresffr', 'hdggffr', '325555555', '', 'ccdccvfbdf', 'ngvbg', 'hfhgg', '59855', 'fdgghg', 'c dffffff', '', '', NULL, 1, '2022-11-01 15:58:22', NULL);
INSERT INTO `station` (`station_id`, `owner_id`, `station_name`, `contact_person`, `contact_number`, `alternate_number`, `country`, `state`, `city`, `pincode`, `landmark`, `address`, `latitude`, `longitude`, `geo_fencing_address`, `status`, `created_date`, `updated_date`) VALUES (20, 0, 'bdbggvb', 'jfbghhg', '959556956', '', 'cdcggfncdg', 'vxcc', 'fgjgg', '266555', '', 'dfvccx', '', '', NULL, 1, '2022-11-01 15:59:43', NULL);
INSERT INTO `station` (`station_id`, `owner_id`, `station_name`, `contact_person`, `contact_number`, `alternate_number`, `country`, `state`, `city`, `pincode`, `landmark`, `address`, `latitude`, `longitude`, `geo_fencing_address`, `status`, `created_date`, `updated_date`) VALUES (21, 0, 'hhhv', 'vghhgg', '3656666', '', 'ghhgg', 'vgvvgg', 'gghhg', '55666', '', 'vvvvbb', '', '', NULL, 1, '2022-11-01 16:02:14', NULL);
INSERT INTO `station` (`station_id`, `owner_id`, `station_name`, `contact_person`, `contact_number`, `alternate_number`, `country`, `state`, `city`, `pincode`, `landmark`, `address`, `latitude`, `longitude`, `geo_fencing_address`, `status`, `created_date`, `updated_date`) VALUES (22, 0, 'decdddd', 'geffdfd', '5988888', '', 'fsvdff', 'gdggg', 'bdccf', '6588', '', 'cdcfg', '', '', NULL, 1, '2022-11-01 16:07:30', NULL);
INSERT INTO `station` (`station_id`, `owner_id`, `station_name`, `contact_person`, `contact_number`, `alternate_number`, `country`, `state`, `city`, `pincode`, `landmark`, `address`, `latitude`, `longitude`, `geo_fencing_address`, `status`, `created_date`, `updated_date`) VALUES (23, 0, 'fhffggg', 'redgfdd', '2255555', '', 'dfdd', 'fgcx', 'dgcx', '55885', '', 'fgfcfd', '', '', NULL, 1, '2022-11-01 16:26:59', NULL);
INSERT INTO `station` (`station_id`, `owner_id`, `station_name`, `contact_person`, `contact_number`, `alternate_number`, `country`, `state`, `city`, `pincode`, `landmark`, `address`, `latitude`, `longitude`, `geo_fencing_address`, `status`, `created_date`, `updated_date`) VALUES (24, 29, 'chaitu station', 'chaitu', '9966332255', '', 'india', 'andhra pradesh', 'visakapatnam', '530016', '', 'dwarakanagar visakapatnam', '', '', NULL, 1, '2022-11-01 18:11:15', NULL);
INSERT INTO `station` (`station_id`, `owner_id`, `station_name`, `contact_person`, `contact_number`, `alternate_number`, `country`, `state`, `city`, `pincode`, `landmark`, `address`, `latitude`, `longitude`, `geo_fencing_address`, `status`, `created_date`, `updated_date`) VALUES (27, 3, 'test station', 'dinesh test', '1471470147', '1471471470', 'India', 'gujarat', 'surat', '123471', 'test landmark', 'surat', '21.454852', '78.655655', NULL, 1, '2022-11-01 18:21:31', '2022-11-02 14:35:18');
INSERT INTO `station` (`station_id`, `owner_id`, `station_name`, `contact_person`, `contact_number`, `alternate_number`, `country`, `state`, `city`, `pincode`, `landmark`, `address`, `latitude`, `longitude`, `geo_fencing_address`, `status`, `created_date`, `updated_date`) VALUES (36, 48, 'teja', 'sai', '9633544474', '', 'india', 'andhra pradesh', 'vizag', '530024', '', 'dwarakanagar', '', '', NULL, 1, '2022-11-04 11:35:11', NULL);
INSERT INTO `station` (`station_id`, `owner_id`, `station_name`, `contact_person`, `contact_number`, `alternate_number`, `country`, `state`, `city`, `pincode`, `landmark`, `address`, `latitude`, `longitude`, `geo_fencing_address`, `status`, `created_date`, `updated_date`) VALUES (37, 48, 'fggv', 'dfgg', '5596587788', '', 'sdccv', 'cghbv', 'dfgv', '89655555', '', 'ssdccc', '', '', NULL, 1, '2022-11-04 11:38:08', NULL);
INSERT INTO `station` (`station_id`, `owner_id`, `station_name`, `contact_person`, `contact_number`, `alternate_number`, `country`, `state`, `city`, `pincode`, `landmark`, `address`, `latitude`, `longitude`, `geo_fencing_address`, `status`, `created_date`, `updated_date`) VALUES (45, 3, 'test station', 'dinesh test', '1471470147', '1471471470', 'India', 'gujarat', 'surat', '123471', 'test landmark', 'surat', '21.454852', '78.655655', NULL, 1, '2022-11-04 13:02:02', NULL);
INSERT INTO `station` (`station_id`, `owner_id`, `station_name`, `contact_person`, `contact_number`, `alternate_number`, `country`, `state`, `city`, `pincode`, `landmark`, `address`, `latitude`, `longitude`, `geo_fencing_address`, `status`, `created_date`, `updated_date`) VALUES (47, 41, 'eyuu station', 'Saleem bhai', '9876543210', '9876543210', 'kenya', 'kkk state', 'kkkk city', '530016', '', 'test area', '', '', NULL, 1, '2022-11-04 13:03:20', NULL);
INSERT INTO `station` (`station_id`, `owner_id`, `station_name`, `contact_person`, `contact_number`, `alternate_number`, `country`, `state`, `city`, `pincode`, `landmark`, `address`, `latitude`, `longitude`, `geo_fencing_address`, `status`, `created_date`, `updated_date`) VALUES (48, 41, 'eyuu station', 'Saleem bhai cmoon', '9876543210', '9876543210', 'kenya', 'kkk state', 'kkkk city', '530016', '', 'test area', '', '', NULL, 1, '2022-11-04 13:04:18', NULL);
INSERT INTO `station` (`station_id`, `owner_id`, `station_name`, `contact_person`, `contact_number`, `alternate_number`, `country`, `state`, `city`, `pincode`, `landmark`, `address`, `latitude`, `longitude`, `geo_fencing_address`, `status`, `created_date`, `updated_date`) VALUES (52, 14, 'chaitu station', 'chaitu', '9632580744', '', 'India', 'Andhra Pradesh', 'Visakhapatnam', '530040', '', 'Simhachalam To Hanumanthavaka Junction,Simhachalam To Hanumanthavaka Junction,', '17.762172855135233', '83.3059499412775', NULL, 1, '2022-11-04 14:47:28', '2022-11-17 12:34:24');
INSERT INTO `station` (`station_id`, `owner_id`, `station_name`, `contact_person`, `contact_number`, `alternate_number`, `country`, `state`, `city`, `pincode`, `landmark`, `address`, `latitude`, `longitude`, `geo_fencing_address`, `status`, `created_date`, `updated_date`) VALUES (54, 3, 'test station', 'dinesh test', '1471470147', '1471471470', 'India', 'gujarat', 'surat', '123471', 'test landmark', 'surat', '21.454852', '78.655655', NULL, 1, '2022-11-04 16:36:45', NULL);
INSERT INTO `station` (`station_id`, `owner_id`, `station_name`, `contact_person`, `contact_number`, `alternate_number`, `country`, `state`, `city`, `pincode`, `landmark`, `address`, `latitude`, `longitude`, `geo_fencing_address`, `status`, `created_date`, `updated_date`) VALUES (55, 53, 'My 1st Station', 'Rahena', '1234656363636', '1762683686971', 'Kanya', 'KS', 'AA', '3929209897', '39939229927', '29279279729', '17.7294167', '83.218483', NULL, 1, '2022-11-04 16:41:28', NULL);
INSERT INTO `station` (`station_id`, `owner_id`, `station_name`, `contact_person`, `contact_number`, `alternate_number`, `country`, `state`, `city`, `pincode`, `landmark`, `address`, `latitude`, `longitude`, `geo_fencing_address`, `status`, `created_date`, `updated_date`) VALUES (58, 57, 'chaitu station', 'chaitu', '9632580147', '', 'india', 'andhra pradesh', 'vizag', '530024', '', 'dwarakanagar', '', '', NULL, 1, '2022-11-09 14:00:55', '2022-11-10 15:30:55');
INSERT INTO `station` (`station_id`, `owner_id`, `station_name`, `contact_person`, `contact_number`, `alternate_number`, `country`, `state`, `city`, `pincode`, `landmark`, `address`, `latitude`, `longitude`, `geo_fencing_address`, `status`, `created_date`, `updated_date`) VALUES (59, 57, 'atyu station', 'visi', '9632580147', '', 'india', 'andhra pradesh', 'vizag', '530027', '', 'dwarakanagar', '', '', NULL, 1, '2022-11-09 15:09:21', NULL);
INSERT INTO `station` (`station_id`, `owner_id`, `station_name`, `contact_person`, `contact_number`, `alternate_number`, `country`, `state`, `city`, `pincode`, `landmark`, `address`, `latitude`, `longitude`, `geo_fencing_address`, `status`, `created_date`, `updated_date`) VALUES (60, 57, 'fddffgh', 'ddff', '9358415888', '', 'sdcf', 'cvvv', 'sdff', '532580', '', 'sfgvbb', '', '', NULL, 1, '2022-11-09 15:12:34', NULL);
INSERT INTO `station` (`station_id`, `owner_id`, `station_name`, `contact_person`, `contact_number`, `alternate_number`, `country`, `state`, `city`, `pincode`, `landmark`, `address`, `latitude`, `longitude`, `geo_fencing_address`, `status`, `created_date`, `updated_date`) VALUES (61, 59, 'rubi station', 'rubi', '9632541788', '', 'india', 'Andhra pradesh', 'vizag', '530024', '', 'seetham peta', '', '', NULL, 1, '2022-11-14 12:20:28', NULL);
INSERT INTO `station` (`station_id`, `owner_id`, `station_name`, `contact_person`, `contact_number`, `alternate_number`, `country`, `state`, `city`, `pincode`, `landmark`, `address`, `latitude`, `longitude`, `geo_fencing_address`, `status`, `created_date`, `updated_date`) VALUES (62, 3, 'test station', 'dinesh test', '1471470147', '1471471470', 'India', 'gujarat', 'surat', '123471', 'test landmark', 'surat', '21.454852', '78.655655', NULL, 1, '2022-11-14 12:21:03', NULL);
INSERT INTO `station` (`station_id`, `owner_id`, `station_name`, `contact_person`, `contact_number`, `alternate_number`, `country`, `state`, `city`, `pincode`, `landmark`, `address`, `latitude`, `longitude`, `geo_fencing_address`, `status`, `created_date`, `updated_date`) VALUES (63, 14, 'sai Krishna station', 'sai', '9632144788', '', 'india', 'andhra pradesh', 'vizag', '532145', '', 'seethampeta', '', '', NULL, 1, '2022-11-14 12:31:30', NULL);
INSERT INTO `station` (`station_id`, `owner_id`, `station_name`, `contact_person`, `contact_number`, `alternate_number`, `country`, `state`, `city`, `pincode`, `landmark`, `address`, `latitude`, `longitude`, `geo_fencing_address`, `status`, `created_date`, `updated_date`) VALUES (65, 14, 'test station', 'subbu', '1231231231', '', 'dubail', 'andhra', 'vsp', '530016', '', 'near hotel street', '17.684311382019164', '83.1860489038005', NULL, 1, '2022-11-15 17:24:36', '2022-11-16 14:56:43');
INSERT INTO `station` (`station_id`, `owner_id`, `station_name`, `contact_person`, `contact_number`, `alternate_number`, `country`, `state`, `city`, `pincode`, `landmark`, `address`, `latitude`, `longitude`, `geo_fencing_address`, `status`, `created_date`, `updated_date`) VALUES (66, 14, 'nehru station', 'phani', '9635580741', '', 'India', 'Andhra Pradesh', 'Visakhapatnam', '530013', '', 'North Extension,50-96-8/9,', '', '', NULL, 1, '2022-11-16 15:34:53', NULL);
INSERT INTO `station` (`station_id`, `owner_id`, `station_name`, `contact_person`, `contact_number`, `alternate_number`, `country`, `state`, `city`, `pincode`, `landmark`, `address`, `latitude`, `longitude`, `geo_fencing_address`, `status`, `created_date`, `updated_date`) VALUES (67, 14, 'besd', 'cvbb', '9628745887', '', 'India', 'Andhra Pradesh', 'Visakhapatnam', '530016', '', 'Visakhapatnam,Seetamma Peta,', '17.72972972972973', '83.30819085469031', NULL, 1, '2022-11-16 15:40:29', NULL);
INSERT INTO `station` (`station_id`, `owner_id`, `station_name`, `contact_person`, `contact_number`, `alternate_number`, `country`, `state`, `city`, `pincode`, `landmark`, `address`, `latitude`, `longitude`, `geo_fencing_address`, `status`, `created_date`, `updated_date`) VALUES (68, 61, 'Total Kairo', 'Munyaga', '0724972416', '', 'Kenya', 'Nairobi County', 'Nairobi', '0000', '', 'Unity House,Unity House,18', '-1.283152', '36.818637', NULL, 1, '2022-11-19 11:48:52', NULL);
INSERT INTO `station` (`station_id`, `owner_id`, `station_name`, `contact_person`, `contact_number`, `alternate_number`, `country`, `state`, `city`, `pincode`, `landmark`, `address`, `latitude`, `longitude`, `geo_fencing_address`, `status`, `created_date`, `updated_date`) VALUES (70, 70, 'FELIX STATION', 'Felix Njinu', '0724347822', '', 'Kenya', 'kenya', 'Nairobi', '254', 'KICC', '1838-0200 NAIROBI', '-1.288811', '36.823219', NULL, 1, '2022-11-23 16:48:54', NULL);
INSERT INTO `station` (`station_id`, `owner_id`, `station_name`, `contact_person`, `contact_number`, `alternate_number`, `country`, `state`, `city`, `pincode`, `landmark`, `address`, `latitude`, `longitude`, `geo_fencing_address`, `status`, `created_date`, `updated_date`) VALUES (73, 78, 'my first station', 'mintu b', '12312316', '0987665321', 'india', 'andhra', 'vsp', '530016', '', 'tilak road', '', '', NULL, 1, '2022-11-28 17:33:02', NULL);
INSERT INTO `station` (`station_id`, `owner_id`, `station_name`, `contact_person`, `contact_number`, `alternate_number`, `country`, `state`, `city`, `pincode`, `landmark`, `address`, `latitude`, `longitude`, `geo_fencing_address`, `status`, `created_date`, `updated_date`) VALUES (76, 83, 'saleem station', 'saleem', '9632580855', '', 'India', 'Andhra Pradesh', 'Visakhapatnam', '530016', '', '5th Lane,Dwarka 5th Line,', '17.7285196', '83.3055395', NULL, 1, '2022-11-29 10:48:30', NULL);
INSERT INTO `station` (`station_id`, `owner_id`, `station_name`, `contact_person`, `contact_number`, `alternate_number`, `country`, `state`, `city`, `pincode`, `landmark`, `address`, `latitude`, `longitude`, `geo_fencing_address`, `status`, `created_date`, `updated_date`) VALUES (78, 87, 'madekeri station', 'madhu', '9639639633', '', 'India', 'Andhra Pradesh', 'Visakhapatnam', '530009', '', 'P6MV+43H,P6MV+43H,', '17.731954249735356', '83.24255023151636', NULL, 1, '2022-12-01 14:28:15', NULL);
INSERT INTO `station` (`station_id`, `owner_id`, `station_name`, `contact_person`, `contact_number`, `alternate_number`, `country`, `state`, `city`, `pincode`, `landmark`, `address`, `latitude`, `longitude`, `geo_fencing_address`, `status`, `created_date`, `updated_date`) VALUES (79, 88, 'satya station', 'satya', '9632588965', '', 'India', 'Andhra Pradesh', 'Visakhapatnam', '530029', '', 'Simhachalam Devasthanam bus depot,Simhachalam Devasthanam bus depot,', '17.75558506308241', '83.22556715458632', NULL, 1, '2022-12-01 17:21:25', NULL);
INSERT INTO `station` (`station_id`, `owner_id`, `station_name`, `contact_person`, `contact_number`, `alternate_number`, `country`, `state`, `city`, `pincode`, `landmark`, `address`, `latitude`, `longitude`, `geo_fencing_address`, `status`, `created_date`, `updated_date`) VALUES (80, 88, 'saleem station', 'saleem', '9325445877', '', 'India', 'Andhra Pradesh', 'Visakhapatnam', '531173', '', 'Unnamed Road,Unnamed Road,', '17.820671001399194', '83.2506937533617', NULL, 1, '2022-12-01 17:22:46', NULL);
INSERT INTO `station` (`station_id`, `owner_id`, `station_name`, `contact_person`, `contact_number`, `alternate_number`, `country`, `state`, `city`, `pincode`, `landmark`, `address`, `latitude`, `longitude`, `geo_fencing_address`, `status`, `created_date`, `updated_date`) VALUES (82, 89, 'raj station', 'raj', '9632589632', '', 'India', 'Andhra Pradesh', 'Visakhapatnam', '530009', '', 'Marripalem PH,Marripalem PH,', '17.735961380519296', '83.2519356161356', NULL, 1, '2022-12-02 10:57:45', NULL);
INSERT INTO `station` (`station_id`, `owner_id`, `station_name`, `contact_person`, `contact_number`, `alternate_number`, `country`, `state`, `city`, `pincode`, `landmark`, `address`, `latitude`, `longitude`, `geo_fencing_address`, `status`, `created_date`, `updated_date`) VALUES (83, 91, 'errf', 'xccc', '9654874554', '', 'India', 'Andhra Pradesh', 'Visakhapatnam', '530016', '', '5a,5a,5a', '17.732606356658536', '83.29955957829952', NULL, 1, '2022-12-02 12:30:30', NULL);
INSERT INTO `station` (`station_id`, `owner_id`, `station_name`, `contact_person`, `contact_number`, `alternate_number`, `country`, `state`, `city`, `pincode`, `landmark`, `address`, `latitude`, `longitude`, `geo_fencing_address`, `status`, `created_date`, `updated_date`) VALUES (85, 81, 'mediker station', 'madhu', '9632584448', '', 'India', 'Andhra Pradesh', 'Visakhapatnam', '531173', '', 'Kambalakonda Wildlife Sanctuary,R8G3+MJQ Kambalakonda Wildlife Sanctuary,', '17.787695383664072', '83.28078176826239', NULL, 1, '2022-12-02 13:59:30', '2022-12-02 14:42:04');
INSERT INTO `station` (`station_id`, `owner_id`, `station_name`, `contact_person`, `contact_number`, `alternate_number`, `country`, `state`, `city`, `pincode`, `landmark`, `address`, `latitude`, `longitude`, `geo_fencing_address`, `status`, `created_date`, `updated_date`) VALUES (86, 81, 'sandy station', 'sandy', '9639639630', '', 'India', 'Andhra Pradesh', 'Visakhapatnam', '531173', '', 'Kambalakonda Wildlife Sanctuary,R8G3+MJQ Kambalakonda Wildlife Sanctuary,', '17.776885310534002', '83.27995866537094', NULL, 1, '2022-12-02 14:03:05', '2022-12-02 14:03:20');
INSERT INTO `station` (`station_id`, `owner_id`, `station_name`, `contact_person`, `contact_number`, `alternate_number`, `country`, `state`, `city`, `pincode`, `landmark`, `address`, `latitude`, `longitude`, `geo_fencing_address`, `status`, `created_date`, `updated_date`) VALUES (87, 81, 'royal station', 'raji', '9658096580', '', 'India', 'Andhra Pradesh', 'Visakhapatnam', '530014', '', 'P732+724,P732+724,', '17.70442563754287', '83.25055796653032', NULL, 1, '2022-12-02 14:18:28', NULL);
INSERT INTO `station` (`station_id`, `owner_id`, `station_name`, `contact_person`, `contact_number`, `alternate_number`, `country`, `state`, `city`, `pincode`, `landmark`, `address`, `latitude`, `longitude`, `geo_fencing_address`, `status`, `created_date`, `updated_date`) VALUES (88, 107, 'swathi station', 'swathi', '9632580741', '', 'India', 'Andhra Pradesh', 'Visakhapatnam', '530007', '', 'P7Q7+FV2,P7Q7+FV2,', '17.738316182698284', '83.26447729021311', NULL, 1, '2022-12-05 14:18:45', NULL);
INSERT INTO `station` (`station_id`, `owner_id`, `station_name`, `contact_person`, `contact_number`, `alternate_number`, `country`, `state`, `city`, `pincode`, `landmark`, `address`, `latitude`, `longitude`, `geo_fencing_address`, `status`, `created_date`, `updated_date`) VALUES (89, 109, 'sub petrol station', 'kitan kumar', '9632589658', '', 'India', 'Andhra Pradesh', 'Jaggaiahpet', '521175', '', '1-56,1-56,', '17.73928089540046', '83.23072202503681', NULL, 1, '2022-12-05 17:36:16', NULL);
INSERT INTO `station` (`station_id`, `owner_id`, `station_name`, `contact_person`, `contact_number`, `alternate_number`, `country`, `state`, `city`, `pincode`, `landmark`, `address`, `latitude`, `longitude`, `geo_fencing_address`, `status`, `created_date`, `updated_date`) VALUES (90, 111, 'abc', 'test', '1472147258', '', 'India', 'Gujarat', 'Surat', '395017', '', 'Surat,G14 Shiv Shomeshwer Enclave,', '21.1702401', '72.83106070000001', NULL, 1, '2022-12-08 10:16:30', NULL);
INSERT INTO `station` (`station_id`, `owner_id`, `station_name`, `contact_person`, `contact_number`, `alternate_number`, `country`, `state`, `city`, `pincode`, `landmark`, `address`, `latitude`, `longitude`, `geo_fencing_address`, `status`, `created_date`, `updated_date`) VALUES (91, 109, 'sati station', 'satish', '9658965899', '', 'India', 'Andhra Pradesh', 'Visakhapatnam', '530016', '', '5th Lane,Dwarka 5th Line,', '17.7285033', '83.3055508', NULL, 1, '2022-12-08 12:09:39', '2022-12-08 12:19:54');
INSERT INTO `station` (`station_id`, `owner_id`, `station_name`, `contact_person`, `contact_number`, `alternate_number`, `country`, `state`, `city`, `pincode`, `landmark`, `address`, `latitude`, `longitude`, `geo_fencing_address`, `status`, `created_date`, `updated_date`) VALUES (92, 109, 'raj station', 'raj', '9332563256', '', 'India', 'Andhra Pradesh', 'Visakhapatnam', '531173', '', 'Kambalakonda Wildlife Sanctuary,R8G3+MJQ Kambalakonda Wildlife Sanctuary,', '17.799385872159466', '83.30284260213375', NULL, 1, '2022-12-08 12:10:23', NULL);
INSERT INTO `station` (`station_id`, `owner_id`, `station_name`, `contact_person`, `contact_number`, `alternate_number`, `country`, `state`, `city`, `pincode`, `landmark`, `address`, `latitude`, `longitude`, `geo_fencing_address`, `status`, `created_date`, `updated_date`) VALUES (93, 118, 'Godavari station', 'jagan', '9652145587', '', 'India', 'Andhra Pradesh', 'Visakhapatnam', '531173', '', 'Kambalakonda Wildlife Sanctuary,R8G3+MJQ Kambalakonda Wildlife Sanctuary,', '17.835542685019462', '83.29813130199909', NULL, 1, '2023-01-03 14:09:26', NULL);
INSERT INTO `station` (`station_id`, `owner_id`, `station_name`, `contact_person`, `contact_number`, `alternate_number`, `country`, `state`, `city`, `pincode`, `landmark`, `address`, `latitude`, `longitude`, `geo_fencing_address`, `status`, `created_date`, `updated_date`) VALUES (94, 118, 'satya station', 'sagarika', '9325478748', '', 'India', 'Andhra Pradesh', 'Visakhapatnam', '531173', '', 'Kambalakonda Wildlife Sanctuary,R8G3+MJQ Kambalakonda Wildlife Sanctuary,', '17.79606172676967', '83.28878849744797', NULL, 1, '2023-01-03 14:40:24', '2023-01-03 18:21:40');
INSERT INTO `station` (`station_id`, `owner_id`, `station_name`, `contact_person`, `contact_number`, `alternate_number`, `country`, `state`, `city`, `pincode`, `landmark`, `address`, `latitude`, `longitude`, `geo_fencing_address`, `status`, `created_date`, `updated_date`) VALUES (96, 124, 'dwaraka nagar', 'venkatesh', '8143601989', '', 'India', 'Andhra Pradesh', 'Visakhapatnam', '530016', '', 'Bharath Towers,401,', '17.7284952', '83.3055196', NULL, 1, '2023-01-04 17:30:59', NULL);
INSERT INTO `station` (`station_id`, `owner_id`, `station_name`, `contact_person`, `contact_number`, `alternate_number`, `country`, `state`, `city`, `pincode`, `landmark`, `address`, `latitude`, `longitude`, `geo_fencing_address`, `status`, `created_date`, `updated_date`) VALUES (97, 126, 'satvik station', 'satyakiran', '9580744587', '', 'India', 'Andhra Pradesh', 'Visakhapatnam', '530007', '', '37-14-31,37-14-31,', '17.741888563510376', '83.27060412615538', NULL, 1, '2023-01-04 18:14:25', NULL);
INSERT INTO `station` (`station_id`, `owner_id`, `station_name`, `contact_person`, `contact_number`, `alternate_number`, `country`, `state`, `city`, `pincode`, `landmark`, `address`, `latitude`, `longitude`, `geo_fencing_address`, `status`, `created_date`, `updated_date`) VALUES (98, 126, 'cmoon station', 'sarath', '9658095888', '', 'India', 'Andhra Pradesh', 'Visakhapatnam', '530014', '', 'Sardar Vallabhbhai Patel Bridge,P767+C59 Sardar Vallabhbhai Patel Bridge,', '17.71275020205479', '83.26122779399157', NULL, 1, '2023-01-04 18:34:14', NULL);
INSERT INTO `station` (`station_id`, `owner_id`, `station_name`, `contact_person`, `contact_number`, `alternate_number`, `country`, `state`, `city`, `pincode`, `landmark`, `address`, `latitude`, `longitude`, `geo_fencing_address`, `status`, `created_date`, `updated_date`) VALUES (102, 121, 'hema', 'hema', '8143595566', '', 'India', 'Andhra Pradesh', 'Visakhapatnam', '530005', '', 'Unnamed Road,Unnamed Road,', '17.661613702759524', '83.26332930475475', NULL, 1, '2023-01-05 12:46:51', NULL);
INSERT INTO `station` (`station_id`, `owner_id`, `station_name`, `contact_person`, `contact_number`, `alternate_number`, `country`, `state`, `city`, `pincode`, `landmark`, `address`, `latitude`, `longitude`, `geo_fencing_address`, `status`, `created_date`, `updated_date`) VALUES (103, 131, 'hp gas', 'praveen', '8143601956', '', 'India', 'Andhra Pradesh', 'Rajakoduru', '531061', '', '531061,Rajakoduru,', '17.459402372116127', '82.87312857806683', NULL, 1, '2023-01-05 15:10:58', NULL);
INSERT INTO `station` (`station_id`, `owner_id`, `station_name`, `contact_person`, `contact_number`, `alternate_number`, `country`, `state`, `city`, `pincode`, `landmark`, `address`, `latitude`, `longitude`, `geo_fencing_address`, `status`, `created_date`, `updated_date`) VALUES (104, 131, 'hp gas vizag', 'venky', '8143601958', '', 'India', 'Andhra Pradesh', 'Visakhapatnam', '530031', '', 'Visakhapatnam Steel Plant,OHP Stock Yard 530031,', '17.619901689166024', '83.20294607430695', NULL, 1, '2023-01-05 15:11:42', NULL);
INSERT INTO `station` (`station_id`, `owner_id`, `station_name`, `contact_person`, `contact_number`, `alternate_number`, `country`, `state`, `city`, `pincode`, `landmark`, `address`, `latitude`, `longitude`, `geo_fencing_address`, `status`, `created_date`, `updated_date`) VALUES (105, 131, 'hindhusthan petroleum', 'hindhu', '8143625899', '', 'India', 'Andhra Pradesh', 'Visakhapatnam', '530027', '', 'Near,20-44,', '17.76920644107934', '83.2246320694685', NULL, 1, '2023-01-05 15:12:56', NULL);
INSERT INTO `station` (`station_id`, `owner_id`, `station_name`, `contact_person`, `contact_number`, `alternate_number`, `country`, `state`, `city`, `pincode`, `landmark`, `address`, `latitude`, `longitude`, `geo_fencing_address`, `status`, `created_date`, `updated_date`) VALUES (107, 63, 'Shell', 'Jennifer', '0719585416', '', 'Kenya', 'Nairobi County', 'Nairobi City', '00300', '', 'QWP2+3XR,QWP2+3XR,', '-1.2149516', '36.9026107', NULL, 1, '2023-01-05 16:58:15', NULL);
INSERT INTO `station` (`station_id`, `owner_id`, `station_name`, `contact_person`, `contact_number`, `alternate_number`, `country`, `state`, `city`, `pincode`, `landmark`, `address`, `latitude`, `longitude`, `geo_fencing_address`, `status`, `created_date`, `updated_date`) VALUES (117, 121, 'hindhusthan petrol station', 'hema venkatesh', '8143601985', '843601988', 'India', 'Andhra Pradesh', 'Visakhapatnam', '530016', '', 'P8H4+G54,P8H4+G54,', '17.7287634', '83.3054267', NULL, 1, '2023-01-08 18:14:52', '2023-01-08 18:15:27');
INSERT INTO `station` (`station_id`, `owner_id`, `station_name`, `contact_person`, `contact_number`, `alternate_number`, `country`, `state`, `city`, `pincode`, `landmark`, `address`, `latitude`, `longitude`, `geo_fencing_address`, `status`, `created_date`, `updated_date`) VALUES (118, 148, 'jio petrol station', 'nagendra', '8143601989', '', 'India', 'Andhra Pradesh', 'Nakkapalli', '531081', '', '531081,Nakkapalli,', '17.421994109893234', '82.8451357036829', NULL, 1, '2023-01-09 11:01:53', NULL);
INSERT INTO `station` (`station_id`, `owner_id`, `station_name`, `contact_person`, `contact_number`, `alternate_number`, `country`, `state`, `city`, `pincode`, `landmark`, `address`, `latitude`, `longitude`, `geo_fencing_address`, `status`, `created_date`, `updated_date`) VALUES (121, 149, 'hema', 'venkatesh', '8143621855', '8154357899', 'India', 'Andhra Pradesh', 'Visakhapatnam', '530016', '', '5th Lane,Dwarka 5th Line,', '17.7284955', '83.3055363', NULL, 1, '2023-01-09 12:27:08', NULL);
INSERT INTO `station` (`station_id`, `owner_id`, `station_name`, `contact_person`, `contact_number`, `alternate_number`, `country`, `state`, `city`, `pincode`, `landmark`, `address`, `latitude`, `longitude`, `geo_fencing_address`, `status`, `created_date`, `updated_date`) VALUES (124, 152, 'hindustan petroleum', 'nafu', '8142601989', '', 'India', 'Andhra Pradesh', 'Visakhapatnam', '530005', '', '530005,Visakhapatnam,', '17.661880142938426', '83.2484906539321', NULL, 1, '2023-01-21 10:44:12', '2023-01-23 18:16:52');
INSERT INTO `station` (`station_id`, `owner_id`, `station_name`, `contact_person`, `contact_number`, `alternate_number`, `country`, `state`, `city`, `pincode`, `landmark`, `address`, `latitude`, `longitude`, `geo_fencing_address`, `status`, `created_date`, `updated_date`) VALUES (125, 68, 'chaitu station', 'chaitu', '9632580747', '', 'India', 'Andhra Pradesh', 'Visakhapatnam', '530016', '', '5th Lane,Dwarka 5th Line,', '17.7284948', '83.3055442', NULL, 1, '2023-01-23 14:11:58', NULL);
INSERT INTO `station` (`station_id`, `owner_id`, `station_name`, `contact_person`, `contact_number`, `alternate_number`, `country`, `state`, `city`, `pincode`, `landmark`, `address`, `latitude`, `longitude`, `geo_fencing_address`, `status`, `created_date`, `updated_date`) VALUES (129, 161, 'chaitu station', 'chaitu', '9654807770', '', 'India', 'Andhra Pradesh', 'Visakhapatnam', '530013', '', '53-19-20,53-19-20,', '17.73710397757718', '83.31732116639614', NULL, 1, '2023-01-23 17:36:47', NULL);
INSERT INTO `station` (`station_id`, `owner_id`, `station_name`, `contact_person`, `contact_number`, `alternate_number`, `country`, `state`, `city`, `pincode`, `landmark`, `address`, `latitude`, `longitude`, `geo_fencing_address`, `status`, `created_date`, `updated_date`) VALUES (130, 161, 'rai station', 'raju', '9654874788', '', 'India', 'Andhra Pradesh', 'Visakhapatnam', '530022', '', 'LIG-123,LIG-123,', '', '', NULL, 1, '2023-01-23 17:38:54', NULL);
INSERT INTO `station` (`station_id`, `owner_id`, `station_name`, `contact_person`, `contact_number`, `alternate_number`, `country`, `state`, `city`, `pincode`, `landmark`, `address`, `latitude`, `longitude`, `geo_fencing_address`, `status`, `created_date`, `updated_date`) VALUES (131, 161, 'tell station', 'tfccc', '9354807444', '', 'India', 'Andhra Pradesh', 'Visakhapatnam', '530022', '', 'P8WG+GGM,P8WG+GGM,', '', '', NULL, 1, '2023-01-23 17:40:03', NULL);
INSERT INTO `station` (`station_id`, `owner_id`, `station_name`, `contact_person`, `contact_number`, `alternate_number`, `country`, `state`, `city`, `pincode`, `landmark`, `address`, `latitude`, `longitude`, `geo_fencing_address`, `status`, `created_date`, `updated_date`) VALUES (132, 161, 'dfff', 'dddd', '9655480074', '', 'India', 'Andhra Pradesh', 'Visakhapatnam', '531173', '', 'Kambalakonda Wildlife Sanctuary,R8G3+MJQ Kambalakonda Wildlife Sanctuary,', '', '', NULL, 1, '2023-01-23 17:41:39', NULL);
INSERT INTO `station` (`station_id`, `owner_id`, `station_name`, `contact_person`, `contact_number`, `alternate_number`, `country`, `state`, `city`, `pincode`, `landmark`, `address`, `latitude`, `longitude`, `geo_fencing_address`, `status`, `created_date`, `updated_date`) VALUES (133, 162, 'Indian petrol station', 'venky', '8143601989', '8143601989', 'India', 'Andhra Pradesh', 'Visakhapatnam', '530016', '', 'Bharath Towers,501,', '17.7284981', '83.3055466', NULL, 1, '2023-01-25 14:22:47', NULL);
INSERT INTO `station` (`station_id`, `owner_id`, `station_name`, `contact_person`, `contact_number`, `alternate_number`, `country`, `state`, `city`, `pincode`, `landmark`, `address`, `latitude`, `longitude`, `geo_fencing_address`, `status`, `created_date`, `updated_date`) VALUES (134, 68, 'satish station', 'sat', '9625744455', '', 'India', 'Andhra Pradesh', 'Visakhapatnam', '', '', 'Visakhapatnam Rural,Visakhapatnam Rural,', '17.791937184895275', '83.23326140642166', NULL, 1, '2023-01-25 18:03:48', '2023-01-27 11:54:53');
INSERT INTO `station` (`station_id`, `owner_id`, `station_name`, `contact_person`, `contact_number`, `alternate_number`, `country`, `state`, `city`, `pincode`, `landmark`, `address`, `latitude`, `longitude`, `geo_fencing_address`, `status`, `created_date`, `updated_date`) VALUES (135, 68, 'any station', 'anyg', '9622288414', '', 'India', 'Andhra Pradesh', 'Visakhapatnam', '', '', '5th Lane,Dwarka 5th Line,', '17.7284967', '83.3055532', NULL, 1, '2023-01-27 12:09:01', NULL);
INSERT INTO `station` (`station_id`, `owner_id`, `station_name`, `contact_person`, `contact_number`, `alternate_number`, `country`, `state`, `city`, `pincode`, `landmark`, `address`, `latitude`, `longitude`, `geo_fencing_address`, `status`, `created_date`, `updated_date`) VALUES (136, 68, 'sahi station', 'sahu', '9687458808', '', 'India', 'Andhra Pradesh', 'Visakhapatnam', '', '', '53-22-15/1,53-22-15/1,', '17.736847229180558', '83.31612791866064', NULL, 1, '2023-01-27 12:10:13', '2023-01-27 12:13:41');
INSERT INTO `station` (`station_id`, `owner_id`, `station_name`, `contact_person`, `contact_number`, `alternate_number`, `country`, `state`, `city`, `pincode`, `landmark`, `address`, `latitude`, `longitude`, `geo_fencing_address`, `status`, `created_date`, `updated_date`) VALUES (137, 180, 'swaraj station', 'sandy', '8058895875', '', 'India', 'Andhra Pradesh', 'Visakhapatnam', '', '', 'Q842+VVQ,Q842+VVQ,', '17.756398332622492', '83.30003265291452', NULL, 1, '2023-02-01 17:04:57', NULL);
INSERT INTO `station` (`station_id`, `owner_id`, `station_name`, `contact_person`, `contact_number`, `alternate_number`, `country`, `state`, `city`, `pincode`, `landmark`, `address`, `latitude`, `longitude`, `geo_fencing_address`, `status`, `created_date`, `updated_date`) VALUES (138, 181, 'mintu station 1', 'Radhika', '9885098850', '', 'india', 'Ap', 'kkd', '530012', '', 'teasting location', '1.42399857078719', '36.91128175027212', NULL, 1, '2023-02-01 18:12:55', NULL);


#
# TABLE STRUCTURE FOR: transaction
#

DROP TABLE IF EXISTS `transaction`;

CREATE TABLE `transaction` (
  `transaction_id` bigint(20) NOT NULL AUTO_INCREMENT,
  `user_id` bigint(20) NOT NULL,
  `order_id` bigint(20) NOT NULL,
  `station_id` bigint(20) NOT NULL,
  `order_no` varchar(50) COLLATE utf8mb4_unicode_ci NOT NULL,
  `currency` varchar(20) COLLATE utf8mb4_unicode_ci NOT NULL,
  `amount` decimal(11,2) NOT NULL,
  `payment_ref_id` varchar(100) COLLATE utf8mb4_unicode_ci NOT NULL,
  `payment_date` datetime NOT NULL,
  `payment_status` varchar(50) COLLATE utf8mb4_unicode_ci NOT NULL,
  `status` tinyint(1) NOT NULL DEFAULT '0',
  `payment_type` enum('Purchase','Wallet') COLLATE utf8mb4_unicode_ci DEFAULT NULL,
  `transaction_type` enum('Wallet','Debit','Credit','Invoice') COLLATE utf8mb4_unicode_ci DEFAULT NULL,
  `receipt_no` varchar(255) COLLATE utf8mb4_unicode_ci NOT NULL,
  `payment_info` longtext COLLATE utf8mb4_unicode_ci,
  `is_invoice` tinyint(1) NOT NULL,
  `invoice_detail` text COLLATE utf8mb4_unicode_ci,
  `created_date` datetime NOT NULL,
  `updated_date` datetime DEFAULT NULL,
  PRIMARY KEY (`transaction_id`)
) ENGINE=InnoDB AUTO_INCREMENT=1088 DEFAULT CHARSET=utf8mb4 COLLATE=utf8mb4_unicode_ci;

INSERT INTO `transaction` (`transaction_id`, `user_id`, `order_id`, `station_id`, `order_no`, `currency`, `amount`, `payment_ref_id`, `payment_date`, `payment_status`, `status`, `payment_type`, `transaction_type`, `receipt_no`, `payment_info`, `is_invoice`, `invoice_detail`, `created_date`, `updated_date`) VALUES ('963', '162', '868', '133', 'O00868', 'KES', '10120.00', '23550249W2f0', '2023-01-25 14:35:40', 'Paid', 1, 'Purchase', 'Debit', 'c76a8086-6927-40e6-9947-d8bcc1391bdc', '{\"TranID\":\"c76a8086-6927-40e6-9947-d8bcc1391bdc\",\"OrderId\":\"963\",\"MerchantId\":null,\"Payee\":\"venky@gmail.com\",\"Amount\":10120.0000,\"TranasctionFee\":809.6000,\"ShippingCharge\":0.0000,\"Status\":\"Completed\",\"TranDate\":\"2023-01-25T12:06:00.997\",\"ClientIp\":\"115.246.192.21\",\"Currency\":\"KES\",\"SettlementStatus\":null,\"Description\":\"Purchase\",\"Rrn\":\"JPC-10068\",\"DateCompleted\":\"0001-01-01T00:00:00\",\"MerchantEmail\":\"eqwipetrol@jambopay.com\",\"CustomerEmail\":\"venky@gmail.com\",\"CustomerPhone\":null,\"CallBackUrl\":\"https://colormoon.in/eqwi_petrol/payment/success\",\"CancelledUrl\":\"https://colormoon.in/eqwi_petrol/payment/cancel\",\"Channel\":\"MPESA\",\"LipaLink\":\"70a9bc4585d44b4da94ead6636c17ee3\",\"PaymentChannel\":\"MPESA\",\"TransactionType\":\"Credit\"}', 0, NULL, '2023-01-25 14:35:40', NULL);
INSERT INTO `transaction` (`transaction_id`, `user_id`, `order_id`, `station_id`, `order_no`, `currency`, `amount`, `payment_ref_id`, `payment_date`, `payment_status`, `status`, `payment_type`, `transaction_type`, `receipt_no`, `payment_info`, `is_invoice`, `invoice_detail`, `created_date`, `updated_date`) VALUES ('964', '68', '869', '125', 'O00869', 'KES', '12120.00', '23942156mnB5', '2023-01-25 14:35:52', 'Paid', 1, 'Purchase', 'Debit', '06c8c187-f114-4b4b-b381-d516205b4f73', '{\"TranID\":\"06c8c187-f114-4b4b-b381-d516205b4f73\",\"OrderId\":\"964\",\"MerchantId\":null,\"Payee\":\"chaitanya.appdev@colourmoon.com\",\"Amount\":12120.0000,\"TranasctionFee\":969.6000,\"ShippingCharge\":0.0000,\"Status\":\"Completed\",\"TranDate\":\"2023-01-25T12:06:12.133\",\"ClientIp\":\"115.246.192.21\",\"Currency\":\"KES\",\"SettlementStatus\":null,\"Description\":\"Purchase\",\"Rrn\":\"JPC-10069\",\"DateCompleted\":\"0001-01-01T00:00:00\",\"MerchantEmail\":\"eqwipetrol@jambopay.com\",\"CustomerEmail\":\"chaitanya.appdev@colourmoon.com\",\"CustomerPhone\":null,\"CallBackUrl\":\"https://colormoon.in/eqwi_petrol/payment/success\",\"CancelledUrl\":\"https://colormoon.in/eqwi_petrol/payment/cancel\",\"Channel\":\"MPESA\",\"LipaLink\":\"7096d049ea964c5b898db1d5fe62a86c\",\"PaymentChannel\":\"MPESA\",\"TransactionType\":\"Credit\"}', 0, NULL, '2023-01-25 14:35:52', NULL);
INSERT INTO `transaction` (`transaction_id`, `user_id`, `order_id`, `station_id`, `order_no`, `currency`, `amount`, `payment_ref_id`, `payment_date`, `payment_status`, `status`, `payment_type`, `transaction_type`, `receipt_no`, `payment_info`, `is_invoice`, `invoice_detail`, `created_date`, `updated_date`) VALUES ('965', '68', '870', '125', 'O00870', 'KES', '12120.00', '23267868S7nm', '2023-01-25 14:37:40', 'Paid', 1, 'Purchase', 'Debit', '5f82aa9e-144d-4296-af71-d93bf0d41da4', '{\"TranID\":\"5f82aa9e-144d-4296-af71-d93bf0d41da4\",\"OrderId\":\"965\",\"MerchantId\":null,\"Payee\":\"chaitanya.appdev@colourmoon.com\",\"Amount\":12120.0000,\"TranasctionFee\":969.6000,\"ShippingCharge\":0.0000,\"Status\":\"Completed\",\"TranDate\":\"2023-01-25T12:07:59.77\",\"ClientIp\":\"115.246.192.21\",\"Currency\":\"KES\",\"SettlementStatus\":null,\"Description\":\"Purchase\",\"Rrn\":\"JPC-10070\",\"DateCompleted\":\"0001-01-01T00:00:00\",\"MerchantEmail\":\"eqwipetrol@jambopay.com\",\"CustomerEmail\":\"chaitanya.appdev@colourmoon.com\",\"CustomerPhone\":null,\"CallBackUrl\":\"https://colormoon.in/eqwi_petrol/payment/success\",\"CancelledUrl\":\"https://colormoon.in/eqwi_petrol/payment/cancel\",\"Channel\":\"MPESA\",\"LipaLink\":\"70de8c702e30490fb8423ff911e6bcd1\",\"PaymentChannel\":\"MPESA\",\"TransactionType\":\"Credit\"}', 0, NULL, '2023-01-25 14:37:40', NULL);
INSERT INTO `transaction` (`transaction_id`, `user_id`, `order_id`, `station_id`, `order_no`, `currency`, `amount`, `payment_ref_id`, `payment_date`, `payment_status`, `status`, `payment_type`, `transaction_type`, `receipt_no`, `payment_info`, `is_invoice`, `invoice_detail`, `created_date`, `updated_date`) VALUES ('966', '68', '871', '125', 'O00871', 'KES', '12120.00', '23395827CDi7', '2023-01-25 14:39:44', 'Paid', 1, 'Purchase', 'Debit', '247a0c25-aa83-4f84-a74b-357919669952', '{\"TranID\":\"247a0c25-aa83-4f84-a74b-357919669952\",\"OrderId\":\"966\",\"MerchantId\":null,\"Payee\":\"chaitanya.appdev@colourmoon.com\",\"Amount\":12120.0000,\"TranasctionFee\":969.6000,\"ShippingCharge\":0.0000,\"Status\":\"Completed\",\"TranDate\":\"2023-01-25T12:10:03.497\",\"ClientIp\":\"115.246.192.21\",\"Currency\":\"KES\",\"SettlementStatus\":null,\"Description\":\"Purchase\",\"Rrn\":\"JPC-10072\",\"DateCompleted\":\"0001-01-01T00:00:00\",\"MerchantEmail\":\"eqwipetrol@jambopay.com\",\"CustomerEmail\":\"chaitanya.appdev@colourmoon.com\",\"CustomerPhone\":null,\"CallBackUrl\":\"https://colormoon.in/eqwi_petrol/payment/success\",\"CancelledUrl\":\"https://colormoon.in/eqwi_petrol/payment/cancel\",\"Channel\":\"MPESA\",\"LipaLink\":\"e6368b805e524fdab271df8ecc95f2cf\",\"PaymentChannel\":\"MPESA\",\"TransactionType\":\"Credit\"}', 0, NULL, '2023-01-25 14:39:44', NULL);
INSERT INTO `transaction` (`transaction_id`, `user_id`, `order_id`, `station_id`, `order_no`, `currency`, `amount`, `payment_ref_id`, `payment_date`, `payment_status`, `status`, `payment_type`, `transaction_type`, `receipt_no`, `payment_info`, `is_invoice`, `invoice_detail`, `created_date`, `updated_date`) VALUES ('967', '68', '874', '125', 'O00874', 'KES', '38220.00', '23805933CkNG', '2023-01-25 15:48:02', 'Pending', 1, 'Purchase', 'Debit', '', '{\"TranID\":\"0e41b3c2-20ef-4f44-b532-81c9183ead9b\",\"OrderId\":\"967\",\"MerchantId\":null,\"Payee\":\"chaitanya.appdev@colourmoon.com\",\"Amount\":38220.0000,\"TranasctionFee\":0.0,\"ShippingCharge\":0.0000,\"Status\":\"Pending\",\"TranDate\":\"2023-01-25T13:18:24.5\",\"ClientIp\":\"115.246.192.21\",\"Currency\":\"KES\",\"SettlementStatus\":null,\"Description\":\"Purchase\",\"Rrn\":\"JPC-10092\",\"DateCompleted\":\"0001-01-01T00:00:00\",\"MerchantEmail\":\"eqwipetrol@jambopay.com\",\"CustomerEmail\":\"chaitanya.appdev@colourmoon.com\",\"CustomerPhone\":null,\"CallBackUrl\":\"https://colormoon.in/eqwi_petrol/payment/success\",\"CancelledUrl\":\"https://colormoon.in/eqwi_petrol/payment/cancel\",\"Channel\":null,\"LipaLink\":\"19845a5eb4df4cad9107953adaf7456b\",\"PaymentChannel\":null,\"TransactionType\":\"Credit\"}', 0, NULL, '2023-01-25 15:48:02', NULL);
INSERT INTO `transaction` (`transaction_id`, `user_id`, `order_id`, `station_id`, `order_no`, `currency`, `amount`, `payment_ref_id`, `payment_date`, `payment_status`, `status`, `payment_type`, `transaction_type`, `receipt_no`, `payment_info`, `is_invoice`, `invoice_detail`, `created_date`, `updated_date`) VALUES ('968', '63', '875', '107', 'O00875', 'KES', '36270.00', '23602800jsB0', '2023-01-25 15:53:17', 'Paid', 1, 'Purchase', 'Debit', 'da919656-fb10-4a81-a4ea-0a01a7b2d274', '{\"TranID\":\"da919656-fb10-4a81-a4ea-0a01a7b2d274\",\"OrderId\":\"968\",\"MerchantId\":null,\"Payee\":\"jenniferkamura@gmail.com\",\"Amount\":36270.0000,\"TranasctionFee\":2901.6000,\"ShippingCharge\":0.0000,\"Status\":\"Completed\",\"TranDate\":\"2023-01-25T13:23:40.92\",\"ClientIp\":\"115.246.192.21\",\"Currency\":\"KES\",\"SettlementStatus\":null,\"Description\":\"Purchase\",\"Rrn\":\"JPC-10095\",\"DateCompleted\":\"0001-01-01T00:00:00\",\"MerchantEmail\":\"eqwipetrol@jambopay.com\",\"CustomerEmail\":\"jenniferkamura@gmail.com\",\"CustomerPhone\":null,\"CallBackUrl\":\"https://colormoon.in/eqwi_petrol/payment/success\",\"CancelledUrl\":\"https://colormoon.in/eqwi_petrol/payment/cancel\",\"Channel\":\"MPESA\",\"LipaLink\":\"9da80dc79a7543aaaf904fc3cb7e5236\",\"PaymentChannel\":\"MPESA\",\"TransactionType\":\"Credit\"}', 0, NULL, '2023-01-25 15:53:17', NULL);
INSERT INTO `transaction` (`transaction_id`, `user_id`, `order_id`, `station_id`, `order_no`, `currency`, `amount`, `payment_ref_id`, `payment_date`, `payment_status`, `status`, `payment_type`, `transaction_type`, `receipt_no`, `payment_info`, `is_invoice`, `invoice_detail`, `created_date`, `updated_date`) VALUES ('969', '70', '876', '70', 'O00876', 'KES', '80120.00', '23709205ahyE', '2023-01-25 16:15:20', 'Paid', 1, 'Purchase', 'Debit', '42309c75-6f25-4b48-86e8-1dc7bbce1cab', '{\"TranID\":\"42309c75-6f25-4b48-86e8-1dc7bbce1cab\",\"OrderId\":\"969\",\"MerchantId\":null,\"Payee\":\"njinufelix@gmail.com\",\"Amount\":80120.0000,\"TranasctionFee\":6409.6000,\"ShippingCharge\":0.0000,\"Status\":\"Completed\",\"TranDate\":\"2023-01-25T13:45:41.513\",\"ClientIp\":\"196.201.210.93\",\"Currency\":\"KES\",\"SettlementStatus\":null,\"Description\":\"Purchase\",\"Rrn\":\"JPC-10096\",\"DateCompleted\":\"0001-01-01T00:00:00\",\"MerchantEmail\":\"eqwipetrol@jambopay.com\",\"CustomerEmail\":\"njinufelix@gmail.com\",\"CustomerPhone\":null,\"CallBackUrl\":\"https://colormoon.in/eqwi_petrol/payment/success\",\"CancelledUrl\":\"https://colormoon.in/eqwi_petrol/payment/cancel\",\"Channel\":\"MPESA\",\"LipaLink\":\"ca363fdcef4d4482b1523a5561a27cf9\",\"PaymentChannel\":\"MPESA\",\"TransactionType\":\"Credit\"}', 0, NULL, '2023-01-25 16:15:20', NULL);
INSERT INTO `transaction` (`transaction_id`, `user_id`, `order_id`, `station_id`, `order_no`, `currency`, `amount`, `payment_ref_id`, `payment_date`, `payment_status`, `status`, `payment_type`, `transaction_type`, `receipt_no`, `payment_info`, `is_invoice`, `invoice_detail`, `created_date`, `updated_date`) VALUES ('970', '70', '877', '70', 'O00877', 'KES', '800120.00', '23728547yKYd', '2023-01-25 17:50:04', 'Pending', 1, 'Purchase', 'Debit', '', NULL, 0, NULL, '2023-01-25 17:50:04', NULL);
INSERT INTO `transaction` (`transaction_id`, `user_id`, `order_id`, `station_id`, `order_no`, `currency`, `amount`, `payment_ref_id`, `payment_date`, `payment_status`, `status`, `payment_type`, `transaction_type`, `receipt_no`, `payment_info`, `is_invoice`, `invoice_detail`, `created_date`, `updated_date`) VALUES ('971', '70', '878', '70', 'O00878', 'KES', '800120.00', '23173770VMA0', '2023-01-25 17:52:12', 'Pending', 1, 'Purchase', 'Debit', '', NULL, 0, NULL, '2023-01-25 17:52:12', NULL);
INSERT INTO `transaction` (`transaction_id`, `user_id`, `order_id`, `station_id`, `order_no`, `currency`, `amount`, `payment_ref_id`, `payment_date`, `payment_status`, `status`, `payment_type`, `transaction_type`, `receipt_no`, `payment_info`, `is_invoice`, `invoice_detail`, `created_date`, `updated_date`) VALUES ('972', '70', '879', '70', 'O00879', 'KES', '800120.00', '23596728DiC3', '2023-01-25 17:52:59', 'Pending', 1, 'Purchase', 'Debit', '', NULL, 0, NULL, '2023-01-25 17:52:59', NULL);
INSERT INTO `transaction` (`transaction_id`, `user_id`, `order_id`, `station_id`, `order_no`, `currency`, `amount`, `payment_ref_id`, `payment_date`, `payment_status`, `status`, `payment_type`, `transaction_type`, `receipt_no`, `payment_info`, `is_invoice`, `invoice_detail`, `created_date`, `updated_date`) VALUES ('973', '70', '880', '70', 'O00880', 'KES', '800120.00', '23722902vu7v', '2023-01-25 17:53:38', 'Pending', 1, 'Purchase', 'Debit', '', NULL, 0, NULL, '2023-01-25 17:53:38', NULL);
INSERT INTO `transaction` (`transaction_id`, `user_id`, `order_id`, `station_id`, `order_no`, `currency`, `amount`, `payment_ref_id`, `payment_date`, `payment_status`, `status`, `payment_type`, `transaction_type`, `receipt_no`, `payment_info`, `is_invoice`, `invoice_detail`, `created_date`, `updated_date`) VALUES ('974', '70', '881', '70', 'O00881', 'KES', '80120.00', '23224490dF39', '2023-01-25 17:54:15', 'Pending', 1, 'Purchase', 'Debit', '', '{\"TranID\":\"1f92f0fa-983a-4a1d-aa74-794dade06df1\",\"OrderId\":\"974\",\"MerchantId\":null,\"Payee\":\"njinufelix@gmail.com\",\"Amount\":80120.0000,\"TranasctionFee\":0.0,\"ShippingCharge\":0.0000,\"Status\":\"Pending\",\"TranDate\":\"2023-01-25T15:24:33.83\",\"ClientIp\":\"105.161.113.141\",\"Currency\":\"KES\",\"SettlementStatus\":null,\"Description\":\"Purchase\",\"Rrn\":\"JPC-10127\",\"DateCompleted\":\"0001-01-01T00:00:00\",\"MerchantEmail\":\"eqwipetrol@jambopay.com\",\"CustomerEmail\":\"njinufelix@gmail.com\",\"CustomerPhone\":null,\"CallBackUrl\":\"https://colormoon.in/eqwi_petrol/payment/success\",\"CancelledUrl\":\"https://colormoon.in/eqwi_petrol/payment/cancel\",\"Channel\":null,\"LipaLink\":\"c460c6ae5b084cacaee5ece4154b87d2\",\"PaymentChannel\":null,\"TransactionType\":\"Credit\"}', 0, NULL, '2023-01-25 17:54:15', NULL);
INSERT INTO `transaction` (`transaction_id`, `user_id`, `order_id`, `station_id`, `order_no`, `currency`, `amount`, `payment_ref_id`, `payment_date`, `payment_status`, `status`, `payment_type`, `transaction_type`, `receipt_no`, `payment_info`, `is_invoice`, `invoice_detail`, `created_date`, `updated_date`) VALUES ('975', '70', '882', '70', 'O00882', 'KES', '80120.00', '23685018mJsr', '2023-01-25 17:54:16', 'Paid', 1, 'Purchase', 'Debit', '42e2af15-1c8b-4019-9725-24f1869ba2ca', '{\"TranID\":\"42e2af15-1c8b-4019-9725-24f1869ba2ca\",\"OrderId\":\"975\",\"MerchantId\":null,\"Payee\":\"njinufelix@gmail.com\",\"Amount\":80120.0000,\"TranasctionFee\":6409.6000,\"ShippingCharge\":0.0000,\"Status\":\"Completed\",\"TranDate\":\"2023-01-25T15:24:34.473\",\"ClientIp\":\"105.161.113.141\",\"Currency\":\"KES\",\"SettlementStatus\":null,\"Description\":\"Purchase\",\"Rrn\":\"JPC-10128\",\"DateCompleted\":\"0001-01-01T00:00:00\",\"MerchantEmail\":\"eqwipetrol@jambopay.com\",\"CustomerEmail\":\"njinufelix@gmail.com\",\"CustomerPhone\":null,\"CallBackUrl\":\"https://colormoon.in/eqwi_petrol/payment/success\",\"CancelledUrl\":\"https://colormoon.in/eqwi_petrol/payment/cancel\",\"Channel\":\"MPESA\",\"LipaLink\":\"7324877e8c4447a88fd5d4226fce031b\",\"PaymentChannel\":\"MPESA\",\"TransactionType\":\"Credit\"}', 0, NULL, '2023-01-25 17:54:16', NULL);
INSERT INTO `transaction` (`transaction_id`, `user_id`, `order_id`, `station_id`, `order_no`, `currency`, `amount`, `payment_ref_id`, `payment_date`, `payment_status`, `status`, `payment_type`, `transaction_type`, `receipt_no`, `payment_info`, `is_invoice`, `invoice_detail`, `created_date`, `updated_date`) VALUES ('976', '70', '883', '70', 'O00883', 'KES', '300120.00', '23620458VMB2', '2023-01-25 18:19:50', 'Pending', 1, 'Purchase', 'Debit', '', NULL, 0, NULL, '2023-01-25 18:19:50', NULL);
INSERT INTO `transaction` (`transaction_id`, `user_id`, `order_id`, `station_id`, `order_no`, `currency`, `amount`, `payment_ref_id`, `payment_date`, `payment_status`, `status`, `payment_type`, `transaction_type`, `receipt_no`, `payment_info`, `is_invoice`, `invoice_detail`, `created_date`, `updated_date`) VALUES ('977', '70', '884', '70', 'O00884', 'KES', '300120.00', '23692630LjS2', '2023-01-25 18:20:13', 'Pending', 1, 'Purchase', 'Debit', '', NULL, 0, NULL, '2023-01-25 18:20:13', NULL);
INSERT INTO `transaction` (`transaction_id`, `user_id`, `order_id`, `station_id`, `order_no`, `currency`, `amount`, `payment_ref_id`, `payment_date`, `payment_status`, `status`, `payment_type`, `transaction_type`, `receipt_no`, `payment_info`, `is_invoice`, `invoice_detail`, `created_date`, `updated_date`) VALUES ('978', '70', '885', '70', 'O00885', 'KES', '300120.00', '23427428AMvS', '2023-01-25 18:22:01', 'Pending', 1, 'Purchase', 'Debit', '', NULL, 0, NULL, '2023-01-25 18:22:01', NULL);
INSERT INTO `transaction` (`transaction_id`, `user_id`, `order_id`, `station_id`, `order_no`, `currency`, `amount`, `payment_ref_id`, `payment_date`, `payment_status`, `status`, `payment_type`, `transaction_type`, `receipt_no`, `payment_info`, `is_invoice`, `invoice_detail`, `created_date`, `updated_date`) VALUES ('979', '68', '886', '125', 'O00886', 'KES', '50220.00', '23969693y7gz', '2023-01-27 17:16:54', 'Paid', 1, 'Purchase', 'Debit', '20dbd4b0-2fcc-4d10-9d24-3453e8f6a0e7', '{\"TranID\":\"20dbd4b0-2fcc-4d10-9d24-3453e8f6a0e7\",\"OrderId\":\"979\",\"MerchantId\":null,\"Payee\":\"chaitanya.appdev@colourmoon.com\",\"Amount\":50220.0000,\"TranasctionFee\":4017.6000,\"ShippingCharge\":0.0000,\"Status\":\"Completed\",\"TranDate\":\"2023-01-27T14:47:15.103\",\"ClientIp\":\"202.53.69.164\",\"Currency\":\"KES\",\"SettlementStatus\":null,\"Description\":\"Purchase\",\"Rrn\":\"JPC-10052\",\"DateCompleted\":\"0001-01-01T00:00:00\",\"MerchantEmail\":\"eqwipetrol@jambopay.com\",\"CustomerEmail\":\"chaitanya.appdev@colourmoon.com\",\"CustomerPhone\":null,\"CallBackUrl\":\"https://colormoon.in/eqwi_petrol/payment/success\",\"CancelledUrl\":\"https://colormoon.in/eqwi_petrol/payment/cancel\",\"Channel\":\"MPESA\",\"LipaLink\":\"bd8ecf5b93e242e98b03f51bffb1d474\",\"PaymentChannel\":\"MPESA\",\"TransactionType\":\"Credit\"}', 0, NULL, '2023-01-27 17:16:54', NULL);
INSERT INTO `transaction` (`transaction_id`, `user_id`, `order_id`, `station_id`, `order_no`, `currency`, `amount`, `payment_ref_id`, `payment_date`, `payment_status`, `status`, `payment_type`, `transaction_type`, `receipt_no`, `payment_info`, `is_invoice`, `invoice_detail`, `created_date`, `updated_date`) VALUES ('980', '68', '887', '125', 'O00887', 'KES', '12120.00', '23656883u1TW', '2023-01-27 17:30:32', 'Paid', 1, 'Purchase', 'Debit', '62f4eac6-04f9-4a05-aa63-df8b2799aa44', '{\"TranID\":\"62f4eac6-04f9-4a05-aa63-df8b2799aa44\",\"OrderId\":\"980\",\"MerchantId\":null,\"Payee\":\"chaitanya.appdev@colourmoon.com\",\"Amount\":12120.0000,\"TranasctionFee\":969.6000,\"ShippingCharge\":0.0000,\"Status\":\"Completed\",\"TranDate\":\"2023-01-27T15:00:53.15\",\"ClientIp\":\"202.53.69.164\",\"Currency\":\"KES\",\"SettlementStatus\":null,\"Description\":\"Purchase\",\"Rrn\":\"JPC-10053\",\"DateCompleted\":\"0001-01-01T00:00:00\",\"MerchantEmail\":\"eqwipetrol@jambopay.com\",\"CustomerEmail\":\"chaitanya.appdev@colourmoon.com\",\"CustomerPhone\":null,\"CallBackUrl\":\"https://colormoon.in/eqwi_petrol/payment/success\",\"CancelledUrl\":\"https://colormoon.in/eqwi_petrol/payment/cancel\",\"Channel\":\"MPESA\",\"LipaLink\":\"4eefb0d8e0ec416c9ee87bf301809561\",\"PaymentChannel\":\"MPESA\",\"TransactionType\":\"Credit\"}', 0, NULL, '2023-01-27 17:30:32', NULL);
INSERT INTO `transaction` (`transaction_id`, `user_id`, `order_id`, `station_id`, `order_no`, `currency`, `amount`, `payment_ref_id`, `payment_date`, `payment_status`, `status`, `payment_type`, `transaction_type`, `receipt_no`, `payment_info`, `is_invoice`, `invoice_detail`, `created_date`, `updated_date`) VALUES ('981', '68', '888', '125', 'O00888', 'KES', '12120.00', '23685103tzGf', '2023-01-27 17:31:38', 'Paid', 1, 'Purchase', 'Debit', 'd6c3e6a5-b4c4-4f1e-a0b2-afe94748b61d', '{\"TranID\":\"d6c3e6a5-b4c4-4f1e-a0b2-afe94748b61d\",\"OrderId\":\"981\",\"MerchantId\":null,\"Payee\":\"chaitanya.appdev@colourmoon.com\",\"Amount\":12120.0000,\"TranasctionFee\":969.6000,\"ShippingCharge\":0.0000,\"Status\":\"Completed\",\"TranDate\":\"2023-01-27T15:01:56.613\",\"ClientIp\":\"202.53.69.164\",\"Currency\":\"KES\",\"SettlementStatus\":null,\"Description\":\"Purchase\",\"Rrn\":\"JPC-10054\",\"DateCompleted\":\"0001-01-01T00:00:00\",\"MerchantEmail\":\"eqwipetrol@jambopay.com\",\"CustomerEmail\":\"chaitanya.appdev@colourmoon.com\",\"CustomerPhone\":null,\"CallBackUrl\":\"https://colormoon.in/eqwi_petrol/payment/success\",\"CancelledUrl\":\"https://colormoon.in/eqwi_petrol/payment/cancel\",\"Channel\":\"MPESA\",\"LipaLink\":\"660f5635e8f844528d61f0868a4b1dcd\",\"PaymentChannel\":\"MPESA\",\"TransactionType\":\"Credit\"}', 0, NULL, '2023-01-27 17:31:38', NULL);
INSERT INTO `transaction` (`transaction_id`, `user_id`, `order_id`, `station_id`, `order_no`, `currency`, `amount`, `payment_ref_id`, `payment_date`, `payment_status`, `status`, `payment_type`, `transaction_type`, `receipt_no`, `payment_info`, `is_invoice`, `invoice_detail`, `created_date`, `updated_date`) VALUES ('982', '68', '889', '125', 'O00889', 'KES', '10120.00', '23982141vbOS', '2023-01-27 18:22:11', 'Pending', 1, 'Purchase', 'Debit', '', '{\"TranID\":\"2ba55262-00d2-4350-a380-4a0038522ae4\",\"OrderId\":\"982\",\"MerchantId\":null,\"Payee\":\"chaitanya.appdev@colourmoon.com\",\"Amount\":10120.0000,\"TranasctionFee\":0.0,\"ShippingCharge\":0.0000,\"Status\":\"Pending\",\"TranDate\":\"2023-01-27T15:52:31.013\",\"ClientIp\":\"202.53.69.164\",\"Currency\":\"KES\",\"SettlementStatus\":null,\"Description\":\"Purchase\",\"Rrn\":\"JPC-10063\",\"DateCompleted\":\"0001-01-01T00:00:00\",\"MerchantEmail\":\"eqwipetrol@jambopay.com\",\"CustomerEmail\":\"chaitanya.appdev@colourmoon.com\",\"CustomerPhone\":null,\"CallBackUrl\":\"https://colormoon.in/eqwi_petrol/payment/success\",\"CancelledUrl\":\"https://colormoon.in/eqwi_petrol/payment/cancel\",\"Channel\":null,\"LipaLink\":\"e1775569de0d4335a4cf399dd07bc83b\",\"PaymentChannel\":null,\"TransactionType\":\"Credit\"}', 0, NULL, '2023-01-27 18:22:11', NULL);
INSERT INTO `transaction` (`transaction_id`, `user_id`, `order_id`, `station_id`, `order_no`, `currency`, `amount`, `payment_ref_id`, `payment_date`, `payment_status`, `status`, `payment_type`, `transaction_type`, `receipt_no`, `payment_info`, `is_invoice`, `invoice_detail`, `created_date`, `updated_date`) VALUES ('983', '68', '891', '125', 'O00891', 'KES', '38820.00', '23654661wP6g', '2023-01-27 18:43:46', 'Paid', 1, 'Purchase', 'Debit', '6ae424d8-8300-441a-ae01-2d0abc13493b', '{\"TranID\":\"6ae424d8-8300-441a-ae01-2d0abc13493b\",\"OrderId\":\"983\",\"MerchantId\":null,\"Payee\":\"chaitanya.appdev@colourmoon.com\",\"Amount\":38820.0000,\"TranasctionFee\":3105.6000,\"ShippingCharge\":0.0000,\"Status\":\"Completed\",\"TranDate\":\"2023-01-27T16:14:06.5\",\"ClientIp\":\"202.53.69.164\",\"Currency\":\"KES\",\"SettlementStatus\":null,\"Description\":\"Purchase\",\"Rrn\":\"JPC-10064\",\"DateCompleted\":\"0001-01-01T00:00:00\",\"MerchantEmail\":\"eqwipetrol@jambopay.com\",\"CustomerEmail\":\"chaitanya.appdev@colourmoon.com\",\"CustomerPhone\":null,\"CallBackUrl\":\"https://colormoon.in/eqwi_petrol/payment/success\",\"CancelledUrl\":\"https://colormoon.in/eqwi_petrol/payment/cancel\",\"Channel\":\"MPESA\",\"LipaLink\":\"0cefdac27f314e158b3e89a442fd250d\",\"PaymentChannel\":\"MPESA\",\"TransactionType\":\"Credit\"}', 0, NULL, '2023-01-27 18:43:46', NULL);
INSERT INTO `transaction` (`transaction_id`, `user_id`, `order_id`, `station_id`, `order_no`, `currency`, `amount`, `payment_ref_id`, `payment_date`, `payment_status`, `status`, `payment_type`, `transaction_type`, `receipt_no`, `payment_info`, `is_invoice`, `invoice_detail`, `created_date`, `updated_date`) VALUES ('984', '68', '892', '125', 'O00892', 'KES', '11480.00', '23719731203D', '2023-01-27 18:44:53', 'Paid', 1, 'Purchase', 'Debit', '1fe13338-7b64-4c53-945e-16b626741aea', '{\"TranID\":\"1fe13338-7b64-4c53-945e-16b626741aea\",\"OrderId\":\"984\",\"MerchantId\":null,\"Payee\":\"chaitanya.appdev@colourmoon.com\",\"Amount\":11480.0000,\"TranasctionFee\":918.4000,\"ShippingCharge\":0.0000,\"Status\":\"Completed\",\"TranDate\":\"2023-01-27T16:15:12.79\",\"ClientIp\":\"202.53.69.164\",\"Currency\":\"KES\",\"SettlementStatus\":null,\"Description\":\"Purchase\",\"Rrn\":\"JPC-10065\",\"DateCompleted\":\"0001-01-01T00:00:00\",\"MerchantEmail\":\"eqwipetrol@jambopay.com\",\"CustomerEmail\":\"chaitanya.appdev@colourmoon.com\",\"CustomerPhone\":null,\"CallBackUrl\":\"https://colormoon.in/eqwi_petrol/payment/success\",\"CancelledUrl\":\"https://colormoon.in/eqwi_petrol/payment/cancel\",\"Channel\":\"MPESA\",\"LipaLink\":\"e73d70f628ff477cb5aa22898741a82d\",\"PaymentChannel\":\"MPESA\",\"TransactionType\":\"Credit\"}', 0, NULL, '2023-01-27 18:44:53', NULL);
INSERT INTO `transaction` (`transaction_id`, `user_id`, `order_id`, `station_id`, `order_no`, `currency`, `amount`, `payment_ref_id`, `payment_date`, `payment_status`, `status`, `payment_type`, `transaction_type`, `receipt_no`, `payment_info`, `is_invoice`, `invoice_detail`, `created_date`, `updated_date`) VALUES ('985', '68', '893', '125', 'O00893', 'KES', '10040.00', '238419066MZt', '2023-01-27 18:49:02', 'Paid', 1, 'Purchase', 'Debit', 'ec511b25-2b6d-4120-9748-d9591a5b4771', '{\"TranID\":\"ec511b25-2b6d-4120-9748-d9591a5b4771\",\"OrderId\":\"985\",\"MerchantId\":null,\"Payee\":\"chaitanya.appdev@colourmoon.com\",\"Amount\":10040.0000,\"TranasctionFee\":803.2000,\"ShippingCharge\":0.0000,\"Status\":\"Completed\",\"TranDate\":\"2023-01-27T16:19:22.133\",\"ClientIp\":\"202.53.69.164\",\"Currency\":\"KES\",\"SettlementStatus\":null,\"Description\":\"Purchase\",\"Rrn\":\"JPC-10066\",\"DateCompleted\":\"0001-01-01T00:00:00\",\"MerchantEmail\":\"eqwipetrol@jambopay.com\",\"CustomerEmail\":\"chaitanya.appdev@colourmoon.com\",\"CustomerPhone\":null,\"CallBackUrl\":\"https://colormoon.in/eqwi_petrol/payment/success\",\"CancelledUrl\":\"https://colormoon.in/eqwi_petrol/payment/cancel\",\"Channel\":\"MPESA\",\"LipaLink\":\"bd67e35ca0484deb8b7561ecf8612ad1\",\"PaymentChannel\":\"MPESA\",\"TransactionType\":\"Credit\"}', 0, NULL, '2023-01-27 18:49:02', NULL);
INSERT INTO `transaction` (`transaction_id`, `user_id`, `order_id`, `station_id`, `order_no`, `currency`, `amount`, `payment_ref_id`, `payment_date`, `payment_status`, `status`, `payment_type`, `transaction_type`, `receipt_no`, `payment_info`, `is_invoice`, `invoice_detail`, `created_date`, `updated_date`) VALUES ('986', '68', '894', '125', 'O00894', 'KES', '38220.00', '234733873yPz', '2023-01-28 10:54:47', 'Paid', 1, 'Purchase', 'Debit', 'fc2ad2b9-f13d-4241-8178-ddfe5196efa0', '{\"TranID\":\"fc2ad2b9-f13d-4241-8178-ddfe5196efa0\",\"OrderId\":\"986\",\"MerchantId\":null,\"Payee\":\"chaitanya.appdev@colourmoon.com\",\"Amount\":38220.0000,\"TranasctionFee\":3057.6000,\"ShippingCharge\":0.0000,\"Status\":\"Completed\",\"TranDate\":\"2023-01-28T08:25:09.85\",\"ClientIp\":\"202.53.69.164\",\"Currency\":\"KES\",\"SettlementStatus\":null,\"Description\":\"Purchase\",\"Rrn\":\"JPC-10067\",\"DateCompleted\":\"0001-01-01T00:00:00\",\"MerchantEmail\":\"eqwipetrol@jambopay.com\",\"CustomerEmail\":\"chaitanya.appdev@colourmoon.com\",\"CustomerPhone\":null,\"CallBackUrl\":\"https://colormoon.in/eqwi_petrol/payment/success\",\"CancelledUrl\":\"https://colormoon.in/eqwi_petrol/payment/cancel\",\"Channel\":\"MPESA\",\"LipaLink\":\"ad698afa65114962a359381c4caeea98\",\"PaymentChannel\":\"MPESA\",\"TransactionType\":\"Credit\"}', 0, NULL, '2023-01-28 10:54:47', NULL);
INSERT INTO `transaction` (`transaction_id`, `user_id`, `order_id`, `station_id`, `order_no`, `currency`, `amount`, `payment_ref_id`, `payment_date`, `payment_status`, `status`, `payment_type`, `transaction_type`, `receipt_no`, `payment_info`, `is_invoice`, `invoice_detail`, `created_date`, `updated_date`) VALUES ('987', '68', '895', '125', 'O00895', 'KES', '9880.00', '23626140RyBQ', '2023-01-28 11:06:35', 'Pending', 1, 'Purchase', 'Debit', '', '{\"TranID\":\"04e9204e-7c03-47d8-ab8e-a673ed9d083d\",\"OrderId\":\"987\",\"MerchantId\":null,\"Payee\":\"chaitanya.appdev@colourmoon.com\",\"Amount\":9880.0000,\"TranasctionFee\":0.0,\"ShippingCharge\":0.0000,\"Status\":\"Pending\",\"TranDate\":\"2023-01-28T08:36:56.157\",\"ClientIp\":\"202.53.69.164\",\"Currency\":\"KES\",\"SettlementStatus\":null,\"Description\":\"Purchase\",\"Rrn\":\"JPC-10068\",\"DateCompleted\":\"0001-01-01T00:00:00\",\"MerchantEmail\":\"eqwipetrol@jambopay.com\",\"CustomerEmail\":\"chaitanya.appdev@colourmoon.com\",\"CustomerPhone\":null,\"CallBackUrl\":\"https://colormoon.in/eqwi_petrol/payment/success\",\"CancelledUrl\":\"https://colormoon.in/eqwi_petrol/payment/cancel\",\"Channel\":null,\"LipaLink\":\"749e3536981b43fbb7919654b05f837d\",\"PaymentChannel\":null,\"TransactionType\":\"Credit\"}', 0, NULL, '2023-01-28 11:06:35', NULL);
INSERT INTO `transaction` (`transaction_id`, `user_id`, `order_id`, `station_id`, `order_no`, `currency`, `amount`, `payment_ref_id`, `payment_date`, `payment_status`, `status`, `payment_type`, `transaction_type`, `receipt_no`, `payment_info`, `is_invoice`, `invoice_detail`, `created_date`, `updated_date`) VALUES ('988', '68', '896', '125', 'O00896', 'KES', '9880.00', '238654701vAF', '2023-01-28 11:07:26', 'Pending', 1, 'Purchase', 'Debit', '', '{\"TranID\":\"b1a15118-f8e7-4235-bdbe-ddc0ebb5caec\",\"OrderId\":\"988\",\"MerchantId\":null,\"Payee\":\"chaitanya.appdev@colourmoon.com\",\"Amount\":9880.0000,\"TranasctionFee\":0.0,\"ShippingCharge\":0.0000,\"Status\":\"Pending\",\"TranDate\":\"2023-01-28T08:37:45.813\",\"ClientIp\":\"202.53.69.164\",\"Currency\":\"KES\",\"SettlementStatus\":null,\"Description\":\"Purchase\",\"Rrn\":\"JPC-10069\",\"DateCompleted\":\"0001-01-01T00:00:00\",\"MerchantEmail\":\"eqwipetrol@jambopay.com\",\"CustomerEmail\":\"chaitanya.appdev@colourmoon.com\",\"CustomerPhone\":null,\"CallBackUrl\":\"https://colormoon.in/eqwi_petrol/payment/success\",\"CancelledUrl\":\"https://colormoon.in/eqwi_petrol/payment/cancel\",\"Channel\":null,\"LipaLink\":\"d0dab0d67d304617b89c56fb58f10950\",\"PaymentChannel\":null,\"TransactionType\":\"Credit\"}', 0, NULL, '2023-01-28 11:07:26', NULL);
INSERT INTO `transaction` (`transaction_id`, `user_id`, `order_id`, `station_id`, `order_no`, `currency`, `amount`, `payment_ref_id`, `payment_date`, `payment_status`, `status`, `payment_type`, `transaction_type`, `receipt_no`, `payment_info`, `is_invoice`, `invoice_detail`, `created_date`, `updated_date`) VALUES ('989', '68', '897', '125', 'O00897', 'KES', '9880.00', '23454605N8Jq', '2023-01-28 11:09:17', 'Pending', 1, 'Purchase', 'Debit', '', '{\"TranID\":\"38125425-4e67-401a-ad19-739c8547816c\",\"OrderId\":\"989\",\"MerchantId\":null,\"Payee\":\"chaitanya.appdev@colourmoon.com\",\"Amount\":9880.0000,\"TranasctionFee\":0.0,\"ShippingCharge\":0.0000,\"Status\":\"Pending\",\"TranDate\":\"2023-01-28T08:39:37.583\",\"ClientIp\":\"202.53.69.164\",\"Currency\":\"KES\",\"SettlementStatus\":null,\"Description\":\"Purchase\",\"Rrn\":\"JPC-10070\",\"DateCompleted\":\"0001-01-01T00:00:00\",\"MerchantEmail\":\"eqwipetrol@jambopay.com\",\"CustomerEmail\":\"chaitanya.appdev@colourmoon.com\",\"CustomerPhone\":null,\"CallBackUrl\":\"https://colormoon.in/eqwi_petrol/payment/success\",\"CancelledUrl\":\"https://colormoon.in/eqwi_petrol/payment/cancel\",\"Channel\":null,\"LipaLink\":\"ef345c5a6d464485b2b506da835a210d\",\"PaymentChannel\":null,\"TransactionType\":\"Credit\"}', 0, NULL, '2023-01-28 11:09:17', NULL);
INSERT INTO `transaction` (`transaction_id`, `user_id`, `order_id`, `station_id`, `order_no`, `currency`, `amount`, `payment_ref_id`, `payment_date`, `payment_status`, `status`, `payment_type`, `transaction_type`, `receipt_no`, `payment_info`, `is_invoice`, `invoice_detail`, `created_date`, `updated_date`) VALUES ('990', '68', '898', '125', 'O00898', 'KES', '9880.00', '234659252APQ', '2023-01-28 11:11:05', 'Pending', 1, 'Purchase', 'Debit', '', '{\"TranID\":\"3996a692-288d-4268-bb9d-a97401fd2a8d\",\"OrderId\":\"990\",\"MerchantId\":null,\"Payee\":\"chaitanya.appdev@colourmoon.com\",\"Amount\":9880.0000,\"TranasctionFee\":0.0,\"ShippingCharge\":0.0000,\"Status\":\"Pending\",\"TranDate\":\"2023-01-28T08:41:25.21\",\"ClientIp\":\"202.53.69.164\",\"Currency\":\"KES\",\"SettlementStatus\":null,\"Description\":\"Purchase\",\"Rrn\":\"JPC-10071\",\"DateCompleted\":\"0001-01-01T00:00:00\",\"MerchantEmail\":\"eqwipetrol@jambopay.com\",\"CustomerEmail\":\"chaitanya.appdev@colourmoon.com\",\"CustomerPhone\":null,\"CallBackUrl\":\"https://colormoon.in/eqwi_petrol/payment/success\",\"CancelledUrl\":\"https://colormoon.in/eqwi_petrol/payment/cancel\",\"Channel\":null,\"LipaLink\":\"66bef2a0bf5345888b033c5b11cb1f35\",\"PaymentChannel\":null,\"TransactionType\":\"Credit\"}', 0, NULL, '2023-01-28 11:11:05', NULL);
INSERT INTO `transaction` (`transaction_id`, `user_id`, `order_id`, `station_id`, `order_no`, `currency`, `amount`, `payment_ref_id`, `payment_date`, `payment_status`, `status`, `payment_type`, `transaction_type`, `receipt_no`, `payment_info`, `is_invoice`, `invoice_detail`, `created_date`, `updated_date`) VALUES ('991', '68', '899', '125', 'O00899', 'KES', '9880.00', '23175376lAER', '2023-01-28 11:24:58', 'Paid', 1, 'Purchase', 'Debit', 'b1c9839d-a165-4f78-b2f9-c57864b9785a', '{\"TranID\":\"b1c9839d-a165-4f78-b2f9-c57864b9785a\",\"OrderId\":\"991\",\"MerchantId\":null,\"Payee\":\"chaitanya.appdev@colourmoon.com\",\"Amount\":9880.0000,\"TranasctionFee\":790.4000,\"ShippingCharge\":0.0000,\"Status\":\"Completed\",\"TranDate\":\"2023-01-28T08:55:20.373\",\"ClientIp\":\"202.53.69.164\",\"Currency\":\"KES\",\"SettlementStatus\":null,\"Description\":\"Purchase\",\"Rrn\":\"JPC-10072\",\"DateCompleted\":\"0001-01-01T00:00:00\",\"MerchantEmail\":\"eqwipetrol@jambopay.com\",\"CustomerEmail\":\"chaitanya.appdev@colourmoon.com\",\"CustomerPhone\":null,\"CallBackUrl\":\"https://colormoon.in/eqwi_petrol/payment/success\",\"CancelledUrl\":\"https://colormoon.in/eqwi_petrol/payment/cancel\",\"Channel\":\"MPESA\",\"LipaLink\":\"7ea88962925d4bc8bbf6f81146706c34\",\"PaymentChannel\":\"MPESA\",\"TransactionType\":\"Credit\"}', 0, NULL, '2023-01-28 11:24:58', NULL);
INSERT INTO `transaction` (`transaction_id`, `user_id`, `order_id`, `station_id`, `order_no`, `currency`, `amount`, `payment_ref_id`, `payment_date`, `payment_status`, `status`, `payment_type`, `transaction_type`, `receipt_no`, `payment_info`, `is_invoice`, `invoice_detail`, `created_date`, `updated_date`) VALUES ('992', '68', '901', '125', 'O00901', 'KES', '11880.00', '23869561POs0', '2023-01-28 11:29:26', 'Pending', 1, 'Purchase', 'Debit', '', '{\"TranID\":\"341ed4bb-11a9-4267-a122-7571243b22e7\",\"OrderId\":\"992\",\"MerchantId\":null,\"Payee\":\"chaitanya.appdev@colourmoon.com\",\"Amount\":11880.0000,\"TranasctionFee\":0.0,\"ShippingCharge\":0.0000,\"Status\":\"Pending\",\"TranDate\":\"2023-01-28T08:59:46.887\",\"ClientIp\":\"202.53.69.164\",\"Currency\":\"KES\",\"SettlementStatus\":null,\"Description\":\"Purchase\",\"Rrn\":\"JPC-10073\",\"DateCompleted\":\"0001-01-01T00:00:00\",\"MerchantEmail\":\"eqwipetrol@jambopay.com\",\"CustomerEmail\":\"chaitanya.appdev@colourmoon.com\",\"CustomerPhone\":null,\"CallBackUrl\":\"https://colormoon.in/eqwi_petrol/payment/success\",\"CancelledUrl\":\"https://colormoon.in/eqwi_petrol/payment/cancel\",\"Channel\":null,\"LipaLink\":\"93e14f4f6ad740cbb1d9c61ca120b873\",\"PaymentChannel\":null,\"TransactionType\":\"Credit\"}', 0, NULL, '2023-01-28 11:29:26', NULL);
INSERT INTO `transaction` (`transaction_id`, `user_id`, `order_id`, `station_id`, `order_no`, `currency`, `amount`, `payment_ref_id`, `payment_date`, `payment_status`, `status`, `payment_type`, `transaction_type`, `receipt_no`, `payment_info`, `is_invoice`, `invoice_detail`, `created_date`, `updated_date`) VALUES ('993', '68', '900', '125', 'O00900', 'KES', '11880.00', '23307054Tkgb', '2023-01-28 11:29:26', 'Pending', 1, 'Purchase', 'Debit', '', '{\"TranID\":\"22fd232f-529e-44b3-b3ee-8e7ecaa8e7e9\",\"OrderId\":\"993\",\"MerchantId\":null,\"Payee\":\"chaitanya.appdev@colourmoon.com\",\"Amount\":11880.0000,\"TranasctionFee\":0.0,\"ShippingCharge\":0.0000,\"Status\":\"Pending\",\"TranDate\":\"2023-01-28T08:59:47.837\",\"ClientIp\":\"202.53.69.164\",\"Currency\":\"KES\",\"SettlementStatus\":null,\"Description\":\"Purchase\",\"Rrn\":\"JPC-10074\",\"DateCompleted\":\"0001-01-01T00:00:00\",\"MerchantEmail\":\"eqwipetrol@jambopay.com\",\"CustomerEmail\":\"chaitanya.appdev@colourmoon.com\",\"CustomerPhone\":null,\"CallBackUrl\":\"https://colormoon.in/eqwi_petrol/payment/success\",\"CancelledUrl\":\"https://colormoon.in/eqwi_petrol/payment/cancel\",\"Channel\":null,\"LipaLink\":\"9f0ede17e8004b8a9a358cb36b779d9a\",\"PaymentChannel\":null,\"TransactionType\":\"Credit\"}', 0, NULL, '2023-01-28 11:29:26', NULL);
INSERT INTO `transaction` (`transaction_id`, `user_id`, `order_id`, `station_id`, `order_no`, `currency`, `amount`, `payment_ref_id`, `payment_date`, `payment_status`, `status`, `payment_type`, `transaction_type`, `receipt_no`, `payment_info`, `is_invoice`, `invoice_detail`, `created_date`, `updated_date`) VALUES ('994', '68', '902', '125', 'O00902', 'KES', '11880.00', '23139181d0D0', '2023-01-28 11:29:41', 'Pending', 1, 'Purchase', 'Debit', '', '{\"TranID\":\"41c1e57a-1c8c-4f68-9bbd-cd85b8327cd3\",\"OrderId\":\"994\",\"MerchantId\":null,\"Payee\":\"chaitanya.appdev@colourmoon.com\",\"Amount\":11880.0000,\"TranasctionFee\":0.0,\"ShippingCharge\":0.0000,\"Status\":\"Pending\",\"TranDate\":\"2023-01-28T09:00:00.75\",\"ClientIp\":\"202.53.69.164\",\"Currency\":\"KES\",\"SettlementStatus\":null,\"Description\":\"Purchase\",\"Rrn\":\"JPC-10075\",\"DateCompleted\":\"0001-01-01T00:00:00\",\"MerchantEmail\":\"eqwipetrol@jambopay.com\",\"CustomerEmail\":\"chaitanya.appdev@colourmoon.com\",\"CustomerPhone\":null,\"CallBackUrl\":\"https://colormoon.in/eqwi_petrol/payment/success\",\"CancelledUrl\":\"https://colormoon.in/eqwi_petrol/payment/cancel\",\"Channel\":null,\"LipaLink\":\"e726e0d432a04086abbbd020aa8d2115\",\"PaymentChannel\":null,\"TransactionType\":\"Credit\"}', 0, NULL, '2023-01-28 11:29:41', NULL);
INSERT INTO `transaction` (`transaction_id`, `user_id`, `order_id`, `station_id`, `order_no`, `currency`, `amount`, `payment_ref_id`, `payment_date`, `payment_status`, `status`, `payment_type`, `transaction_type`, `receipt_no`, `payment_info`, `is_invoice`, `invoice_detail`, `created_date`, `updated_date`) VALUES ('995', '68', '903', '125', 'O00903', 'KES', '11880.00', '23976825Vm8z', '2023-01-28 11:30:28', 'Pending', 1, 'Purchase', 'Debit', '', '{\"TranID\":\"56069589-5169-4cfe-9a1e-eaedaee522ba\",\"OrderId\":\"995\",\"MerchantId\":null,\"Payee\":\"chaitanya.appdev@colourmoon.com\",\"Amount\":11880.0000,\"TranasctionFee\":0.0,\"ShippingCharge\":0.0000,\"Status\":\"Pending\",\"TranDate\":\"2023-01-28T09:00:51.603\",\"ClientIp\":\"202.53.69.164\",\"Currency\":\"KES\",\"SettlementStatus\":null,\"Description\":\"Purchase\",\"Rrn\":\"JPC-10076\",\"DateCompleted\":\"0001-01-01T00:00:00\",\"MerchantEmail\":\"eqwipetrol@jambopay.com\",\"CustomerEmail\":\"chaitanya.appdev@colourmoon.com\",\"CustomerPhone\":null,\"CallBackUrl\":\"https://colormoon.in/eqwi_petrol/payment/success\",\"CancelledUrl\":\"https://colormoon.in/eqwi_petrol/payment/cancel\",\"Channel\":null,\"LipaLink\":\"86d219515e1c4088ab039861db3e2ba8\",\"PaymentChannel\":null,\"TransactionType\":\"Credit\"}', 0, NULL, '2023-01-28 11:30:28', NULL);
INSERT INTO `transaction` (`transaction_id`, `user_id`, `order_id`, `station_id`, `order_no`, `currency`, `amount`, `payment_ref_id`, `payment_date`, `payment_status`, `status`, `payment_type`, `transaction_type`, `receipt_no`, `payment_info`, `is_invoice`, `invoice_detail`, `created_date`, `updated_date`) VALUES ('996', '68', '904', '125', 'O00904', 'KES', '11880.00', '23337251hyYH', '2023-01-28 11:33:15', 'Pending', 1, 'Purchase', 'Debit', '', '{\"TranID\":\"913e19cf-709a-4e84-a97c-d0469cf25afa\",\"OrderId\":\"996\",\"MerchantId\":null,\"Payee\":\"chaitanya.appdev@colourmoon.com\",\"Amount\":11880.0000,\"TranasctionFee\":0.0,\"ShippingCharge\":0.0000,\"Status\":\"Pending\",\"TranDate\":\"2023-01-28T09:03:35.223\",\"ClientIp\":\"202.53.69.164\",\"Currency\":\"KES\",\"SettlementStatus\":null,\"Description\":\"Purchase\",\"Rrn\":\"JPC-10077\",\"DateCompleted\":\"0001-01-01T00:00:00\",\"MerchantEmail\":\"eqwipetrol@jambopay.com\",\"CustomerEmail\":\"chaitanya.appdev@colourmoon.com\",\"CustomerPhone\":null,\"CallBackUrl\":\"https://colormoon.in/eqwi_petrol/payment/success\",\"CancelledUrl\":\"https://colormoon.in/eqwi_petrol/payment/cancel\",\"Channel\":null,\"LipaLink\":\"2c563be5e87e4fe1b91b6de8ebe4987d\",\"PaymentChannel\":null,\"TransactionType\":\"Credit\"}', 0, NULL, '2023-01-28 11:33:15', NULL);
INSERT INTO `transaction` (`transaction_id`, `user_id`, `order_id`, `station_id`, `order_no`, `currency`, `amount`, `payment_ref_id`, `payment_date`, `payment_status`, `status`, `payment_type`, `transaction_type`, `receipt_no`, `payment_info`, `is_invoice`, `invoice_detail`, `created_date`, `updated_date`) VALUES ('997', '68', '905', '125', 'O00905', 'KES', '11880.00', '23323108Ga6O', '2023-01-28 11:34:14', 'Paid', 1, 'Purchase', 'Debit', '5e00b843-36a3-4190-8cb0-65ed11db1dc3', '{\"TranID\":\"5e00b843-36a3-4190-8cb0-65ed11db1dc3\",\"OrderId\":\"997\",\"MerchantId\":null,\"Payee\":\"chaitanya.appdev@colourmoon.com\",\"Amount\":11880.0000,\"TranasctionFee\":950.4000,\"ShippingCharge\":0.0000,\"Status\":\"Completed\",\"TranDate\":\"2023-01-28T09:04:35.847\",\"ClientIp\":\"202.53.69.164\",\"Currency\":\"KES\",\"SettlementStatus\":null,\"Description\":\"Purchase\",\"Rrn\":\"JPC-10078\",\"DateCompleted\":\"0001-01-01T00:00:00\",\"MerchantEmail\":\"eqwipetrol@jambopay.com\",\"CustomerEmail\":\"chaitanya.appdev@colourmoon.com\",\"CustomerPhone\":null,\"CallBackUrl\":\"https://colormoon.in/eqwi_petrol/payment/success\",\"CancelledUrl\":\"https://colormoon.in/eqwi_petrol/payment/cancel\",\"Channel\":\"MPESA\",\"LipaLink\":\"6b267d17a3414a358aa7e507ae5fb489\",\"PaymentChannel\":\"MPESA\",\"TransactionType\":\"Credit\"}', 0, NULL, '2023-01-28 11:34:14', NULL);
INSERT INTO `transaction` (`transaction_id`, `user_id`, `order_id`, `station_id`, `order_no`, `currency`, `amount`, `payment_ref_id`, `payment_date`, `payment_status`, `status`, `payment_type`, `transaction_type`, `receipt_no`, `payment_info`, `is_invoice`, `invoice_detail`, `created_date`, `updated_date`) VALUES ('998', '68', '906', '125', 'O00906', 'KES', '23970.00', '23557071KGp2', '2023-01-28 11:37:36', 'Pending', 1, 'Purchase', 'Debit', '', '{\"TranID\":\"fd9f3917-482e-4b46-8fad-30565dfab194\",\"OrderId\":\"998\",\"MerchantId\":null,\"Payee\":\"chaitanya.appdev@colourmoon.com\",\"Amount\":23970.0000,\"TranasctionFee\":0.0,\"ShippingCharge\":0.0000,\"Status\":\"Pending\",\"TranDate\":\"2023-01-28T09:07:55.93\",\"ClientIp\":\"202.53.69.164\",\"Currency\":\"KES\",\"SettlementStatus\":null,\"Description\":\"Purchase\",\"Rrn\":\"JPC-10079\",\"DateCompleted\":\"0001-01-01T00:00:00\",\"MerchantEmail\":\"eqwipetrol@jambopay.com\",\"CustomerEmail\":\"chaitanya.appdev@colourmoon.com\",\"CustomerPhone\":null,\"CallBackUrl\":\"https://colormoon.in/eqwi_petrol/payment/success\",\"CancelledUrl\":\"https://colormoon.in/eqwi_petrol/payment/cancel\",\"Channel\":null,\"LipaLink\":\"8169d8dd25df4e6996ce7477292bc96b\",\"PaymentChannel\":null,\"TransactionType\":\"Credit\"}', 0, NULL, '2023-01-28 11:37:36', NULL);
INSERT INTO `transaction` (`transaction_id`, `user_id`, `order_id`, `station_id`, `order_no`, `currency`, `amount`, `payment_ref_id`, `payment_date`, `payment_status`, `status`, `payment_type`, `transaction_type`, `receipt_no`, `payment_info`, `is_invoice`, `invoice_detail`, `created_date`, `updated_date`) VALUES ('999', '68', '907', '125', 'O00907', 'KES', '23970.00', '23849523ptVz', '2023-01-28 11:38:16', 'Pending', 1, 'Purchase', 'Debit', '', '{\"TranID\":\"6bbe3145-a12a-46dc-930a-d9dd44f2614d\",\"OrderId\":\"999\",\"MerchantId\":null,\"Payee\":\"chaitanya.appdev@colourmoon.com\",\"Amount\":23970.0000,\"TranasctionFee\":0.0,\"ShippingCharge\":0.0000,\"Status\":\"Pending\",\"TranDate\":\"2023-01-28T09:08:35.763\",\"ClientIp\":\"202.53.69.164\",\"Currency\":\"KES\",\"SettlementStatus\":null,\"Description\":\"Purchase\",\"Rrn\":\"JPC-10080\",\"DateCompleted\":\"0001-01-01T00:00:00\",\"MerchantEmail\":\"eqwipetrol@jambopay.com\",\"CustomerEmail\":\"chaitanya.appdev@colourmoon.com\",\"CustomerPhone\":null,\"CallBackUrl\":\"https://colormoon.in/eqwi_petrol/payment/success\",\"CancelledUrl\":\"https://colormoon.in/eqwi_petrol/payment/cancel\",\"Channel\":null,\"LipaLink\":\"aeba888b781d4a4a903a379309472dac\",\"PaymentChannel\":null,\"TransactionType\":\"Credit\"}', 0, NULL, '2023-01-28 11:38:16', NULL);
INSERT INTO `transaction` (`transaction_id`, `user_id`, `order_id`, `station_id`, `order_no`, `currency`, `amount`, `payment_ref_id`, `payment_date`, `payment_status`, `status`, `payment_type`, `transaction_type`, `receipt_no`, `payment_info`, `is_invoice`, `invoice_detail`, `created_date`, `updated_date`) VALUES ('1000', '68', '908', '125', 'O00908', 'KES', '3020.00', '23742378TLBi', '2023-01-28 11:42:43', 'Paid', 1, 'Purchase', 'Wallet', '', NULL, 0, NULL, '2023-01-28 11:42:43', NULL);
INSERT INTO `transaction` (`transaction_id`, `user_id`, `order_id`, `station_id`, `order_no`, `currency`, `amount`, `payment_ref_id`, `payment_date`, `payment_status`, `status`, `payment_type`, `transaction_type`, `receipt_no`, `payment_info`, `is_invoice`, `invoice_detail`, `created_date`, `updated_date`) VALUES ('1001', '68', '908', '125', 'O00908', 'KES', '20950.00', '23930251vJPK', '2023-01-28 11:42:43', 'Pending', 1, 'Purchase', 'Debit', '', NULL, 0, NULL, '2023-01-28 11:42:43', NULL);
INSERT INTO `transaction` (`transaction_id`, `user_id`, `order_id`, `station_id`, `order_no`, `currency`, `amount`, `payment_ref_id`, `payment_date`, `payment_status`, `status`, `payment_type`, `transaction_type`, `receipt_no`, `payment_info`, `is_invoice`, `invoice_detail`, `created_date`, `updated_date`) VALUES ('1002', '68', '908', '125', 'O00908', 'KES', '20950.00', '23563186N8l6', '2023-01-28 11:46:16', 'Paid', 1, 'Purchase', 'Debit', '246a97a0-413d-423f-947e-daf7f3370b62', '{\"TranID\":\"246a97a0-413d-423f-947e-daf7f3370b62\",\"OrderId\":\"1002\",\"MerchantId\":null,\"Payee\":\"chaitanya.appdev@colourmoon.com\",\"Amount\":20950.0000,\"TranasctionFee\":1676.0000,\"ShippingCharge\":0.0000,\"Status\":\"Completed\",\"TranDate\":\"2023-01-28T09:16:36.983\",\"ClientIp\":\"202.53.69.164\",\"Currency\":\"KES\",\"SettlementStatus\":null,\"Description\":\"Purchase\",\"Rrn\":\"JPC-10081\",\"DateCompleted\":\"0001-01-01T00:00:00\",\"MerchantEmail\":\"eqwipetrol@jambopay.com\",\"CustomerEmail\":\"chaitanya.appdev@colourmoon.com\",\"CustomerPhone\":null,\"CallBackUrl\":\"https://colormoon.in/eqwi_petrol/payment/success\",\"CancelledUrl\":\"https://colormoon.in/eqwi_petrol/payment/cancel\",\"Channel\":\"MPESA\",\"LipaLink\":\"57325e047a2846f198b8e7480768df25\",\"PaymentChannel\":\"MPESA\",\"TransactionType\":\"Credit\"}', 0, NULL, '2023-01-28 11:46:16', NULL);
INSERT INTO `transaction` (`transaction_id`, `user_id`, `order_id`, `station_id`, `order_no`, `currency`, `amount`, `payment_ref_id`, `payment_date`, `payment_status`, `status`, `payment_type`, `transaction_type`, `receipt_no`, `payment_info`, `is_invoice`, `invoice_detail`, `created_date`, `updated_date`) VALUES ('1003', '68', '0', '0', 'W01003', 'KES', '25000.00', '23625833fu0h', '2023-01-28 11:54:00', 'Paid', 1, 'Wallet', 'Credit', '8a7cbbbe-1652-4f0b-a757-912d6dd526cb', '{\"TranID\":\"8a7cbbbe-1652-4f0b-a757-912d6dd526cb\",\"OrderId\":\"1003\",\"MerchantId\":null,\"Payee\":\"chaitanya.appdev@colourmoon.com\",\"Amount\":25000.0000,\"TranasctionFee\":2000.0000,\"ShippingCharge\":0.0000,\"Status\":\"Completed\",\"TranDate\":\"2023-01-28T09:24:21.633\",\"ClientIp\":\"202.53.69.164\",\"Currency\":\"KES\",\"SettlementStatus\":null,\"Description\":\"Purchase\",\"Rrn\":\"JPC-10082\",\"DateCompleted\":\"0001-01-01T00:00:00\",\"MerchantEmail\":\"eqwipetrol@jambopay.com\",\"CustomerEmail\":\"chaitanya.appdev@colourmoon.com\",\"CustomerPhone\":null,\"CallBackUrl\":\"https://colormoon.in/eqwi_petrol/payment/success\",\"CancelledUrl\":\"https://colormoon.in/eqwi_petrol/payment/cancel\",\"Channel\":\"MPESA\",\"LipaLink\":\"4e998642541d434189ac8459fa29df6a\",\"PaymentChannel\":\"MPESA\",\"TransactionType\":\"Credit\"}', 0, NULL, '2023-01-28 11:54:00', NULL);
INSERT INTO `transaction` (`transaction_id`, `user_id`, `order_id`, `station_id`, `order_no`, `currency`, `amount`, `payment_ref_id`, `payment_date`, `payment_status`, `status`, `payment_type`, `transaction_type`, `receipt_no`, `payment_info`, `is_invoice`, `invoice_detail`, `created_date`, `updated_date`) VALUES ('1004', '68', '911', '125', 'O00911', 'KES', '21980.00', '23228843MQfq', '2023-01-28 12:11:47', 'Paid', 1, 'Purchase', 'Wallet', '', NULL, 0, NULL, '2023-01-28 12:11:47', NULL);
INSERT INTO `transaction` (`transaction_id`, `user_id`, `order_id`, `station_id`, `order_no`, `currency`, `amount`, `payment_ref_id`, `payment_date`, `payment_status`, `status`, `payment_type`, `transaction_type`, `receipt_no`, `payment_info`, `is_invoice`, `invoice_detail`, `created_date`, `updated_date`) VALUES ('1005', '68', '911', '125', 'O00911', 'KES', '1990.00', '232022367B3P', '2023-01-28 12:11:47', 'Paid', 1, 'Purchase', 'Debit', '36e885a6-d2ed-42ad-bf9c-a0da452730ce', '{\"TranID\":\"36e885a6-d2ed-42ad-bf9c-a0da452730ce\",\"OrderId\":\"1005\",\"MerchantId\":null,\"Payee\":\"chaitanya.appdev@colourmoon.com\",\"Amount\":1990.0000,\"TranasctionFee\":159.2000,\"ShippingCharge\":0.0000,\"Status\":\"Completed\",\"TranDate\":\"2023-01-28T09:42:09.043\",\"ClientIp\":\"202.53.69.164\",\"Currency\":\"KES\",\"SettlementStatus\":null,\"Description\":\"Purchase\",\"Rrn\":\"JPC-10083\",\"DateCompleted\":\"0001-01-01T00:00:00\",\"MerchantEmail\":\"eqwipetrol@jambopay.com\",\"CustomerEmail\":\"chaitanya.appdev@colourmoon.com\",\"CustomerPhone\":null,\"CallBackUrl\":\"https://colormoon.in/eqwi_petrol/payment/success\",\"CancelledUrl\":\"https://colormoon.in/eqwi_petrol/payment/cancel\",\"Channel\":\"MPESA\",\"LipaLink\":\"1cfee516277f4defabaddd82dc5cc89d\",\"PaymentChannel\":\"MPESA\",\"TransactionType\":\"Credit\"}', 0, NULL, '2023-01-28 12:11:47', NULL);
INSERT INTO `transaction` (`transaction_id`, `user_id`, `order_id`, `station_id`, `order_no`, `currency`, `amount`, `payment_ref_id`, `payment_date`, `payment_status`, `status`, `payment_type`, `transaction_type`, `receipt_no`, `payment_info`, `is_invoice`, `invoice_detail`, `created_date`, `updated_date`) VALUES ('1006', '68', '0', '0', 'W01006', 'KES', '25000.00', '23120264zx5b', '2023-01-28 12:12:43', 'Pending', 1, 'Wallet', 'Credit', '', '{\"TranID\":\"7af141a7-2c63-4c73-b37d-2d4ac6d26472\",\"OrderId\":\"1006\",\"MerchantId\":null,\"Payee\":\"chaitanya.appdev@colourmoon.com\",\"Amount\":25000.0000,\"TranasctionFee\":0.0,\"ShippingCharge\":0.0000,\"Status\":\"Pending\",\"TranDate\":\"2023-01-28T09:43:02.977\",\"ClientIp\":\"202.53.69.164\",\"Currency\":\"KES\",\"SettlementStatus\":null,\"Description\":\"Purchase\",\"Rrn\":\"JPC-10084\",\"DateCompleted\":\"0001-01-01T00:00:00\",\"MerchantEmail\":\"eqwipetrol@jambopay.com\",\"CustomerEmail\":\"chaitanya.appdev@colourmoon.com\",\"CustomerPhone\":null,\"CallBackUrl\":\"https://colormoon.in/eqwi_petrol/payment/success\",\"CancelledUrl\":\"https://colormoon.in/eqwi_petrol/payment/cancel\",\"Channel\":null,\"LipaLink\":\"1b9a6789df1a4b3eae4a100221cb9156\",\"PaymentChannel\":null,\"TransactionType\":\"Credit\"}', 0, NULL, '2023-01-28 12:12:43', NULL);
INSERT INTO `transaction` (`transaction_id`, `user_id`, `order_id`, `station_id`, `order_no`, `currency`, `amount`, `payment_ref_id`, `payment_date`, `payment_status`, `status`, `payment_type`, `transaction_type`, `receipt_no`, `payment_info`, `is_invoice`, `invoice_detail`, `created_date`, `updated_date`) VALUES ('1007', '68', '912', '125', 'O00912', 'KES', '11720.00', '23835278AyIx', '2023-01-28 12:29:50', 'Paid', 1, 'Purchase', 'Debit', 'dc887be2-8539-4e00-b684-6d5dfd89e758', '{\"TranID\":\"dc887be2-8539-4e00-b684-6d5dfd89e758\",\"OrderId\":\"1007\",\"MerchantId\":null,\"Payee\":\"chaitanya.appdev@colourmoon.com\",\"Amount\":11720.0000,\"TranasctionFee\":937.6000,\"ShippingCharge\":0.0000,\"Status\":\"Completed\",\"TranDate\":\"2023-01-28T10:00:11.12\",\"ClientIp\":\"202.53.69.164\",\"Currency\":\"KES\",\"SettlementStatus\":null,\"Description\":\"Purchase\",\"Rrn\":\"JPC-10085\",\"DateCompleted\":\"0001-01-01T00:00:00\",\"MerchantEmail\":\"eqwipetrol@jambopay.com\",\"CustomerEmail\":\"chaitanya.appdev@colourmoon.com\",\"CustomerPhone\":null,\"CallBackUrl\":\"https://colormoon.in/eqwi_petrol/payment/success\",\"CancelledUrl\":\"https://colormoon.in/eqwi_petrol/payment/cancel\",\"Channel\":\"MPESA\",\"LipaLink\":\"0d143acda4f14660abd5c741911a5afb\",\"PaymentChannel\":\"MPESA\",\"TransactionType\":\"Credit\"}', 0, NULL, '2023-01-28 12:29:50', NULL);
INSERT INTO `transaction` (`transaction_id`, `user_id`, `order_id`, `station_id`, `order_no`, `currency`, `amount`, `payment_ref_id`, `payment_date`, `payment_status`, `status`, `payment_type`, `transaction_type`, `receipt_no`, `payment_info`, `is_invoice`, `invoice_detail`, `created_date`, `updated_date`) VALUES ('1008', '68', '0', '0', 'W01008', 'KES', '15000.00', '235417177WNG', '2023-01-28 12:55:01', 'Pending', 1, 'Wallet', 'Credit', '', '{\"TranID\":\"df4b87de-86bb-4105-904b-2b6d5b8df332\",\"OrderId\":\"1008\",\"MerchantId\":null,\"Payee\":\"chaitanya.appdev@colourmoon.com\",\"Amount\":15000.0000,\"TranasctionFee\":0.0,\"ShippingCharge\":0.0000,\"Status\":\"Pending\",\"TranDate\":\"2023-01-28T10:25:22.78\",\"ClientIp\":\"202.53.69.164\",\"Currency\":\"KES\",\"SettlementStatus\":null,\"Description\":\"Purchase\",\"Rrn\":\"JPC-10086\",\"DateCompleted\":\"0001-01-01T00:00:00\",\"MerchantEmail\":\"eqwipetrol@jambopay.com\",\"CustomerEmail\":\"chaitanya.appdev@colourmoon.com\",\"CustomerPhone\":null,\"CallBackUrl\":\"https://colormoon.in/eqwi_petrol/payment/success\",\"CancelledUrl\":\"https://colormoon.in/eqwi_petrol/payment/cancel\",\"Channel\":null,\"LipaLink\":\"d21b186ea0e64bd695135483e7e1b1e8\",\"PaymentChannel\":null,\"TransactionType\":\"Credit\"}', 0, NULL, '2023-01-28 12:55:01', NULL);
INSERT INTO `transaction` (`transaction_id`, `user_id`, `order_id`, `station_id`, `order_no`, `currency`, `amount`, `payment_ref_id`, `payment_date`, `payment_status`, `status`, `payment_type`, `transaction_type`, `receipt_no`, `payment_info`, `is_invoice`, `invoice_detail`, `created_date`, `updated_date`) VALUES ('1009', '68', '0', '0', 'W01009', 'KES', '15000.00', '23824448DHls', '2023-01-28 12:56:05', 'Paid', 1, 'Wallet', 'Credit', 'cf29af81-d7e2-4cb8-b186-00d8ea4694dc', '{\"TranID\":\"cf29af81-d7e2-4cb8-b186-00d8ea4694dc\",\"OrderId\":\"1009\",\"MerchantId\":null,\"Payee\":\"chaitanya.appdev@colourmoon.com\",\"Amount\":15000.0000,\"TranasctionFee\":1200.0000,\"ShippingCharge\":0.0000,\"Status\":\"Completed\",\"TranDate\":\"2023-01-28T10:26:25.927\",\"ClientIp\":\"202.53.69.164\",\"Currency\":\"KES\",\"SettlementStatus\":null,\"Description\":\"Purchase\",\"Rrn\":\"JPC-10087\",\"DateCompleted\":\"0001-01-01T00:00:00\",\"MerchantEmail\":\"eqwipetrol@jambopay.com\",\"CustomerEmail\":\"chaitanya.appdev@colourmoon.com\",\"CustomerPhone\":null,\"CallBackUrl\":\"https://colormoon.in/eqwi_petrol/payment/success\",\"CancelledUrl\":\"https://colormoon.in/eqwi_petrol/payment/cancel\",\"Channel\":\"MPESA\",\"LipaLink\":\"0557bff203b647e69ddedafb9498cb16\",\"PaymentChannel\":\"MPESA\",\"TransactionType\":\"Credit\"}', 0, NULL, '2023-01-28 12:56:05', NULL);
INSERT INTO `transaction` (`transaction_id`, `user_id`, `order_id`, `station_id`, `order_no`, `currency`, `amount`, `payment_ref_id`, `payment_date`, `payment_status`, `status`, `payment_type`, `transaction_type`, `receipt_no`, `payment_info`, `is_invoice`, `invoice_detail`, `created_date`, `updated_date`) VALUES ('1010', '68', '913', '125', 'O00913', 'KES', '15000.00', '23778946WTSJ', '2023-01-28 13:00:18', 'Paid', 1, 'Purchase', 'Wallet', '', NULL, 0, NULL, '2023-01-28 13:00:18', NULL);
INSERT INTO `transaction` (`transaction_id`, `user_id`, `order_id`, `station_id`, `order_no`, `currency`, `amount`, `payment_ref_id`, `payment_date`, `payment_status`, `status`, `payment_type`, `transaction_type`, `receipt_no`, `payment_info`, `is_invoice`, `invoice_detail`, `created_date`, `updated_date`) VALUES ('1011', '68', '913', '125', 'O00913', 'KES', '11610.00', '2313965367Ex', '2023-01-28 13:00:18', 'Pending', 1, 'Purchase', 'Debit', '', '{\"TranID\":\"f616c235-3f96-465e-a18b-abbd9327e7be\",\"OrderId\":\"1011\",\"MerchantId\":null,\"Payee\":\"chaitanya.appdev@colourmoon.com\",\"Amount\":11610.0000,\"TranasctionFee\":0.0,\"ShippingCharge\":0.0000,\"Status\":\"Pending\",\"TranDate\":\"2023-01-28T10:30:39.443\",\"ClientIp\":\"202.53.69.164\",\"Currency\":\"KES\",\"SettlementStatus\":null,\"Description\":\"Purchase\",\"Rrn\":\"JPC-10088\",\"DateCompleted\":\"0001-01-01T00:00:00\",\"MerchantEmail\":\"eqwipetrol@jambopay.com\",\"CustomerEmail\":\"chaitanya.appdev@colourmoon.com\",\"CustomerPhone\":null,\"CallBackUrl\":\"https://colormoon.in/eqwi_petrol/payment/success\",\"CancelledUrl\":\"https://colormoon.in/eqwi_petrol/payment/cancel\",\"Channel\":null,\"LipaLink\":\"b002562268a844a0837a5820e01261f4\",\"PaymentChannel\":null,\"TransactionType\":\"Credit\"}', 0, NULL, '2023-01-28 13:00:18', NULL);
INSERT INTO `transaction` (`transaction_id`, `user_id`, `order_id`, `station_id`, `order_no`, `currency`, `amount`, `payment_ref_id`, `payment_date`, `payment_status`, `status`, `payment_type`, `transaction_type`, `receipt_no`, `payment_info`, `is_invoice`, `invoice_detail`, `created_date`, `updated_date`) VALUES ('1012', '68', '0', '0', 'W01012', 'KES', '25000.00', '23517357zd7y', '2023-01-28 13:01:45', 'Paid', 1, 'Wallet', 'Credit', '14367b86-a5a5-4488-a02e-6a9ae6a8d3bc', '{\"TranID\":\"14367b86-a5a5-4488-a02e-6a9ae6a8d3bc\",\"OrderId\":\"1012\",\"MerchantId\":null,\"Payee\":\"chaitanya.appdev@colourmoon.com\",\"Amount\":25000.0000,\"TranasctionFee\":2000.0000,\"ShippingCharge\":0.0000,\"Status\":\"Completed\",\"TranDate\":\"2023-01-28T10:32:05.593\",\"ClientIp\":\"202.53.69.164\",\"Currency\":\"KES\",\"SettlementStatus\":null,\"Description\":\"Purchase\",\"Rrn\":\"JPC-10089\",\"DateCompleted\":\"0001-01-01T00:00:00\",\"MerchantEmail\":\"eqwipetrol@jambopay.com\",\"CustomerEmail\":\"chaitanya.appdev@colourmoon.com\",\"CustomerPhone\":null,\"CallBackUrl\":\"https://colormoon.in/eqwi_petrol/payment/success\",\"CancelledUrl\":\"https://colormoon.in/eqwi_petrol/payment/cancel\",\"Channel\":\"MPESA\",\"LipaLink\":\"33b1b2ad8e5e4a3d81d6c35d616f2be4\",\"PaymentChannel\":\"MPESA\",\"TransactionType\":\"Credit\"}', 0, NULL, '2023-01-28 13:01:45', NULL);
INSERT INTO `transaction` (`transaction_id`, `user_id`, `order_id`, `station_id`, `order_no`, `currency`, `amount`, `payment_ref_id`, `payment_date`, `payment_status`, `status`, `payment_type`, `transaction_type`, `receipt_no`, `payment_info`, `is_invoice`, `invoice_detail`, `created_date`, `updated_date`) VALUES ('1013', '68', '914', '125', 'O00914', 'KES', '11880.00', '23891870XAoq', '2023-01-28 13:04:27', 'Paid', 1, 'Purchase', 'Wallet', '', NULL, 0, NULL, '2023-01-28 13:04:27', NULL);
INSERT INTO `transaction` (`transaction_id`, `user_id`, `order_id`, `station_id`, `order_no`, `currency`, `amount`, `payment_ref_id`, `payment_date`, `payment_status`, `status`, `payment_type`, `transaction_type`, `receipt_no`, `payment_info`, `is_invoice`, `invoice_detail`, `created_date`, `updated_date`) VALUES ('1014', '68', '915', '125', 'O00915', 'KES', '13120.00', '23195355Ccmv', '2023-01-28 13:04:56', 'Paid', 1, 'Purchase', 'Wallet', '', NULL, 0, NULL, '2023-01-28 13:04:56', NULL);
INSERT INTO `transaction` (`transaction_id`, `user_id`, `order_id`, `station_id`, `order_no`, `currency`, `amount`, `payment_ref_id`, `payment_date`, `payment_status`, `status`, `payment_type`, `transaction_type`, `receipt_no`, `payment_info`, `is_invoice`, `invoice_detail`, `created_date`, `updated_date`) VALUES ('1015', '68', '915', '125', 'O00915', 'KES', '16110.00', '231991667ahL', '2023-01-28 13:04:56', 'Paid', 1, 'Purchase', 'Debit', 'd7806e87-212e-4431-a598-7a326b55ee2b', '{\"TranID\":\"d7806e87-212e-4431-a598-7a326b55ee2b\",\"OrderId\":\"1015\",\"MerchantId\":null,\"Payee\":\"chaitanya.appdev@colourmoon.com\",\"Amount\":16110.0000,\"TranasctionFee\":1288.8000,\"ShippingCharge\":0.0000,\"Status\":\"Completed\",\"TranDate\":\"2023-01-28T10:35:17.04\",\"ClientIp\":\"202.53.69.164\",\"Currency\":\"KES\",\"SettlementStatus\":null,\"Description\":\"Purchase\",\"Rrn\":\"JPC-10090\",\"DateCompleted\":\"0001-01-01T00:00:00\",\"MerchantEmail\":\"eqwipetrol@jambopay.com\",\"CustomerEmail\":\"chaitanya.appdev@colourmoon.com\",\"CustomerPhone\":null,\"CallBackUrl\":\"https://colormoon.in/eqwi_petrol/payment/success\",\"CancelledUrl\":\"https://colormoon.in/eqwi_petrol/payment/cancel\",\"Channel\":\"MPESA\",\"LipaLink\":\"854d1522212e4e7b931431f38bffcdbb\",\"PaymentChannel\":\"MPESA\",\"TransactionType\":\"Credit\"}', 0, NULL, '2023-01-28 13:04:56', NULL);
INSERT INTO `transaction` (`transaction_id`, `user_id`, `order_id`, `station_id`, `order_no`, `currency`, `amount`, `payment_ref_id`, `payment_date`, `payment_status`, `status`, `payment_type`, `transaction_type`, `receipt_no`, `payment_info`, `is_invoice`, `invoice_detail`, `created_date`, `updated_date`) VALUES ('1016', '68', '909', '125', 'O00909', 'KES', '23970.00', '23129043k2jp', '2023-01-28 13:28:51', 'Paid', 1, 'Purchase', 'Debit', '5d289bdf-f04e-4d63-b31f-bcd0fe90f485', '{\"TranID\":\"5d289bdf-f04e-4d63-b31f-bcd0fe90f485\",\"OrderId\":\"1016\",\"MerchantId\":null,\"Payee\":\"chaitanya.appdev@colourmoon.com\",\"Amount\":23970.0000,\"TranasctionFee\":1917.6000,\"ShippingCharge\":0.0000,\"Status\":\"Completed\",\"TranDate\":\"2023-01-28T10:59:12.277\",\"ClientIp\":\"202.53.69.164\",\"Currency\":\"KES\",\"SettlementStatus\":null,\"Description\":\"Purchase\",\"Rrn\":\"JPC-10091\",\"DateCompleted\":\"0001-01-01T00:00:00\",\"MerchantEmail\":\"eqwipetrol@jambopay.com\",\"CustomerEmail\":\"chaitanya.appdev@colourmoon.com\",\"CustomerPhone\":null,\"CallBackUrl\":\"https://colormoon.in/eqwi_petrol/payment/success\",\"CancelledUrl\":\"https://colormoon.in/eqwi_petrol/payment/cancel\",\"Channel\":\"MPESA\",\"LipaLink\":\"2ed93160fe6a432eb9c3ad9cc243c5af\",\"PaymentChannel\":\"MPESA\",\"TransactionType\":\"Credit\"}', 0, NULL, '2023-01-28 13:28:51', NULL);
INSERT INTO `transaction` (`transaction_id`, `user_id`, `order_id`, `station_id`, `order_no`, `currency`, `amount`, `payment_ref_id`, `payment_date`, `payment_status`, `status`, `payment_type`, `transaction_type`, `receipt_no`, `payment_info`, `is_invoice`, `invoice_detail`, `created_date`, `updated_date`) VALUES ('1017', '162', '916', '133', 'O00916', 'KES', '8120.00', '237587927T4V', '2023-01-30 10:21:48', 'Paid', 1, 'Purchase', 'Debit', 'c8124748-f50d-4cac-bc10-bf9d58578cc6', '{\"TranID\":\"c8124748-f50d-4cac-bc10-bf9d58578cc6\",\"OrderId\":\"1017\",\"MerchantId\":null,\"Payee\":\"venky@gmail.com\",\"Amount\":8120.0000,\"TranasctionFee\":649.6000,\"ShippingCharge\":0.0000,\"Status\":\"Completed\",\"TranDate\":\"2023-01-30T07:52:11.293\",\"ClientIp\":\"115.246.192.21\",\"Currency\":\"KES\",\"SettlementStatus\":null,\"Description\":\"Purchase\",\"Rrn\":\"JPC-10095\",\"DateCompleted\":\"0001-01-01T00:00:00\",\"MerchantEmail\":\"eqwipetrol@jambopay.com\",\"CustomerEmail\":\"venky@gmail.com\",\"CustomerPhone\":null,\"CallBackUrl\":\"https://colormoon.in/eqwi_petrol/payment/success\",\"CancelledUrl\":\"https://colormoon.in/eqwi_petrol/payment/cancel\",\"Channel\":\"MPESA\",\"LipaLink\":\"c1efa6e3faa44afd844f4338379e254e\",\"PaymentChannel\":\"MPESA\",\"TransactionType\":\"Credit\"}', 0, NULL, '2023-01-30 10:21:48', NULL);
INSERT INTO `transaction` (`transaction_id`, `user_id`, `order_id`, `station_id`, `order_no`, `currency`, `amount`, `payment_ref_id`, `payment_date`, `payment_status`, `status`, `payment_type`, `transaction_type`, `receipt_no`, `payment_info`, `is_invoice`, `invoice_detail`, `created_date`, `updated_date`) VALUES ('1018', '162', '917', '133', 'O00917', 'KES', '10120.00', '23623950NQa3', '2023-01-30 10:27:47', 'Paid', 1, 'Purchase', 'Debit', '5de3e9f1-affb-4d34-b14f-b44c6880fcb6', '{\"TranID\":\"5de3e9f1-affb-4d34-b14f-b44c6880fcb6\",\"OrderId\":\"1018\",\"MerchantId\":null,\"Payee\":\"venky@gmail.com\",\"Amount\":10120.0000,\"TranasctionFee\":809.6000,\"ShippingCharge\":0.0000,\"Status\":\"Completed\",\"TranDate\":\"2023-01-30T07:58:08.79\",\"ClientIp\":\"115.246.192.21\",\"Currency\":\"KES\",\"SettlementStatus\":null,\"Description\":\"Purchase\",\"Rrn\":\"JPC-10096\",\"DateCompleted\":\"0001-01-01T00:00:00\",\"MerchantEmail\":\"eqwipetrol@jambopay.com\",\"CustomerEmail\":\"venky@gmail.com\",\"CustomerPhone\":null,\"CallBackUrl\":\"https://colormoon.in/eqwi_petrol/payment/success\",\"CancelledUrl\":\"https://colormoon.in/eqwi_petrol/payment/cancel\",\"Channel\":\"MPESA\",\"LipaLink\":\"445bf8db5b704f369b99a7cadccbd8f7\",\"PaymentChannel\":\"MPESA\",\"TransactionType\":\"Credit\"}', 0, NULL, '2023-01-30 10:27:47', NULL);
INSERT INTO `transaction` (`transaction_id`, `user_id`, `order_id`, `station_id`, `order_no`, `currency`, `amount`, `payment_ref_id`, `payment_date`, `payment_status`, `status`, `payment_type`, `transaction_type`, `receipt_no`, `payment_info`, `is_invoice`, `invoice_detail`, `created_date`, `updated_date`) VALUES ('1019', '162', '918', '133', 'O00918', 'KES', '10120.00', '23168971Mvns', '2023-01-30 10:28:36', 'Paid', 1, 'Purchase', 'Debit', '4cf7f4ce-b7f8-4094-97fb-cfc359917b4a', '{\"TranID\":\"4cf7f4ce-b7f8-4094-97fb-cfc359917b4a\",\"OrderId\":\"1019\",\"MerchantId\":null,\"Payee\":\"venky@gmail.com\",\"Amount\":10120.0000,\"TranasctionFee\":809.6000,\"ShippingCharge\":0.0000,\"Status\":\"Completed\",\"TranDate\":\"2023-01-30T07:58:56.89\",\"ClientIp\":\"115.246.192.21\",\"Currency\":\"KES\",\"SettlementStatus\":null,\"Description\":\"Purchase\",\"Rrn\":\"JPC-10097\",\"DateCompleted\":\"0001-01-01T00:00:00\",\"MerchantEmail\":\"eqwipetrol@jambopay.com\",\"CustomerEmail\":\"venky@gmail.com\",\"CustomerPhone\":null,\"CallBackUrl\":\"https://colormoon.in/eqwi_petrol/payment/success\",\"CancelledUrl\":\"https://colormoon.in/eqwi_petrol/payment/cancel\",\"Channel\":\"MPESA\",\"LipaLink\":\"1737c952e26c4c27ab7e57fdd152245d\",\"PaymentChannel\":\"MPESA\",\"TransactionType\":\"Credit\"}', 0, NULL, '2023-01-30 10:28:36', NULL);
INSERT INTO `transaction` (`transaction_id`, `user_id`, `order_id`, `station_id`, `order_no`, `currency`, `amount`, `payment_ref_id`, `payment_date`, `payment_status`, `status`, `payment_type`, `transaction_type`, `receipt_no`, `payment_info`, `is_invoice`, `invoice_detail`, `created_date`, `updated_date`) VALUES ('1020', '162', '919', '133', 'O00919', 'KES', '10120.00', '23983042zB9T', '2023-01-30 10:40:53', 'Paid', 1, 'Purchase', 'Debit', 'f9e8b5bf-2862-4fd3-abdb-1543404d7666', '{\"TranID\":\"f9e8b5bf-2862-4fd3-abdb-1543404d7666\",\"OrderId\":\"1020\",\"MerchantId\":null,\"Payee\":\"venky@gmail.com\",\"Amount\":10120.0000,\"TranasctionFee\":809.6000,\"ShippingCharge\":0.0000,\"Status\":\"Completed\",\"TranDate\":\"2023-01-30T08:11:14.49\",\"ClientIp\":\"115.246.192.21\",\"Currency\":\"KES\",\"SettlementStatus\":null,\"Description\":\"Purchase\",\"Rrn\":\"JPC-10098\",\"DateCompleted\":\"0001-01-01T00:00:00\",\"MerchantEmail\":\"eqwipetrol@jambopay.com\",\"CustomerEmail\":\"venky@gmail.com\",\"CustomerPhone\":null,\"CallBackUrl\":\"https://colormoon.in/eqwi_petrol/payment/success\",\"CancelledUrl\":\"https://colormoon.in/eqwi_petrol/payment/cancel\",\"Channel\":\"MPESA\",\"LipaLink\":\"738bef09e0fd45f8894d3146d5b8612b\",\"PaymentChannel\":\"MPESA\",\"TransactionType\":\"Credit\"}', 0, NULL, '2023-01-30 10:40:53', NULL);
INSERT INTO `transaction` (`transaction_id`, `user_id`, `order_id`, `station_id`, `order_no`, `currency`, `amount`, `payment_ref_id`, `payment_date`, `payment_status`, `status`, `payment_type`, `transaction_type`, `receipt_no`, `payment_info`, `is_invoice`, `invoice_detail`, `created_date`, `updated_date`) VALUES ('1021', '162', '920', '133', 'O00920', 'KES', '10120.00', '23833429IrOx', '2023-01-30 11:02:27', 'Paid', 1, 'Purchase', 'Debit', '5c9d8800-e342-4c60-82d9-c773597a34a4', '{\"TranID\":\"5c9d8800-e342-4c60-82d9-c773597a34a4\",\"OrderId\":\"1021\",\"MerchantId\":null,\"Payee\":\"venky@gmail.com\",\"Amount\":10120.0000,\"TranasctionFee\":809.6000,\"ShippingCharge\":0.0000,\"Status\":\"Completed\",\"TranDate\":\"2023-01-30T08:32:48.323\",\"ClientIp\":\"115.246.192.21\",\"Currency\":\"KES\",\"SettlementStatus\":null,\"Description\":\"Purchase\",\"Rrn\":\"JPC-10099\",\"DateCompleted\":\"0001-01-01T00:00:00\",\"MerchantEmail\":\"eqwipetrol@jambopay.com\",\"CustomerEmail\":\"venky@gmail.com\",\"CustomerPhone\":null,\"CallBackUrl\":\"https://colormoon.in/eqwi_petrol/payment/success\",\"CancelledUrl\":\"https://colormoon.in/eqwi_petrol/payment/cancel\",\"Channel\":\"MPESA\",\"LipaLink\":\"cf783a906c684e66b6740ee800f452d5\",\"PaymentChannel\":\"MPESA\",\"TransactionType\":\"Credit\"}', 0, NULL, '2023-01-30 11:02:27', NULL);
INSERT INTO `transaction` (`transaction_id`, `user_id`, `order_id`, `station_id`, `order_no`, `currency`, `amount`, `payment_ref_id`, `payment_date`, `payment_status`, `status`, `payment_type`, `transaction_type`, `receipt_no`, `payment_info`, `is_invoice`, `invoice_detail`, `created_date`, `updated_date`) VALUES ('1022', '162', '921', '133', 'O00921', 'KES', '10120.00', '23796299EDdT', '2023-01-30 11:12:58', 'Paid', 1, 'Purchase', 'Debit', '25442c4b-8037-4ea6-9faf-8d5c336a50f7', '{\"TranID\":\"25442c4b-8037-4ea6-9faf-8d5c336a50f7\",\"OrderId\":\"1022\",\"MerchantId\":null,\"Payee\":\"venky@gmail.com\",\"Amount\":10120.0000,\"TranasctionFee\":809.6000,\"ShippingCharge\":0.0000,\"Status\":\"Completed\",\"TranDate\":\"2023-01-30T08:43:19.58\",\"ClientIp\":\"115.246.192.21\",\"Currency\":\"KES\",\"SettlementStatus\":null,\"Description\":\"Purchase\",\"Rrn\":\"JPC-10100\",\"DateCompleted\":\"0001-01-01T00:00:00\",\"MerchantEmail\":\"eqwipetrol@jambopay.com\",\"CustomerEmail\":\"venky@gmail.com\",\"CustomerPhone\":null,\"CallBackUrl\":\"https://colormoon.in/eqwi_petrol/payment/success\",\"CancelledUrl\":\"https://colormoon.in/eqwi_petrol/payment/cancel\",\"Channel\":\"MPESA\",\"LipaLink\":\"6be279289fb9491ca1ced34d2a8a63a1\",\"PaymentChannel\":\"MPESA\",\"TransactionType\":\"Credit\"}', 0, NULL, '2023-01-30 11:12:58', NULL);
INSERT INTO `transaction` (`transaction_id`, `user_id`, `order_id`, `station_id`, `order_no`, `currency`, `amount`, `payment_ref_id`, `payment_date`, `payment_status`, `status`, `payment_type`, `transaction_type`, `receipt_no`, `payment_info`, `is_invoice`, `invoice_detail`, `created_date`, `updated_date`) VALUES ('1023', '162', '922', '133', 'O00922', 'KES', '4000000.00', '23648309x0bk', '2023-01-30 11:17:58', 'Paid', 1, 'Purchase', 'Invoice', '', NULL, 1, '{\"InvoiceNumber\":\"23648309x0bk\",\"MerchantCode\":\"121121\",\"BusinessName\":\"Eqwipetrol\",\"BillTitle\":\"Invoice\",\"Items\":[{\"ItemCode\":\"2\",\"ItemName\":\"Petrol\",\"Quantity\":50000.0,\"UnitPrice\":80.00}],\"BillNumber\":\"JPB-638106653004340025\",\"Amount\":4000000.00,\"CustomerInfo\":{\"Names\":\"venky\",\"Email\":\"venky@gmail.com\",\"PhoneNumber\":\"8143201989\"},\"Currency\":\"KES\",\"Paid\":false,\"PartialPayable\":false,\"RemainingBalance\":4000000.00,\"DueDate\":null}', '2023-01-30 11:17:58', '2023-01-30 11:19:48');
INSERT INTO `transaction` (`transaction_id`, `user_id`, `order_id`, `station_id`, `order_no`, `currency`, `amount`, `payment_ref_id`, `payment_date`, `payment_status`, `status`, `payment_type`, `transaction_type`, `receipt_no`, `payment_info`, `is_invoice`, `invoice_detail`, `created_date`, `updated_date`) VALUES ('1024', '162', '923', '133', 'O00923', 'KES', '1200000.00', '23636884vpbM', '2023-01-30 11:24:01', 'Paid', 1, 'Purchase', 'Invoice', '', NULL, 1, '{\"InvoiceNumber\":\"23636884vpbM\",\"MerchantCode\":\"121121\",\"BusinessName\":\"Eqwipetrol\",\"BillTitle\":\"Invoice\",\"Items\":[{\"ItemCode\":\"2\",\"ItemName\":\"Petrol\",\"Quantity\":15000.0,\"UnitPrice\":80.00}],\"BillNumber\":\"JPB-638106656641495380\",\"Amount\":1200000.00,\"CustomerInfo\":{\"Names\":\"venky\",\"Email\":\"venky@gmail.com\",\"PhoneNumber\":\"8143201989\"},\"Currency\":\"KES\",\"Paid\":false,\"PartialPayable\":false,\"RemainingBalance\":1200000.00,\"DueDate\":null}', '2023-01-30 11:24:01', '2023-01-30 11:24:29');
INSERT INTO `transaction` (`transaction_id`, `user_id`, `order_id`, `station_id`, `order_no`, `currency`, `amount`, `payment_ref_id`, `payment_date`, `payment_status`, `status`, `payment_type`, `transaction_type`, `receipt_no`, `payment_info`, `is_invoice`, `invoice_detail`, `created_date`, `updated_date`) VALUES ('1025', '162', '924', '133', 'O00924', 'KES', '10120.00', '23334022rsFw', '2023-01-30 11:27:44', 'Paid', 1, 'Purchase', 'Debit', '01cf44ef-7b38-4943-8f15-8cb635e94732', '{\"TranID\":\"01cf44ef-7b38-4943-8f15-8cb635e94732\",\"OrderId\":\"1025\",\"MerchantId\":null,\"Payee\":\"venky@gmail.com\",\"Amount\":10120.0000,\"TranasctionFee\":809.6000,\"ShippingCharge\":0.0000,\"Status\":\"Completed\",\"TranDate\":\"2023-01-30T08:58:05.397\",\"ClientIp\":\"115.246.192.21\",\"Currency\":\"KES\",\"SettlementStatus\":null,\"Description\":\"Purchase\",\"Rrn\":\"JPC-10101\",\"DateCompleted\":\"0001-01-01T00:00:00\",\"MerchantEmail\":\"eqwipetrol@jambopay.com\",\"CustomerEmail\":\"venky@gmail.com\",\"CustomerPhone\":null,\"CallBackUrl\":\"https://colormoon.in/eqwi_petrol/payment/success\",\"CancelledUrl\":\"https://colormoon.in/eqwi_petrol/payment/cancel\",\"Channel\":\"MPESA\",\"LipaLink\":\"1e520e8e58b942219ebcc4e6bc26203e\",\"PaymentChannel\":\"MPESA\",\"TransactionType\":\"Credit\"}', 0, NULL, '2023-01-30 11:27:44', NULL);
INSERT INTO `transaction` (`transaction_id`, `user_id`, `order_id`, `station_id`, `order_no`, `currency`, `amount`, `payment_ref_id`, `payment_date`, `payment_status`, `status`, `payment_type`, `transaction_type`, `receipt_no`, `payment_info`, `is_invoice`, `invoice_detail`, `created_date`, `updated_date`) VALUES ('1026', '162', '925', '133', 'O00925', 'KES', '10120.00', '239834768W9m', '2023-01-30 11:32:17', 'Paid', 1, 'Purchase', 'Debit', 'db3d6435-41e7-4356-8c40-810f488abdbd', '{\"TranID\":\"db3d6435-41e7-4356-8c40-810f488abdbd\",\"OrderId\":\"1026\",\"MerchantId\":null,\"Payee\":\"venky@gmail.com\",\"Amount\":10120.0000,\"TranasctionFee\":809.6000,\"ShippingCharge\":0.0000,\"Status\":\"Completed\",\"TranDate\":\"2023-01-30T09:02:38.657\",\"ClientIp\":\"115.246.192.21\",\"Currency\":\"KES\",\"SettlementStatus\":null,\"Description\":\"Purchase\",\"Rrn\":\"JPC-10102\",\"DateCompleted\":\"0001-01-01T00:00:00\",\"MerchantEmail\":\"eqwipetrol@jambopay.com\",\"CustomerEmail\":\"venky@gmail.com\",\"CustomerPhone\":null,\"CallBackUrl\":\"https://colormoon.in/eqwi_petrol/payment/success\",\"CancelledUrl\":\"https://colormoon.in/eqwi_petrol/payment/cancel\",\"Channel\":\"MPESA\",\"LipaLink\":\"a14bb5410348432a8ed21de7a1045bdd\",\"PaymentChannel\":\"MPESA\",\"TransactionType\":\"Credit\"}', 0, NULL, '2023-01-30 11:32:17', NULL);
INSERT INTO `transaction` (`transaction_id`, `user_id`, `order_id`, `station_id`, `order_no`, `currency`, `amount`, `payment_ref_id`, `payment_date`, `payment_status`, `status`, `payment_type`, `transaction_type`, `receipt_no`, `payment_info`, `is_invoice`, `invoice_detail`, `created_date`, `updated_date`) VALUES ('1027', '162', '926', '133', 'O00926', 'KES', '10120.00', '23525185xXzf', '2023-01-30 11:39:56', 'Paid', 1, 'Purchase', 'Debit', 'd62415e3-f6b9-437b-8f79-2df293a77318', '{\"TranID\":\"d62415e3-f6b9-437b-8f79-2df293a77318\",\"OrderId\":\"1027\",\"MerchantId\":null,\"Payee\":\"venky@gmail.com\",\"Amount\":10120.0000,\"TranasctionFee\":809.6000,\"ShippingCharge\":0.0000,\"Status\":\"Completed\",\"TranDate\":\"2023-01-30T09:10:18.11\",\"ClientIp\":\"115.246.192.21\",\"Currency\":\"KES\",\"SettlementStatus\":null,\"Description\":\"Purchase\",\"Rrn\":\"JPC-10103\",\"DateCompleted\":\"0001-01-01T00:00:00\",\"MerchantEmail\":\"eqwipetrol@jambopay.com\",\"CustomerEmail\":\"venky@gmail.com\",\"CustomerPhone\":null,\"CallBackUrl\":\"https://colormoon.in/eqwi_petrol/payment/success\",\"CancelledUrl\":\"https://colormoon.in/eqwi_petrol/payment/cancel\",\"Channel\":\"MPESA\",\"LipaLink\":\"8c1180ed24b44a28a803575cde5312b9\",\"PaymentChannel\":\"MPESA\",\"TransactionType\":\"Credit\"}', 0, NULL, '2023-01-30 11:39:56', NULL);
INSERT INTO `transaction` (`transaction_id`, `user_id`, `order_id`, `station_id`, `order_no`, `currency`, `amount`, `payment_ref_id`, `payment_date`, `payment_status`, `status`, `payment_type`, `transaction_type`, `receipt_no`, `payment_info`, `is_invoice`, `invoice_detail`, `created_date`, `updated_date`) VALUES ('1028', '68', '927', '125', 'O00927', 'KES', '4660.00', '236977634JMf', '2023-01-30 11:53:44', 'Pending', 1, 'Purchase', 'Debit', '', NULL, 0, NULL, '2023-01-30 11:53:44', NULL);
INSERT INTO `transaction` (`transaction_id`, `user_id`, `order_id`, `station_id`, `order_no`, `currency`, `amount`, `payment_ref_id`, `payment_date`, `payment_status`, `status`, `payment_type`, `transaction_type`, `receipt_no`, `payment_info`, `is_invoice`, `invoice_detail`, `created_date`, `updated_date`) VALUES ('1029', '162', '928', '133', 'O00928', 'KES', '28870.00', '23441635RdCi', '2023-01-30 11:54:12', 'Paid', 1, 'Purchase', 'Debit', '098fc1c3-6df8-4032-9c27-d4950950773f', '{\"TranID\":\"098fc1c3-6df8-4032-9c27-d4950950773f\",\"OrderId\":\"1029\",\"MerchantId\":null,\"Payee\":\"venky@gmail.com\",\"Amount\":28870.0000,\"TranasctionFee\":2309.6000,\"ShippingCharge\":0.0000,\"Status\":\"Completed\",\"TranDate\":\"2023-01-30T09:24:34.67\",\"ClientIp\":\"115.246.192.21\",\"Currency\":\"KES\",\"SettlementStatus\":null,\"Description\":\"Purchase\",\"Rrn\":\"JPC-10104\",\"DateCompleted\":\"0001-01-01T00:00:00\",\"MerchantEmail\":\"eqwipetrol@jambopay.com\",\"CustomerEmail\":\"venky@gmail.com\",\"CustomerPhone\":null,\"CallBackUrl\":\"https://colormoon.in/eqwi_petrol/payment/success\",\"CancelledUrl\":\"https://colormoon.in/eqwi_petrol/payment/cancel\",\"Channel\":\"MPESA\",\"LipaLink\":\"189ec4f162ad42348f35e5627bee6083\",\"PaymentChannel\":\"MPESA\",\"TransactionType\":\"Credit\"}', 0, NULL, '2023-01-30 11:54:12', NULL);
INSERT INTO `transaction` (`transaction_id`, `user_id`, `order_id`, `station_id`, `order_no`, `currency`, `amount`, `payment_ref_id`, `payment_date`, `payment_status`, `status`, `payment_type`, `transaction_type`, `receipt_no`, `payment_info`, `is_invoice`, `invoice_detail`, `created_date`, `updated_date`) VALUES ('1030', '68', '929', '125', 'O00929', 'KES', '4660.00', '23158251JVfb', '2023-01-30 11:55:14', 'Paid', 1, 'Purchase', 'Debit', 'dabc1ea1-b128-4fac-94a2-bfc804717dd1', '{\"TranID\":\"dabc1ea1-b128-4fac-94a2-bfc804717dd1\",\"OrderId\":\"1030\",\"MerchantId\":null,\"Payee\":\"chaitanya.appdev@colourmoon.com\",\"Amount\":4660.0000,\"TranasctionFee\":372.8000,\"ShippingCharge\":0.0000,\"Status\":\"Completed\",\"TranDate\":\"2023-01-30T09:25:37.977\",\"ClientIp\":\"223.185.103.217\",\"Currency\":\"KES\",\"SettlementStatus\":null,\"Description\":\"Purchase\",\"Rrn\":\"JPC-10105\",\"DateCompleted\":\"0001-01-01T00:00:00\",\"MerchantEmail\":\"eqwipetrol@jambopay.com\",\"CustomerEmail\":\"chaitanya.appdev@colourmoon.com\",\"CustomerPhone\":null,\"CallBackUrl\":\"https://colormoon.in/eqwi_petrol/payment/success\",\"CancelledUrl\":\"https://colormoon.in/eqwi_petrol/payment/cancel\",\"Channel\":\"MPESA\",\"LipaLink\":\"c08a1a1e9d274f58ab82976e0aeb9070\",\"PaymentChannel\":\"MPESA\",\"TransactionType\":\"Credit\"}', 0, NULL, '2023-01-30 11:55:14', NULL);
INSERT INTO `transaction` (`transaction_id`, `user_id`, `order_id`, `station_id`, `order_no`, `currency`, `amount`, `payment_ref_id`, `payment_date`, `payment_status`, `status`, `payment_type`, `transaction_type`, `receipt_no`, `payment_info`, `is_invoice`, `invoice_detail`, `created_date`, `updated_date`) VALUES ('1031', '162', '930', '133', 'O00930', 'KES', '28870.00', '23650091ome7', '2023-01-30 11:57:32', 'Paid', 1, 'Purchase', 'Debit', 'bbd6e1fb-ba49-4845-befd-a2e180024143', '{\"TranID\":\"bbd6e1fb-ba49-4845-befd-a2e180024143\",\"OrderId\":\"1031\",\"MerchantId\":null,\"Payee\":\"venky@gmail.com\",\"Amount\":28870.0000,\"TranasctionFee\":2309.6000,\"ShippingCharge\":0.0000,\"Status\":\"Completed\",\"TranDate\":\"2023-01-30T09:27:53.673\",\"ClientIp\":\"115.246.192.21\",\"Currency\":\"KES\",\"SettlementStatus\":null,\"Description\":\"Purchase\",\"Rrn\":\"JPC-10106\",\"DateCompleted\":\"0001-01-01T00:00:00\",\"MerchantEmail\":\"eqwipetrol@jambopay.com\",\"CustomerEmail\":\"venky@gmail.com\",\"CustomerPhone\":null,\"CallBackUrl\":\"https://colormoon.in/eqwi_petrol/payment/success\",\"CancelledUrl\":\"https://colormoon.in/eqwi_petrol/payment/cancel\",\"Channel\":\"MPESA\",\"LipaLink\":\"06d3c613f7db415e856eb112e1814a40\",\"PaymentChannel\":\"MPESA\",\"TransactionType\":\"Credit\"}', 0, NULL, '2023-01-30 11:57:32', NULL);
INSERT INTO `transaction` (`transaction_id`, `user_id`, `order_id`, `station_id`, `order_no`, `currency`, `amount`, `payment_ref_id`, `payment_date`, `payment_status`, `status`, `payment_type`, `transaction_type`, `receipt_no`, `payment_info`, `is_invoice`, `invoice_detail`, `created_date`, `updated_date`) VALUES ('1032', '162', '931', '133', 'O00931', 'KES', '28870.00', '235539456W5p', '2023-01-30 12:02:53', 'Paid', 1, 'Purchase', 'Debit', '9f886bc4-a9f9-4694-8f47-53b867be811d', '{\"TranID\":\"9f886bc4-a9f9-4694-8f47-53b867be811d\",\"OrderId\":\"1032\",\"MerchantId\":null,\"Payee\":\"venky@gmail.com\",\"Amount\":28870.0000,\"TranasctionFee\":2309.6000,\"ShippingCharge\":0.0000,\"Status\":\"Completed\",\"TranDate\":\"2023-01-30T09:33:14.83\",\"ClientIp\":\"115.246.192.21\",\"Currency\":\"KES\",\"SettlementStatus\":null,\"Description\":\"Purchase\",\"Rrn\":\"JPC-10108\",\"DateCompleted\":\"0001-01-01T00:00:00\",\"MerchantEmail\":\"eqwipetrol@jambopay.com\",\"CustomerEmail\":\"venky@gmail.com\",\"CustomerPhone\":null,\"CallBackUrl\":\"https://colormoon.in/eqwi_petrol/payment/success\",\"CancelledUrl\":\"https://colormoon.in/eqwi_petrol/payment/cancel\",\"Channel\":\"MPESA\",\"LipaLink\":\"5f3c75cfa8ae423290c3aaca4cff5e07\",\"PaymentChannel\":\"MPESA\",\"TransactionType\":\"Credit\"}', 0, NULL, '2023-01-30 12:02:53', NULL);
INSERT INTO `transaction` (`transaction_id`, `user_id`, `order_id`, `station_id`, `order_no`, `currency`, `amount`, `payment_ref_id`, `payment_date`, `payment_status`, `status`, `payment_type`, `transaction_type`, `receipt_no`, `payment_info`, `is_invoice`, `invoice_detail`, `created_date`, `updated_date`) VALUES ('1033', '162', '932', '133', 'O00932', 'KES', '28870.00', '23255212BPb0', '2023-01-30 12:09:00', 'Paid', 1, 'Purchase', 'Debit', 'a6fdf535-6e18-4b84-8c80-b7f4d9f3d3e7', '{\"TranID\":\"a6fdf535-6e18-4b84-8c80-b7f4d9f3d3e7\",\"OrderId\":\"1033\",\"MerchantId\":null,\"Payee\":\"venky@gmail.com\",\"Amount\":28870.0000,\"TranasctionFee\":2309.6000,\"ShippingCharge\":0.0000,\"Status\":\"Completed\",\"TranDate\":\"2023-01-30T09:39:21.277\",\"ClientIp\":\"115.246.192.21\",\"Currency\":\"KES\",\"SettlementStatus\":null,\"Description\":\"Purchase\",\"Rrn\":\"JPC-10109\",\"DateCompleted\":\"0001-01-01T00:00:00\",\"MerchantEmail\":\"eqwipetrol@jambopay.com\",\"CustomerEmail\":\"venky@gmail.com\",\"CustomerPhone\":null,\"CallBackUrl\":\"https://colormoon.in/eqwi_petrol/payment/success\",\"CancelledUrl\":\"https://colormoon.in/eqwi_petrol/payment/cancel\",\"Channel\":\"MPESA\",\"LipaLink\":\"eaeb7736722140999693146d1430a90d\",\"PaymentChannel\":\"MPESA\",\"TransactionType\":\"Credit\"}', 0, NULL, '2023-01-30 12:09:00', NULL);
INSERT INTO `transaction` (`transaction_id`, `user_id`, `order_id`, `station_id`, `order_no`, `currency`, `amount`, `payment_ref_id`, `payment_date`, `payment_status`, `status`, `payment_type`, `transaction_type`, `receipt_no`, `payment_info`, `is_invoice`, `invoice_detail`, `created_date`, `updated_date`) VALUES ('1034', '162', '933', '133', 'O00933', 'KES', '28870.00', '23374807cc6u', '2023-01-30 12:18:50', 'Paid', 1, 'Purchase', 'Debit', 'c5706d50-686a-4f88-9e1f-314fd560dda2', '{\"TranID\":\"c5706d50-686a-4f88-9e1f-314fd560dda2\",\"OrderId\":\"1034\",\"MerchantId\":null,\"Payee\":\"venky@gmail.com\",\"Amount\":28870.0000,\"TranasctionFee\":2309.6000,\"ShippingCharge\":0.0000,\"Status\":\"Completed\",\"TranDate\":\"2023-01-30T09:49:12.1\",\"ClientIp\":\"115.246.192.21\",\"Currency\":\"KES\",\"SettlementStatus\":null,\"Description\":\"Purchase\",\"Rrn\":\"JPC-10110\",\"DateCompleted\":\"0001-01-01T00:00:00\",\"MerchantEmail\":\"eqwipetrol@jambopay.com\",\"CustomerEmail\":\"venky@gmail.com\",\"CustomerPhone\":null,\"CallBackUrl\":\"https://colormoon.in/eqwi_petrol/payment/success\",\"CancelledUrl\":\"https://colormoon.in/eqwi_petrol/payment/cancel\",\"Channel\":\"MPESA\",\"LipaLink\":\"b0afa66a49734b5087a14ea0f0f408e1\",\"PaymentChannel\":\"MPESA\",\"TransactionType\":\"Credit\"}', 0, NULL, '2023-01-30 12:18:50', NULL);
INSERT INTO `transaction` (`transaction_id`, `user_id`, `order_id`, `station_id`, `order_no`, `currency`, `amount`, `payment_ref_id`, `payment_date`, `payment_status`, `status`, `payment_type`, `transaction_type`, `receipt_no`, `payment_info`, `is_invoice`, `invoice_detail`, `created_date`, `updated_date`) VALUES ('1035', '162', '934', '133', 'O00934', 'KES', '28870.00', '23758680LR6b', '2023-01-30 12:20:33', 'Pending', 1, 'Purchase', 'Debit', '', '{\"TranID\":\"f71922bf-5798-4778-8ca2-7c5fc79d8445\",\"OrderId\":\"1035\",\"MerchantId\":null,\"Payee\":\"venky@gmail.com\",\"Amount\":28870.0000,\"TranasctionFee\":0.0,\"ShippingCharge\":0.0000,\"Status\":\"Pending\",\"TranDate\":\"2023-01-30T09:50:53.503\",\"ClientIp\":\"115.246.192.21\",\"Currency\":\"KES\",\"SettlementStatus\":null,\"Description\":\"Purchase\",\"Rrn\":\"JPC-10111\",\"DateCompleted\":\"0001-01-01T00:00:00\",\"MerchantEmail\":\"eqwipetrol@jambopay.com\",\"CustomerEmail\":\"venky@gmail.com\",\"CustomerPhone\":null,\"CallBackUrl\":\"https://colormoon.in/eqwi_petrol/payment/success\",\"CancelledUrl\":\"https://colormoon.in/eqwi_petrol/payment/cancel\",\"Channel\":null,\"LipaLink\":\"cc6dc16e055942b596f69ab74a127e2e\",\"PaymentChannel\":null,\"TransactionType\":\"Credit\"}', 0, NULL, '2023-01-30 12:20:33', NULL);
INSERT INTO `transaction` (`transaction_id`, `user_id`, `order_id`, `station_id`, `order_no`, `currency`, `amount`, `payment_ref_id`, `payment_date`, `payment_status`, `status`, `payment_type`, `transaction_type`, `receipt_no`, `payment_info`, `is_invoice`, `invoice_detail`, `created_date`, `updated_date`) VALUES ('1036', '3', '937', '2', 'O00937', 'KES', '2250120.00', '23854125iiyK', '2023-01-30 12:30:18', 'Paid', 1, 'Purchase', 'Invoice', '', NULL, 1, '{\"InvoiceNumber\":\"23854125iiyK\",\"MerchantCode\":\"121121\",\"BusinessName\":\"Eqwipetrol\",\"BillTitle\":\"Invoice\",\"Items\":[{\"ItemCode\":\"4\",\"ItemName\":\"Gas\",\"Quantity\":15000.0,\"UnitPrice\":150.00}],\"BillNumber\":\"JPB-638106696401234083\",\"Amount\":2250000.00,\"CustomerInfo\":{\"Names\":\"Dinesh\",\"Email\":\"dinesh1@test.com\",\"PhoneNumber\":\"1471471470\"},\"Currency\":\"KES\",\"Paid\":false,\"PartialPayable\":false,\"RemainingBalance\":2250000.00,\"DueDate\":null}', '2023-01-30 12:30:18', '2023-01-30 12:30:46');
INSERT INTO `transaction` (`transaction_id`, `user_id`, `order_id`, `station_id`, `order_no`, `currency`, `amount`, `payment_ref_id`, `payment_date`, `payment_status`, `status`, `payment_type`, `transaction_type`, `receipt_no`, `payment_info`, `is_invoice`, `invoice_detail`, `created_date`, `updated_date`) VALUES ('1037', '162', '938', '133', 'O00938', 'KES', '10120.00', '23490811XcOP', '2023-01-30 12:46:04', 'Paid', 1, 'Purchase', 'Debit', '9e3dfdbf-68b9-4a89-9d82-568b22733c93', '{\"TranID\":\"9e3dfdbf-68b9-4a89-9d82-568b22733c93\",\"OrderId\":\"1037\",\"MerchantId\":null,\"Payee\":\"venky@gmail.com\",\"Amount\":10120.0000,\"TranasctionFee\":809.6000,\"ShippingCharge\":0.0000,\"Status\":\"Completed\",\"TranDate\":\"2023-01-30T10:16:27.33\",\"ClientIp\":\"115.246.192.21\",\"Currency\":\"KES\",\"SettlementStatus\":null,\"Description\":\"Purchase\",\"Rrn\":\"JPC-10112\",\"DateCompleted\":\"0001-01-01T00:00:00\",\"MerchantEmail\":\"eqwipetrol@jambopay.com\",\"CustomerEmail\":\"venky@gmail.com\",\"CustomerPhone\":null,\"CallBackUrl\":\"https://colormoon.in/eqwi_petrol/payment/success\",\"CancelledUrl\":\"https://colormoon.in/eqwi_petrol/payment/cancel\",\"Channel\":\"MPESA\",\"LipaLink\":\"ee67e30475c24fd3bd68c69154d31b01\",\"PaymentChannel\":\"MPESA\",\"TransactionType\":\"Credit\"}', 0, NULL, '2023-01-30 12:46:04', NULL);
INSERT INTO `transaction` (`transaction_id`, `user_id`, `order_id`, `station_id`, `order_no`, `currency`, `amount`, `payment_ref_id`, `payment_date`, `payment_status`, `status`, `payment_type`, `transaction_type`, `receipt_no`, `payment_info`, `is_invoice`, `invoice_detail`, `created_date`, `updated_date`) VALUES ('1038', '68', '0', '0', 'W01038', 'KES', '1000.00', '23431181i0KI', '2023-01-30 12:54:08', 'Pending', 1, 'Wallet', 'Credit', '', NULL, 0, NULL, '2023-01-30 12:54:08', NULL);
INSERT INTO `transaction` (`transaction_id`, `user_id`, `order_id`, `station_id`, `order_no`, `currency`, `amount`, `payment_ref_id`, `payment_date`, `payment_status`, `status`, `payment_type`, `transaction_type`, `receipt_no`, `payment_info`, `is_invoice`, `invoice_detail`, `created_date`, `updated_date`) VALUES ('1039', '162', '939', '133', 'O00939', 'KES', '10120.00', '23936179UbXD', '2023-01-30 18:08:48', 'Paid', 1, 'Purchase', 'Debit', '2d5174c2-000f-49b8-9edd-cc23b9990ae5', '{\"TranID\":\"2d5174c2-000f-49b8-9edd-cc23b9990ae5\",\"OrderId\":\"1039\",\"MerchantId\":null,\"Payee\":\"venky@gmail.com\",\"Amount\":10120.0000,\"TranasctionFee\":809.6000,\"ShippingCharge\":0.0000,\"Status\":\"Completed\",\"TranDate\":\"2023-01-30T15:39:10.53\",\"ClientIp\":\"115.246.192.21\",\"Currency\":\"KES\",\"SettlementStatus\":null,\"Description\":\"Purchase\",\"Rrn\":\"JPC-10115\",\"DateCompleted\":\"0001-01-01T00:00:00\",\"MerchantEmail\":\"eqwipetrol@jambopay.com\",\"CustomerEmail\":\"venky@gmail.com\",\"CustomerPhone\":null,\"CallBackUrl\":\"https://colormoon.in/eqwi_petrol/payment/success\",\"CancelledUrl\":\"https://colormoon.in/eqwi_petrol/payment/cancel\",\"Channel\":\"MPESA\",\"LipaLink\":\"8230be34c11d4d3eb2f67b39c8aa0153\",\"PaymentChannel\":\"MPESA\",\"TransactionType\":\"Credit\"}', 0, NULL, '2023-01-30 18:08:48', NULL);
INSERT INTO `transaction` (`transaction_id`, `user_id`, `order_id`, `station_id`, `order_no`, `currency`, `amount`, `payment_ref_id`, `payment_date`, `payment_status`, `status`, `payment_type`, `transaction_type`, `receipt_no`, `payment_info`, `is_invoice`, `invoice_detail`, `created_date`, `updated_date`) VALUES ('1040', '162', '0', '0', 'W01040', 'KES', '100000.00', '235494259BoW', '2023-01-30 18:18:17', 'Paid', 1, 'Wallet', 'Credit', 'd8a06fa2-f5f2-4cc8-b6b6-aebc37726192', '{\"TranID\":\"d8a06fa2-f5f2-4cc8-b6b6-aebc37726192\",\"OrderId\":\"1040\",\"MerchantId\":null,\"Payee\":\"venky@gmail.com\",\"Amount\":100000.0000,\"TranasctionFee\":8000.0000,\"ShippingCharge\":0.0000,\"Status\":\"Completed\",\"TranDate\":\"2023-01-30T15:48:40.13\",\"ClientIp\":\"115.246.192.21\",\"Currency\":\"KES\",\"SettlementStatus\":null,\"Description\":\"Purchase\",\"Rrn\":\"JPC-10116\",\"DateCompleted\":\"0001-01-01T00:00:00\",\"MerchantEmail\":\"eqwipetrol@jambopay.com\",\"CustomerEmail\":\"venky@gmail.com\",\"CustomerPhone\":null,\"CallBackUrl\":\"https://colormoon.in/eqwi_petrol/payment/success\",\"CancelledUrl\":\"https://colormoon.in/eqwi_petrol/payment/cancel\",\"Channel\":\"MPESA\",\"LipaLink\":\"04957928ad994f10ae0cdf0b6f3b2542\",\"PaymentChannel\":\"MPESA\",\"TransactionType\":\"Credit\"}', 0, NULL, '2023-01-30 18:18:17', NULL);
INSERT INTO `transaction` (`transaction_id`, `user_id`, `order_id`, `station_id`, `order_no`, `currency`, `amount`, `payment_ref_id`, `payment_date`, `payment_status`, `status`, `payment_type`, `transaction_type`, `receipt_no`, `payment_info`, `is_invoice`, `invoice_detail`, `created_date`, `updated_date`) VALUES ('1041', '162', '0', '0', 'W01041', 'KES', '100000.00', '231972639ws2', '2023-01-30 18:19:34', 'Paid', 1, 'Wallet', 'Credit', 'f54bc468-8bf2-4557-921c-7ce502a46b77', '{\"TranID\":\"f54bc468-8bf2-4557-921c-7ce502a46b77\",\"OrderId\":\"1041\",\"MerchantId\":null,\"Payee\":\"venky@gmail.com\",\"Amount\":100000.0000,\"TranasctionFee\":8000.0000,\"ShippingCharge\":0.0000,\"Status\":\"Completed\",\"TranDate\":\"2023-01-30T15:49:55.423\",\"ClientIp\":\"115.246.192.21\",\"Currency\":\"KES\",\"SettlementStatus\":null,\"Description\":\"Purchase\",\"Rrn\":\"JPC-10117\",\"DateCompleted\":\"0001-01-01T00:00:00\",\"MerchantEmail\":\"eqwipetrol@jambopay.com\",\"CustomerEmail\":\"venky@gmail.com\",\"CustomerPhone\":null,\"CallBackUrl\":\"https://colormoon.in/eqwi_petrol/payment/success\",\"CancelledUrl\":\"https://colormoon.in/eqwi_petrol/payment/cancel\",\"Channel\":\"MPESA\",\"LipaLink\":\"5b0a50bcac3e4c838cf059a50832d5df\",\"PaymentChannel\":\"MPESA\",\"TransactionType\":\"Credit\"}', 0, NULL, '2023-01-30 18:19:34', NULL);
INSERT INTO `transaction` (`transaction_id`, `user_id`, `order_id`, `station_id`, `order_no`, `currency`, `amount`, `payment_ref_id`, `payment_date`, `payment_status`, `status`, `payment_type`, `transaction_type`, `receipt_no`, `payment_info`, `is_invoice`, `invoice_detail`, `created_date`, `updated_date`) VALUES ('1042', '162', '0', '0', 'W01042', 'KES', '236566.00', '23342243l72F', '2023-01-30 18:20:12', 'Paid', 1, 'Wallet', 'Credit', '1d680a0c-6826-416e-9be5-8ceb875b0cca', '{\"TranID\":\"1d680a0c-6826-416e-9be5-8ceb875b0cca\",\"OrderId\":\"1042\",\"MerchantId\":null,\"Payee\":\"venky@gmail.com\",\"Amount\":236566.0000,\"TranasctionFee\":18925.2800,\"ShippingCharge\":0.0000,\"Status\":\"Completed\",\"TranDate\":\"2023-01-30T15:50:32.77\",\"ClientIp\":\"115.246.192.21\",\"Currency\":\"KES\",\"SettlementStatus\":null,\"Description\":\"Purchase\",\"Rrn\":\"JPC-10118\",\"DateCompleted\":\"0001-01-01T00:00:00\",\"MerchantEmail\":\"eqwipetrol@jambopay.com\",\"CustomerEmail\":\"venky@gmail.com\",\"CustomerPhone\":null,\"CallBackUrl\":\"https://colormoon.in/eqwi_petrol/payment/success\",\"CancelledUrl\":\"https://colormoon.in/eqwi_petrol/payment/cancel\",\"Channel\":\"MPESA\",\"LipaLink\":\"72bc8363a1414e7590b59931e44bbf48\",\"PaymentChannel\":\"MPESA\",\"TransactionType\":\"Credit\"}', 0, NULL, '2023-01-30 18:20:12', NULL);
INSERT INTO `transaction` (`transaction_id`, `user_id`, `order_id`, `station_id`, `order_no`, `currency`, `amount`, `payment_ref_id`, `payment_date`, `payment_status`, `status`, `payment_type`, `transaction_type`, `receipt_no`, `payment_info`, `is_invoice`, `invoice_detail`, `created_date`, `updated_date`) VALUES ('1043', '162', '940', '133', 'O00940', 'KES', '10120.00', '23159156Mvca', '2023-01-30 18:20:53', 'Paid', 1, 'Purchase', 'Wallet', '', NULL, 0, NULL, '2023-01-30 18:20:53', NULL);
INSERT INTO `transaction` (`transaction_id`, `user_id`, `order_id`, `station_id`, `order_no`, `currency`, `amount`, `payment_ref_id`, `payment_date`, `payment_status`, `status`, `payment_type`, `transaction_type`, `receipt_no`, `payment_info`, `is_invoice`, `invoice_detail`, `created_date`, `updated_date`) VALUES ('1044', '68', '941', '125', 'O00941', 'KES', '21870.00', '23911527xwSo', '2023-01-31 15:23:53', 'Paid', 1, 'Purchase', 'Debit', 'ae16bd7f-5bf3-49e6-b969-06c8df3135a7', '{\"TranID\":\"ae16bd7f-5bf3-49e6-b969-06c8df3135a7\",\"OrderId\":\"1044\",\"MerchantId\":null,\"Payee\":\"chaitanya.appdev@colourmoon.com\",\"Amount\":21870.0000,\"TranasctionFee\":1749.6000,\"ShippingCharge\":0.0000,\"Status\":\"Completed\",\"TranDate\":\"2023-01-31T12:54:17.123\",\"ClientIp\":\"115.246.192.21\",\"Currency\":\"KES\",\"SettlementStatus\":null,\"Description\":\"Purchase\",\"Rrn\":\"JPC-10001\",\"DateCompleted\":\"0001-01-01T00:00:00\",\"MerchantEmail\":\"eqwipetrol@jambopay.com\",\"CustomerEmail\":\"chaitanya.appdev@colourmoon.com\",\"CustomerPhone\":null,\"CallBackUrl\":\"https://colormoon.in/eqwi_petrol/payment/success\",\"CancelledUrl\":\"https://colormoon.in/eqwi_petrol/payment/cancel\",\"Channel\":\"MPESA\",\"LipaLink\":\"db85694f40444953af3193c9f4287ea9\",\"PaymentChannel\":\"MPESA\",\"TransactionType\":\"Credit\"}', 0, NULL, '2023-01-31 15:23:53', NULL);
INSERT INTO `transaction` (`transaction_id`, `user_id`, `order_id`, `station_id`, `order_no`, `currency`, `amount`, `payment_ref_id`, `payment_date`, `payment_status`, `status`, `payment_type`, `transaction_type`, `receipt_no`, `payment_info`, `is_invoice`, `invoice_detail`, `created_date`, `updated_date`) VALUES ('1045', '68', '942', '125', 'O00942', 'KES', '18870.00', '23823211XvEY', '2023-01-31 15:40:08', 'Paid', 1, 'Purchase', 'Debit', '191ae914-3f44-4010-93f4-018b37622a69', '{\"TranID\":\"191ae914-3f44-4010-93f4-018b37622a69\",\"OrderId\":\"1045\",\"MerchantId\":null,\"Payee\":\"chaitanya.appdev@colourmoon.com\",\"Amount\":18870.0000,\"TranasctionFee\":1509.6000,\"ShippingCharge\":0.0000,\"Status\":\"Completed\",\"TranDate\":\"2023-01-31T13:10:30.563\",\"ClientIp\":\"115.246.192.21\",\"Currency\":\"KES\",\"SettlementStatus\":null,\"Description\":\"Purchase\",\"Rrn\":\"JPC-10002\",\"DateCompleted\":\"0001-01-01T00:00:00\",\"MerchantEmail\":\"eqwipetrol@jambopay.com\",\"CustomerEmail\":\"chaitanya.appdev@colourmoon.com\",\"CustomerPhone\":null,\"CallBackUrl\":\"https://colormoon.in/eqwi_petrol/payment/success\",\"CancelledUrl\":\"https://colormoon.in/eqwi_petrol/payment/cancel\",\"Channel\":\"MPESA\",\"LipaLink\":\"c2382e4a840543aeb5350bab136ddf69\",\"PaymentChannel\":\"MPESA\",\"TransactionType\":\"Credit\"}', 0, NULL, '2023-01-31 15:40:08', NULL);
INSERT INTO `transaction` (`transaction_id`, `user_id`, `order_id`, `station_id`, `order_no`, `currency`, `amount`, `payment_ref_id`, `payment_date`, `payment_status`, `status`, `payment_type`, `transaction_type`, `receipt_no`, `payment_info`, `is_invoice`, `invoice_detail`, `created_date`, `updated_date`) VALUES ('1046', '68', '943', '125', 'O00943', 'KES', '17240.00', '23674071Z6Nu', '2023-01-31 15:41:03', 'Paid', 1, 'Purchase', 'Debit', 'acfa6158-4012-4416-ad31-a4954b41a964', '{\"TranID\":\"acfa6158-4012-4416-ad31-a4954b41a964\",\"OrderId\":\"1046\",\"MerchantId\":null,\"Payee\":\"chaitanya.appdev@colourmoon.com\",\"Amount\":17240.0000,\"TranasctionFee\":1379.2000,\"ShippingCharge\":0.0000,\"Status\":\"Completed\",\"TranDate\":\"2023-01-31T13:11:24.547\",\"ClientIp\":\"115.246.192.21\",\"Currency\":\"KES\",\"SettlementStatus\":null,\"Description\":\"Purchase\",\"Rrn\":\"JPC-10003\",\"DateCompleted\":\"0001-01-01T00:00:00\",\"MerchantEmail\":\"eqwipetrol@jambopay.com\",\"CustomerEmail\":\"chaitanya.appdev@colourmoon.com\",\"CustomerPhone\":null,\"CallBackUrl\":\"https://colormoon.in/eqwi_petrol/payment/success\",\"CancelledUrl\":\"https://colormoon.in/eqwi_petrol/payment/cancel\",\"Channel\":\"MPESA\",\"LipaLink\":\"2a804a36363b4e6cba3e2c9ad31b4327\",\"PaymentChannel\":\"MPESA\",\"TransactionType\":\"Credit\"}', 0, NULL, '2023-01-31 15:41:03', NULL);
INSERT INTO `transaction` (`transaction_id`, `user_id`, `order_id`, `station_id`, `order_no`, `currency`, `amount`, `payment_ref_id`, `payment_date`, `payment_status`, `status`, `payment_type`, `transaction_type`, `receipt_no`, `payment_info`, `is_invoice`, `invoice_detail`, `created_date`, `updated_date`) VALUES ('1047', '162', '944', '133', 'O00944', 'KES', '9880.00', '23772560PUNA', '2023-01-31 18:48:57', 'Paid', 1, 'Purchase', 'Wallet', '', NULL, 0, NULL, '2023-01-31 18:48:57', NULL);
INSERT INTO `transaction` (`transaction_id`, `user_id`, `order_id`, `station_id`, `order_no`, `currency`, `amount`, `payment_ref_id`, `payment_date`, `payment_status`, `status`, `payment_type`, `transaction_type`, `receipt_no`, `payment_info`, `is_invoice`, `invoice_detail`, `created_date`, `updated_date`) VALUES ('1048', '162', '945', '133', 'O00945', 'KES', '10120.00', '23284572Sojs', '2023-01-31 18:50:58', 'Paid', 1, 'Purchase', 'Wallet', '', NULL, 0, NULL, '2023-01-31 18:50:58', NULL);
INSERT INTO `transaction` (`transaction_id`, `user_id`, `order_id`, `station_id`, `order_no`, `currency`, `amount`, `payment_ref_id`, `payment_date`, `payment_status`, `status`, `payment_type`, `transaction_type`, `receipt_no`, `payment_info`, `is_invoice`, `invoice_detail`, `created_date`, `updated_date`) VALUES ('1049', '68', '947', '125', 'O00947', 'KES', '12120.00', '23914681Q6b7', '2023-02-01 10:39:09', 'Pending', 1, 'Purchase', 'Debit', '', NULL, 0, NULL, '2023-02-01 10:39:09', NULL);
INSERT INTO `transaction` (`transaction_id`, `user_id`, `order_id`, `station_id`, `order_no`, `currency`, `amount`, `payment_ref_id`, `payment_date`, `payment_status`, `status`, `payment_type`, `transaction_type`, `receipt_no`, `payment_info`, `is_invoice`, `invoice_detail`, `created_date`, `updated_date`) VALUES ('1050', '68', '948', '125', 'O00948', 'KES', '12120.00', '23596777VvE8', '2023-02-01 10:42:00', 'Pending', 1, 'Purchase', 'Debit', '', NULL, 0, NULL, '2023-02-01 10:42:00', NULL);
INSERT INTO `transaction` (`transaction_id`, `user_id`, `order_id`, `station_id`, `order_no`, `currency`, `amount`, `payment_ref_id`, `payment_date`, `payment_status`, `status`, `payment_type`, `transaction_type`, `receipt_no`, `payment_info`, `is_invoice`, `invoice_detail`, `created_date`, `updated_date`) VALUES ('1051', '68', '949', '125', 'O00949', 'KES', '12120.00', '237065459P2t', '2023-02-01 10:42:24', 'Pending', 1, 'Purchase', 'Debit', '', NULL, 0, NULL, '2023-02-01 10:42:24', NULL);
INSERT INTO `transaction` (`transaction_id`, `user_id`, `order_id`, `station_id`, `order_no`, `currency`, `amount`, `payment_ref_id`, `payment_date`, `payment_status`, `status`, `payment_type`, `transaction_type`, `receipt_no`, `payment_info`, `is_invoice`, `invoice_detail`, `created_date`, `updated_date`) VALUES ('1052', '68', '950', '125', 'O00950', 'KES', '34620.00', '23903504l6Vp', '2023-02-01 10:49:07', 'Pending', 1, 'Purchase', 'Debit', '', NULL, 0, NULL, '2023-02-01 10:49:07', NULL);
INSERT INTO `transaction` (`transaction_id`, `user_id`, `order_id`, `station_id`, `order_no`, `currency`, `amount`, `payment_ref_id`, `payment_date`, `payment_status`, `status`, `payment_type`, `transaction_type`, `receipt_no`, `payment_info`, `is_invoice`, `invoice_detail`, `created_date`, `updated_date`) VALUES ('1053', '68', '951', '125', 'O00951', 'KES', '34620.00', '23638491lYtK', '2023-02-01 10:50:57', 'Pending', 1, 'Purchase', 'Debit', '', NULL, 0, NULL, '2023-02-01 10:50:57', NULL);
INSERT INTO `transaction` (`transaction_id`, `user_id`, `order_id`, `station_id`, `order_no`, `currency`, `amount`, `payment_ref_id`, `payment_date`, `payment_status`, `status`, `payment_type`, `transaction_type`, `receipt_no`, `payment_info`, `is_invoice`, `invoice_detail`, `created_date`, `updated_date`) VALUES ('1054', '68', '952', '125', 'O00952', 'KES', '34620.00', '23592296Jwvh', '2023-02-01 10:51:55', 'Pending', 1, 'Purchase', 'Debit', '', NULL, 0, NULL, '2023-02-01 10:51:55', NULL);
INSERT INTO `transaction` (`transaction_id`, `user_id`, `order_id`, `station_id`, `order_no`, `currency`, `amount`, `payment_ref_id`, `payment_date`, `payment_status`, `status`, `payment_type`, `transaction_type`, `receipt_no`, `payment_info`, `is_invoice`, `invoice_detail`, `created_date`, `updated_date`) VALUES ('1055', '107', '953', '88', 'O00953', 'KES', '18720.00', '23157895nJ6e', '2023-02-01 10:52:50', 'Pending', 1, 'Purchase', 'Debit', '', '{\"TranID\":\"cbde2a4d-93ee-4ac2-b249-3c875ebc1b35\",\"OrderId\":\"1055\",\"MerchantId\":null,\"Payee\":\"swathi@gmail.com\",\"Amount\":18720.0000,\"TranasctionFee\":0.0,\"ShippingCharge\":0.0000,\"Status\":\"Pending\",\"TranDate\":\"2023-02-01T08:23:14.087\",\"ClientIp\":\"202.53.69.164\",\"Currency\":\"KES\",\"SettlementStatus\":null,\"Description\":\"Purchase\",\"Rrn\":\"JPC-10001\",\"DateCompleted\":\"0001-01-01T00:00:00\",\"MerchantEmail\":\"eqwipetrol@jambopay.com\",\"CustomerEmail\":\"swathi@gmail.com\",\"CustomerPhone\":null,\"CallBackUrl\":\"https://colormoon.in/eqwi_petrol/payment/success\",\"CancelledUrl\":\"https://colormoon.in/eqwi_petrol/payment/cancel\",\"Channel\":null,\"LipaLink\":\"43f1a3f0de49400489cfa68a647dd938\",\"PaymentChannel\":null,\"TransactionType\":\"Credit\"}', 0, NULL, '2023-02-01 10:52:50', NULL);
INSERT INTO `transaction` (`transaction_id`, `user_id`, `order_id`, `station_id`, `order_no`, `currency`, `amount`, `payment_ref_id`, `payment_date`, `payment_status`, `status`, `payment_type`, `transaction_type`, `receipt_no`, `payment_info`, `is_invoice`, `invoice_detail`, `created_date`, `updated_date`) VALUES ('1056', '68', '954', '125', 'O00954', 'KES', '34620.00', '23647235L7Nx', '2023-02-01 10:53:32', 'Pending', 1, 'Purchase', 'Debit', '', '{\"TranID\":\"625f99d2-4ca0-4436-b7e2-3cfdc569e8c6\",\"OrderId\":\"1056\",\"MerchantId\":null,\"Payee\":\"chaitanya.appdev@colourmoon.com\",\"Amount\":34620.0000,\"TranasctionFee\":0.0,\"ShippingCharge\":0.0000,\"Status\":\"Pending\",\"TranDate\":\"2023-02-01T08:38:22.553\",\"ClientIp\":\"202.53.69.164\",\"Currency\":\"KES\",\"SettlementStatus\":null,\"Description\":\"Purchase\",\"Rrn\":\"JPC-10005\",\"DateCompleted\":\"0001-01-01T00:00:00\",\"MerchantEmail\":\"eqwipetrol@jambopay.com\",\"CustomerEmail\":\"chaitanya.appdev@colourmoon.com\",\"CustomerPhone\":null,\"CallBackUrl\":\"https://colormoon.in/eqwi_petrol/payment/success\",\"CancelledUrl\":\"https://colormoon.in/eqwi_petrol/payment/cancel\",\"Channel\":null,\"LipaLink\":\"51dfb37b7f3442b9addc6eae6bc5cde9\",\"PaymentChannel\":null,\"TransactionType\":\"Credit\"}', 0, NULL, '2023-02-01 10:53:32', NULL);
INSERT INTO `transaction` (`transaction_id`, `user_id`, `order_id`, `station_id`, `order_no`, `currency`, `amount`, `payment_ref_id`, `payment_date`, `payment_status`, `status`, `payment_type`, `transaction_type`, `receipt_no`, `payment_info`, `is_invoice`, `invoice_detail`, `created_date`, `updated_date`) VALUES ('1057', '107', '955', '88', 'O00955', 'KES', '18720.00', '238648268CB1', '2023-02-01 10:54:32', 'Pending', 1, 'Purchase', 'Debit', '', '{\"TranID\":\"bac48eb5-e3f8-4865-8ebf-e0247674fad9\",\"OrderId\":\"1057\",\"MerchantId\":null,\"Payee\":\"swathi@gmail.com\",\"Amount\":18720.0000,\"TranasctionFee\":0.0,\"ShippingCharge\":0.0000,\"Status\":\"Pending\",\"TranDate\":\"2023-02-01T08:24:54.907\",\"ClientIp\":\"202.53.69.164\",\"Currency\":\"KES\",\"SettlementStatus\":null,\"Description\":\"Purchase\",\"Rrn\":\"JPC-10002\",\"DateCompleted\":\"0001-01-01T00:00:00\",\"MerchantEmail\":\"eqwipetrol@jambopay.com\",\"CustomerEmail\":\"swathi@gmail.com\",\"CustomerPhone\":null,\"CallBackUrl\":\"https://colormoon.in/eqwi_petrol/payment/success\",\"CancelledUrl\":\"https://colormoon.in/eqwi_petrol/payment/cancel\",\"Channel\":null,\"LipaLink\":\"ac32e6fcdb864e87aed2e1fd78516341\",\"PaymentChannel\":null,\"TransactionType\":\"Credit\"}', 0, NULL, '2023-02-01 10:54:32', NULL);
INSERT INTO `transaction` (`transaction_id`, `user_id`, `order_id`, `station_id`, `order_no`, `currency`, `amount`, `payment_ref_id`, `payment_date`, `payment_status`, `status`, `payment_type`, `transaction_type`, `receipt_no`, `payment_info`, `is_invoice`, `invoice_detail`, `created_date`, `updated_date`) VALUES ('1058', '107', '956', '88', 'O00956', 'KES', '18720.00', '23482165XFxv', '2023-02-01 11:00:46', 'Paid', 1, 'Purchase', 'Debit', '09ea4fea-fbf3-421b-be1f-5a9c09a78b24', '{\"TranID\":\"09ea4fea-fbf3-421b-be1f-5a9c09a78b24\",\"OrderId\":\"1058\",\"MerchantId\":null,\"Payee\":\"swathi@gmail.com\",\"Amount\":18720.0000,\"TranasctionFee\":1497.6000,\"ShippingCharge\":0.0000,\"Status\":\"Completed\",\"TranDate\":\"2023-02-01T08:31:09.303\",\"ClientIp\":\"202.53.69.164\",\"Currency\":\"KES\",\"SettlementStatus\":null,\"Description\":\"Purchase\",\"Rrn\":\"JPC-10003\",\"DateCompleted\":\"0001-01-01T00:00:00\",\"MerchantEmail\":\"eqwipetrol@jambopay.com\",\"CustomerEmail\":\"swathi@gmail.com\",\"CustomerPhone\":null,\"CallBackUrl\":\"https://colormoon.in/eqwi_petrol/payment/success\",\"CancelledUrl\":\"https://colormoon.in/eqwi_petrol/payment/cancel\",\"Channel\":\"MPESA\",\"LipaLink\":\"dd122c1c61b54cbca7ba27b2199e0f7e\",\"PaymentChannel\":\"MPESA\",\"TransactionType\":\"Credit\"}', 0, NULL, '2023-02-01 11:00:46', NULL);
INSERT INTO `transaction` (`transaction_id`, `user_id`, `order_id`, `station_id`, `order_no`, `currency`, `amount`, `payment_ref_id`, `payment_date`, `payment_status`, `status`, `payment_type`, `transaction_type`, `receipt_no`, `payment_info`, `is_invoice`, `invoice_detail`, `created_date`, `updated_date`) VALUES ('1059', '107', '957', '88', 'O00957', 'KES', '20200.00', '23472496WCyw', '2023-02-01 11:02:10', 'Pending', 1, 'Purchase', 'Debit', '', '{\"TranID\":\"c68eeb3b-20c5-41e0-8726-a5214376ec95\",\"OrderId\":\"1059\",\"MerchantId\":null,\"Payee\":\"swathi@gmail.com\",\"Amount\":20200.0000,\"TranasctionFee\":0.0,\"ShippingCharge\":0.0000,\"Status\":\"Pending\",\"TranDate\":\"2023-02-01T08:32:31.503\",\"ClientIp\":\"202.53.69.164\",\"Currency\":\"KES\",\"SettlementStatus\":null,\"Description\":\"Purchase\",\"Rrn\":\"JPC-10004\",\"DateCompleted\":\"0001-01-01T00:00:00\",\"MerchantEmail\":\"eqwipetrol@jambopay.com\",\"CustomerEmail\":\"swathi@gmail.com\",\"CustomerPhone\":null,\"CallBackUrl\":\"https://colormoon.in/eqwi_petrol/payment/success\",\"CancelledUrl\":\"https://colormoon.in/eqwi_petrol/payment/cancel\",\"Channel\":null,\"LipaLink\":\"4785bc96d313404c8285d7d65191d6d9\",\"PaymentChannel\":null,\"TransactionType\":\"Credit\"}', 0, NULL, '2023-02-01 11:02:10', NULL);
INSERT INTO `transaction` (`transaction_id`, `user_id`, `order_id`, `station_id`, `order_no`, `currency`, `amount`, `payment_ref_id`, `payment_date`, `payment_status`, `status`, `payment_type`, `transaction_type`, `receipt_no`, `payment_info`, `is_invoice`, `invoice_detail`, `created_date`, `updated_date`) VALUES ('1060', '107', '958', '88', 'O00958', 'KES', '20200.00', '23608712G2Go', '2023-02-01 11:05:16', 'Pending', 1, 'Purchase', 'Debit', '', NULL, 0, NULL, '2023-02-01 11:05:16', NULL);
INSERT INTO `transaction` (`transaction_id`, `user_id`, `order_id`, `station_id`, `order_no`, `currency`, `amount`, `payment_ref_id`, `payment_date`, `payment_status`, `status`, `payment_type`, `transaction_type`, `receipt_no`, `payment_info`, `is_invoice`, `invoice_detail`, `created_date`, `updated_date`) VALUES ('1061', '68', '959', '125', 'O00959', 'KES', '34620.00', '23374254XRCX', '2023-02-01 11:19:13', 'Pending', 1, 'Purchase', 'Debit', '', '{\"TranID\":\"36bc6ae5-2ae1-4a03-93aa-45224077f498\",\"OrderId\":\"1061\",\"MerchantId\":null,\"Payee\":\"chaitanya.appdev@colourmoon.com\",\"Amount\":34620.0000,\"TranasctionFee\":0.0,\"ShippingCharge\":0.0000,\"Status\":\"Pending\",\"TranDate\":\"2023-02-01T08:51:00.927\",\"ClientIp\":\"202.53.69.164\",\"Currency\":\"KES\",\"SettlementStatus\":null,\"Description\":\"Purchase\",\"Rrn\":\"JPC-10006\",\"DateCompleted\":\"0001-01-01T00:00:00\",\"MerchantEmail\":\"eqwipetrol@jambopay.com\",\"CustomerEmail\":\"chaitanya.appdev@colourmoon.com\",\"CustomerPhone\":null,\"CallBackUrl\":\"https://colormoon.in/eqwi_petrol/payment/success\",\"CancelledUrl\":\"https://colormoon.in/eqwi_petrol/payment/cancel\",\"Channel\":null,\"LipaLink\":\"a1daea94a6dc44429818eaffd8c63b75\",\"PaymentChannel\":null,\"TransactionType\":\"Credit\"}', 0, NULL, '2023-02-01 11:19:13', NULL);
INSERT INTO `transaction` (`transaction_id`, `user_id`, `order_id`, `station_id`, `order_no`, `currency`, `amount`, `payment_ref_id`, `payment_date`, `payment_status`, `status`, `payment_type`, `transaction_type`, `receipt_no`, `payment_info`, `is_invoice`, `invoice_detail`, `created_date`, `updated_date`) VALUES ('1062', '68', '960', '125', 'O00960', 'KES', '34620.00', '23597824xQHs', '2023-02-01 11:23:13', 'Pending', 1, 'Purchase', 'Debit', '', NULL, 0, NULL, '2023-02-01 11:23:13', NULL);
INSERT INTO `transaction` (`transaction_id`, `user_id`, `order_id`, `station_id`, `order_no`, `currency`, `amount`, `payment_ref_id`, `payment_date`, `payment_status`, `status`, `payment_type`, `transaction_type`, `receipt_no`, `payment_info`, `is_invoice`, `invoice_detail`, `created_date`, `updated_date`) VALUES ('1063', '68', '961', '125', 'O00961', 'KES', '34620.00', '23171457fv1N', '2023-02-01 11:24:35', 'Pending', 1, 'Purchase', 'Debit', '', NULL, 0, NULL, '2023-02-01 11:24:35', NULL);
INSERT INTO `transaction` (`transaction_id`, `user_id`, `order_id`, `station_id`, `order_no`, `currency`, `amount`, `payment_ref_id`, `payment_date`, `payment_status`, `status`, `payment_type`, `transaction_type`, `receipt_no`, `payment_info`, `is_invoice`, `invoice_detail`, `created_date`, `updated_date`) VALUES ('1064', '68', '962', '125', 'O00962', 'KES', '34620.00', '234419033EF7', '2023-02-01 11:25:02', 'Pending', 1, 'Purchase', 'Debit', '', NULL, 0, NULL, '2023-02-01 11:25:02', NULL);
INSERT INTO `transaction` (`transaction_id`, `user_id`, `order_id`, `station_id`, `order_no`, `currency`, `amount`, `payment_ref_id`, `payment_date`, `payment_status`, `status`, `payment_type`, `transaction_type`, `receipt_no`, `payment_info`, `is_invoice`, `invoice_detail`, `created_date`, `updated_date`) VALUES ('1065', '68', '963', '125', 'O00963', 'KES', '34620.00', '23270632zPZH', '2023-02-01 11:25:19', 'Pending', 1, 'Purchase', 'Debit', '', NULL, 0, NULL, '2023-02-01 11:25:19', NULL);
INSERT INTO `transaction` (`transaction_id`, `user_id`, `order_id`, `station_id`, `order_no`, `currency`, `amount`, `payment_ref_id`, `payment_date`, `payment_status`, `status`, `payment_type`, `transaction_type`, `receipt_no`, `payment_info`, `is_invoice`, `invoice_detail`, `created_date`, `updated_date`) VALUES ('1066', '68', '964', '125', 'O00964', 'KES', '34620.00', '23132163wRUS', '2023-02-01 11:26:05', 'Cancelled', 1, 'Purchase', 'Debit', '', '{\"TranID\":\"6b022589-dd8d-4981-90e0-78b9f6ab0095\",\"OrderId\":\"1066\",\"MerchantId\":null,\"Payee\":\"chaitanya.appdev@colourmoon.com\",\"Amount\":34620.0000,\"TranasctionFee\":0.0,\"ShippingCharge\":0.0000,\"Status\":\"Cancelled\",\"TranDate\":\"2023-02-01T08:56:27.563\",\"ClientIp\":\"202.53.69.164\",\"Currency\":\"KES\",\"SettlementStatus\":null,\"Description\":\"Purchase\",\"Rrn\":\"JPC-10007\",\"DateCompleted\":\"0001-01-01T00:00:00\",\"MerchantEmail\":\"eqwipetrol@jambopay.com\",\"CustomerEmail\":\"chaitanya.appdev@colourmoon.com\",\"CustomerPhone\":null,\"CallBackUrl\":\"https://colormoon.in/eqwi_petrol/payment/success\",\"CancelledUrl\":\"https://colormoon.in/eqwi_petrol/payment/cancel\",\"Channel\":null,\"LipaLink\":\"2549c374c26d4aa4a9b2faa6004a9d5f\",\"PaymentChannel\":null,\"TransactionType\":\"Credit\"}', 0, NULL, '2023-02-01 11:26:05', NULL);
INSERT INTO `transaction` (`transaction_id`, `user_id`, `order_id`, `station_id`, `order_no`, `currency`, `amount`, `payment_ref_id`, `payment_date`, `payment_status`, `status`, `payment_type`, `transaction_type`, `receipt_no`, `payment_info`, `is_invoice`, `invoice_detail`, `created_date`, `updated_date`) VALUES ('1067', '107', '965', '88', 'O00965', 'KES', '17466.00', '23314811MKFQ', '2023-02-01 11:36:15', 'Pending', 1, 'Purchase', 'Debit', '', NULL, 0, NULL, '2023-02-01 11:36:15', NULL);
INSERT INTO `transaction` (`transaction_id`, `user_id`, `order_id`, `station_id`, `order_no`, `currency`, `amount`, `payment_ref_id`, `payment_date`, `payment_status`, `status`, `payment_type`, `transaction_type`, `receipt_no`, `payment_info`, `is_invoice`, `invoice_detail`, `created_date`, `updated_date`) VALUES ('1068', '68', '966', '125', 'O00966', 'KES', '34620.00', '23393305CKe4', '2023-02-01 11:42:34', 'Pending', 1, 'Purchase', 'Debit', '', NULL, 0, NULL, '2023-02-01 11:42:34', NULL);
INSERT INTO `transaction` (`transaction_id`, `user_id`, `order_id`, `station_id`, `order_no`, `currency`, `amount`, `payment_ref_id`, `payment_date`, `payment_status`, `status`, `payment_type`, `transaction_type`, `receipt_no`, `payment_info`, `is_invoice`, `invoice_detail`, `created_date`, `updated_date`) VALUES ('1069', '107', '967', '88', 'O00967', 'KES', '17466.00', '23644764N6Rj', '2023-02-01 12:18:26', 'Pending', 1, 'Purchase', 'Debit', '', NULL, 0, NULL, '2023-02-01 12:18:26', NULL);
INSERT INTO `transaction` (`transaction_id`, `user_id`, `order_id`, `station_id`, `order_no`, `currency`, `amount`, `payment_ref_id`, `payment_date`, `payment_status`, `status`, `payment_type`, `transaction_type`, `receipt_no`, `payment_info`, `is_invoice`, `invoice_detail`, `created_date`, `updated_date`) VALUES ('1070', '107', '968', '88', 'O00968', 'KES', '17466.00', '23435616lLfW', '2023-02-01 12:18:54', 'Pending', 1, 'Purchase', 'Debit', '', NULL, 0, NULL, '2023-02-01 12:18:54', NULL);
INSERT INTO `transaction` (`transaction_id`, `user_id`, `order_id`, `station_id`, `order_no`, `currency`, `amount`, `payment_ref_id`, `payment_date`, `payment_status`, `status`, `payment_type`, `transaction_type`, `receipt_no`, `payment_info`, `is_invoice`, `invoice_detail`, `created_date`, `updated_date`) VALUES ('1071', '107', '969', '88', 'O00969', 'KES', '17466.00', '23911856rrt4', '2023-02-01 12:19:09', 'Pending', 1, 'Purchase', 'Debit', '', NULL, 0, NULL, '2023-02-01 12:19:09', NULL);
INSERT INTO `transaction` (`transaction_id`, `user_id`, `order_id`, `station_id`, `order_no`, `currency`, `amount`, `payment_ref_id`, `payment_date`, `payment_status`, `status`, `payment_type`, `transaction_type`, `receipt_no`, `payment_info`, `is_invoice`, `invoice_detail`, `created_date`, `updated_date`) VALUES ('1072', '107', '970', '88', 'O00970', 'KES', '17466.00', '23330899xd5r', '2023-02-01 12:19:42', 'Pending', 1, 'Purchase', 'Debit', '', NULL, 0, NULL, '2023-02-01 12:19:42', NULL);
INSERT INTO `transaction` (`transaction_id`, `user_id`, `order_id`, `station_id`, `order_no`, `currency`, `amount`, `payment_ref_id`, `payment_date`, `payment_status`, `status`, `payment_type`, `transaction_type`, `receipt_no`, `payment_info`, `is_invoice`, `invoice_detail`, `created_date`, `updated_date`) VALUES ('1073', '107', '971', '88', 'O00971', 'KES', '17466.00', '23317091QKU6', '2023-02-01 12:22:57', 'Pending', 1, 'Purchase', 'Debit', '', NULL, 0, NULL, '2023-02-01 12:22:57', NULL);
INSERT INTO `transaction` (`transaction_id`, `user_id`, `order_id`, `station_id`, `order_no`, `currency`, `amount`, `payment_ref_id`, `payment_date`, `payment_status`, `status`, `payment_type`, `transaction_type`, `receipt_no`, `payment_info`, `is_invoice`, `invoice_detail`, `created_date`, `updated_date`) VALUES ('1074', '107', '972', '88', 'O00972', 'KES', '17466.00', '23667881tDa9', '2023-02-01 12:35:09', 'Pending', 1, 'Purchase', 'Debit', '', NULL, 0, NULL, '2023-02-01 12:35:09', NULL);
INSERT INTO `transaction` (`transaction_id`, `user_id`, `order_id`, `station_id`, `order_no`, `currency`, `amount`, `payment_ref_id`, `payment_date`, `payment_status`, `status`, `payment_type`, `transaction_type`, `receipt_no`, `payment_info`, `is_invoice`, `invoice_detail`, `created_date`, `updated_date`) VALUES ('1075', '107', '973', '88', 'O00973', 'KES', '17466.00', '23276926Rkei', '2023-02-01 12:38:48', 'Pending', 1, 'Purchase', 'Debit', '', NULL, 0, NULL, '2023-02-01 12:38:48', NULL);
INSERT INTO `transaction` (`transaction_id`, `user_id`, `order_id`, `station_id`, `order_no`, `currency`, `amount`, `payment_ref_id`, `payment_date`, `payment_status`, `status`, `payment_type`, `transaction_type`, `receipt_no`, `payment_info`, `is_invoice`, `invoice_detail`, `created_date`, `updated_date`) VALUES ('1076', '68', '0', '0', 'W01076', 'KES', '120000.00', '23526751JT1q', '2023-02-01 15:15:56', 'Paid', 1, 'Wallet', 'Credit', '8de0691b-b676-4f8d-9497-45153d62e246', '{\"TranID\":\"8de0691b-b676-4f8d-9497-45153d62e246\",\"OrderId\":\"1076\",\"MerchantId\":null,\"Payee\":\"chaitanya.appdev@colourmoon.com\",\"Amount\":120000.0000,\"TranasctionFee\":9600.0000,\"ShippingCharge\":0.0000,\"Status\":\"Completed\",\"TranDate\":\"2023-02-01T12:46:25.317\",\"ClientIp\":\"223.185.87.201\",\"Currency\":\"KES\",\"SettlementStatus\":null,\"Description\":\"Purchase\",\"Rrn\":\"JPC-10001\",\"DateCompleted\":\"0001-01-01T00:00:00\",\"MerchantEmail\":\"eqwipetrol@jambopay.com\",\"CustomerEmail\":\"chaitanya.appdev@colourmoon.com\",\"CustomerPhone\":null,\"CallBackUrl\":\"https://colormoon.in/eqwi_petrol/payment/success\",\"CancelledUrl\":\"https://colormoon.in/eqwi_petrol/payment/cancel\",\"Channel\":\"MPESA\",\"LipaLink\":\"06ee210b04b24fedba0d6ad3009b73b1\",\"PaymentChannel\":\"MPESA\",\"TransactionType\":\"Credit\"}', 0, NULL, '2023-02-01 15:15:56', NULL);
INSERT INTO `transaction` (`transaction_id`, `user_id`, `order_id`, `station_id`, `order_no`, `currency`, `amount`, `payment_ref_id`, `payment_date`, `payment_status`, `status`, `payment_type`, `transaction_type`, `receipt_no`, `payment_info`, `is_invoice`, `invoice_detail`, `created_date`, `updated_date`) VALUES ('1077', '68', '0', '0', 'W01077', 'KES', '500000.00', '23787196GJHV', '2023-02-01 15:16:32', 'Pending', 1, 'Wallet', 'Credit', '', NULL, 0, NULL, '2023-02-01 15:16:32', NULL);
INSERT INTO `transaction` (`transaction_id`, `user_id`, `order_id`, `station_id`, `order_no`, `currency`, `amount`, `payment_ref_id`, `payment_date`, `payment_status`, `status`, `payment_type`, `transaction_type`, `receipt_no`, `payment_info`, `is_invoice`, `invoice_detail`, `created_date`, `updated_date`) VALUES ('1078', '68', '0', '0', 'W01078', 'KES', '20000.00', '23115234DbIP', '2023-02-01 15:17:03', 'Paid', 1, 'Wallet', 'Credit', '3c33c3c4-f269-4ca1-a974-f03c5febde01', '{\"TranID\":\"3c33c3c4-f269-4ca1-a974-f03c5febde01\",\"OrderId\":\"1078\",\"MerchantId\":null,\"Payee\":\"chaitanya.appdev@colourmoon.com\",\"Amount\":20000.0000,\"TranasctionFee\":1600.0000,\"ShippingCharge\":0.0000,\"Status\":\"Completed\",\"TranDate\":\"2023-02-01T12:47:26.123\",\"ClientIp\":\"223.185.87.201\",\"Currency\":\"KES\",\"SettlementStatus\":null,\"Description\":\"Purchase\",\"Rrn\":\"JPC-10002\",\"DateCompleted\":\"0001-01-01T00:00:00\",\"MerchantEmail\":\"eqwipetrol@jambopay.com\",\"CustomerEmail\":\"chaitanya.appdev@colourmoon.com\",\"CustomerPhone\":null,\"CallBackUrl\":\"https://colormoon.in/eqwi_petrol/payment/success\",\"CancelledUrl\":\"https://colormoon.in/eqwi_petrol/payment/cancel\",\"Channel\":\"MPESA\",\"LipaLink\":\"e6a322ddc6014795badaae5f52c2cedc\",\"PaymentChannel\":\"MPESA\",\"TransactionType\":\"Credit\"}', 0, NULL, '2023-02-01 15:17:03', NULL);
INSERT INTO `transaction` (`transaction_id`, `user_id`, `order_id`, `station_id`, `order_no`, `currency`, `amount`, `payment_ref_id`, `payment_date`, `payment_status`, `status`, `payment_type`, `transaction_type`, `receipt_no`, `payment_info`, `is_invoice`, `invoice_detail`, `created_date`, `updated_date`) VALUES ('1079', '68', '974', '125', 'O00974', 'KES', '34620.00', '23801496KcMR', '2023-02-01 15:18:23', 'Paid', 1, 'Purchase', 'Wallet', '', NULL, 0, NULL, '2023-02-01 15:18:23', NULL);
INSERT INTO `transaction` (`transaction_id`, `user_id`, `order_id`, `station_id`, `order_no`, `currency`, `amount`, `payment_ref_id`, `payment_date`, `payment_status`, `status`, `payment_type`, `transaction_type`, `receipt_no`, `payment_info`, `is_invoice`, `invoice_detail`, `created_date`, `updated_date`) VALUES ('1080', '68', '0', '0', 'W01080', 'KES', '200000.00', '23349655AaPY', '2023-02-01 15:23:10', 'Paid', 1, 'Wallet', 'Credit', 'c609de5d-7a8b-4b85-873b-5bc073434b42', '{\"TranID\":\"c609de5d-7a8b-4b85-873b-5bc073434b42\",\"OrderId\":\"1080\",\"MerchantId\":null,\"Payee\":\"chaitanya.appdev@colourmoon.com\",\"Amount\":200000.0000,\"TranasctionFee\":16000.0000,\"ShippingCharge\":0.0000,\"Status\":\"Completed\",\"TranDate\":\"2023-02-01T12:53:33.227\",\"ClientIp\":\"223.185.87.201\",\"Currency\":\"KES\",\"SettlementStatus\":null,\"Description\":\"Purchase\",\"Rrn\":\"JPC-10003\",\"DateCompleted\":\"0001-01-01T00:00:00\",\"MerchantEmail\":\"eqwipetrol@jambopay.com\",\"CustomerEmail\":\"chaitanya.appdev@colourmoon.com\",\"CustomerPhone\":null,\"CallBackUrl\":\"https://colormoon.in/eqwi_petrol/payment/success\",\"CancelledUrl\":\"https://colormoon.in/eqwi_petrol/payment/cancel\",\"Channel\":\"MPESA\",\"LipaLink\":\"8fcce05f692943188984d70d1ef35528\",\"PaymentChannel\":\"MPESA\",\"TransactionType\":\"Credit\"}', 0, NULL, '2023-02-01 15:23:10', NULL);
INSERT INTO `transaction` (`transaction_id`, `user_id`, `order_id`, `station_id`, `order_no`, `currency`, `amount`, `payment_ref_id`, `payment_date`, `payment_status`, `status`, `payment_type`, `transaction_type`, `receipt_no`, `payment_info`, `is_invoice`, `invoice_detail`, `created_date`, `updated_date`) VALUES ('1081', '107', '975', '88', 'O00975', 'KES', '17466.00', '23306389xJYH', '2023-02-01 15:38:28', 'Paid', 1, 'Purchase', 'Debit', 'e36322ea-0ea7-4a54-91e3-e3c05dbfc820', '{\"TranID\":\"e36322ea-0ea7-4a54-91e3-e3c05dbfc820\",\"OrderId\":\"1081\",\"MerchantId\":null,\"Payee\":\"swathi@gmail.com\",\"Amount\":17466.0000,\"TranasctionFee\":1397.2800,\"ShippingCharge\":0.0000,\"Status\":\"Completed\",\"TranDate\":\"2023-02-01T13:08:54.957\",\"ClientIp\":\"223.185.87.201\",\"Currency\":\"KES\",\"SettlementStatus\":null,\"Description\":\"Purchase\",\"Rrn\":\"JPC-10004\",\"DateCompleted\":\"0001-01-01T00:00:00\",\"MerchantEmail\":\"eqwipetrol@jambopay.com\",\"CustomerEmail\":\"swathi@gmail.com\",\"CustomerPhone\":null,\"CallBackUrl\":\"https://colormoon.in/eqwi_petrol/payment/success\",\"CancelledUrl\":\"https://colormoon.in/eqwi_petrol/payment/cancel\",\"Channel\":\"MPESA\",\"LipaLink\":\"5aab650621ba4842b138106eb62036cd\",\"PaymentChannel\":\"MPESA\",\"TransactionType\":\"Credit\"}', 0, NULL, '2023-02-01 15:38:28', NULL);
INSERT INTO `transaction` (`transaction_id`, `user_id`, `order_id`, `station_id`, `order_no`, `currency`, `amount`, `payment_ref_id`, `payment_date`, `payment_status`, `status`, `payment_type`, `transaction_type`, `receipt_no`, `payment_info`, `is_invoice`, `invoice_detail`, `created_date`, `updated_date`) VALUES ('1082', '107', '976', '88', 'O00976', 'KES', '18870.00', '23687594pWdc', '2023-02-01 15:39:56', 'Paid', 1, 'Purchase', 'Debit', '19d6ae53-96b9-4ff2-aac4-0a481d2cc922', '{\"TranID\":\"19d6ae53-96b9-4ff2-aac4-0a481d2cc922\",\"OrderId\":\"1082\",\"MerchantId\":null,\"Payee\":\"swathi@gmail.com\",\"Amount\":18870.0000,\"TranasctionFee\":1509.6000,\"ShippingCharge\":0.0000,\"Status\":\"Completed\",\"TranDate\":\"2023-02-01T13:10:18.087\",\"ClientIp\":\"223.185.87.201\",\"Currency\":\"KES\",\"SettlementStatus\":null,\"Description\":\"Purchase\",\"Rrn\":\"JPC-10005\",\"DateCompleted\":\"0001-01-01T00:00:00\",\"MerchantEmail\":\"eqwipetrol@jambopay.com\",\"CustomerEmail\":\"swathi@gmail.com\",\"CustomerPhone\":null,\"CallBackUrl\":\"https://colormoon.in/eqwi_petrol/payment/success\",\"CancelledUrl\":\"https://colormoon.in/eqwi_petrol/payment/cancel\",\"Channel\":\"MPESA\",\"LipaLink\":\"506ea1e2b44b4132b17170689821890e\",\"PaymentChannel\":\"MPESA\",\"TransactionType\":\"Credit\"}', 0, NULL, '2023-02-01 15:39:56', NULL);
INSERT INTO `transaction` (`transaction_id`, `user_id`, `order_id`, `station_id`, `order_no`, `currency`, `amount`, `payment_ref_id`, `payment_date`, `payment_status`, `status`, `payment_type`, `transaction_type`, `receipt_no`, `payment_info`, `is_invoice`, `invoice_detail`, `created_date`, `updated_date`) VALUES ('1083', '180', '977', '137', 'O00977', 'KES', '12120.00', '23977978plzM', '2023-02-01 17:07:54', 'Paid', 1, 'Purchase', 'Debit', 'aca6c741-ea48-4b60-b576-8428ed7d398d', '{\"TranID\":\"aca6c741-ea48-4b60-b576-8428ed7d398d\",\"OrderId\":\"1083\",\"MerchantId\":null,\"Payee\":\"swaraj@gmail.com\",\"Amount\":12120.0000,\"TranasctionFee\":969.6000,\"ShippingCharge\":0.0000,\"Status\":\"Completed\",\"TranDate\":\"2023-02-01T14:38:19.71\",\"ClientIp\":\"223.185.87.201\",\"Currency\":\"KES\",\"SettlementStatus\":null,\"Description\":\"Purchase\",\"Rrn\":\"JPC-10006\",\"DateCompleted\":\"0001-01-01T00:00:00\",\"MerchantEmail\":\"eqwipetrol@jambopay.com\",\"CustomerEmail\":\"swaraj@gmail.com\",\"CustomerPhone\":null,\"CallBackUrl\":\"https://colormoon.in/eqwi_petrol/payment/success\",\"CancelledUrl\":\"https://colormoon.in/eqwi_petrol/payment/cancel\",\"Channel\":\"MPESA\",\"LipaLink\":\"05a96a8de8604d57994117ef2ef9cebb\",\"PaymentChannel\":\"MPESA\",\"TransactionType\":\"Credit\"}', 0, NULL, '2023-02-01 17:07:54', NULL);
INSERT INTO `transaction` (`transaction_id`, `user_id`, `order_id`, `station_id`, `order_no`, `currency`, `amount`, `payment_ref_id`, `payment_date`, `payment_status`, `status`, `payment_type`, `transaction_type`, `receipt_no`, `payment_info`, `is_invoice`, `invoice_detail`, `created_date`, `updated_date`) VALUES ('1084', '180', '978', '137', 'O00978', 'KES', '800120.00', '23215879fAQF', '2023-02-01 17:10:07', 'Pending', 1, 'Purchase', 'Debit', '', NULL, 0, NULL, '2023-02-01 17:10:07', NULL);
INSERT INTO `transaction` (`transaction_id`, `user_id`, `order_id`, `station_id`, `order_no`, `currency`, `amount`, `payment_ref_id`, `payment_date`, `payment_status`, `status`, `payment_type`, `transaction_type`, `receipt_no`, `payment_info`, `is_invoice`, `invoice_detail`, `created_date`, `updated_date`) VALUES ('1085', '180', '979', '137', 'O00979', 'KES', '837500.00', '235985115zqc', '2023-02-01 17:26:43', 'Pending', 1, 'Purchase', 'Invoice', '', NULL, 1, '{\"InvoiceNumber\":\"235985115zqc\",\"MerchantCode\":\"121121\",\"BusinessName\":\"Eqwipetrol\",\"BillTitle\":\"Invoice\",\"Items\":[{\"ItemCode\":\"2\",\"ItemName\":\"Petrol\",\"Quantity\":10000.0,\"UnitPrice\":80.00},{\"ItemCode\":\"3\",\"ItemName\":\"Diesel\",\"Quantity\":250.0,\"UnitPrice\":150.00}],\"BillNumber\":\"JPB-638108602263931922\",\"Amount\":837500.00,\"CustomerInfo\":{\"Names\":\"swaraj\",\"Email\":\"swaraj@gmail.com\",\"PhoneNumber\":\"9822544455\"},\"Currency\":\"KES\",\"Paid\":false,\"PartialPayable\":false,\"RemainingBalance\":837500.00,\"DueDate\":null}', '2023-02-01 17:26:43', NULL);
INSERT INTO `transaction` (`transaction_id`, `user_id`, `order_id`, `station_id`, `order_no`, `currency`, `amount`, `payment_ref_id`, `payment_date`, `payment_status`, `status`, `payment_type`, `transaction_type`, `receipt_no`, `payment_info`, `is_invoice`, `invoice_detail`, `created_date`, `updated_date`) VALUES ('1086', '180', '980', '137', 'O00980', 'KES', '29030.00', '23234485tucX', '2023-02-01 17:27:11', 'Paid', 1, 'Purchase', 'Debit', '5cd9c832-d304-4479-99d4-1e9891125eb9', '{\"TranID\":\"5cd9c832-d304-4479-99d4-1e9891125eb9\",\"OrderId\":\"1086\",\"MerchantId\":null,\"Payee\":\"swaraj@gmail.com\",\"Amount\":29030.0000,\"TranasctionFee\":2322.4000,\"ShippingCharge\":0.0000,\"Status\":\"Completed\",\"TranDate\":\"2023-02-01T14:57:34.383\",\"ClientIp\":\"223.185.87.201\",\"Currency\":\"KES\",\"SettlementStatus\":null,\"Description\":\"Purchase\",\"Rrn\":\"JPC-10007\",\"DateCompleted\":\"0001-01-01T00:00:00\",\"MerchantEmail\":\"eqwipetrol@jambopay.com\",\"CustomerEmail\":\"swaraj@gmail.com\",\"CustomerPhone\":null,\"CallBackUrl\":\"https://colormoon.in/eqwi_petrol/payment/success\",\"CancelledUrl\":\"https://colormoon.in/eqwi_petrol/payment/cancel\",\"Channel\":\"MPESA\",\"LipaLink\":\"5a1c67f40bba4dd1a4bdc2ef24b884f8\",\"PaymentChannel\":\"MPESA\",\"TransactionType\":\"Credit\"}', 0, NULL, '2023-02-01 17:27:11', NULL);
INSERT INTO `transaction` (`transaction_id`, `user_id`, `order_id`, `station_id`, `order_no`, `currency`, `amount`, `payment_ref_id`, `payment_date`, `payment_status`, `status`, `payment_type`, `transaction_type`, `receipt_no`, `payment_info`, `is_invoice`, `invoice_detail`, `created_date`, `updated_date`) VALUES ('1087', '68', '981', '125', 'O00981', 'KES', '120480.00', '23400244r1mk', '2023-02-01 17:30:09', 'Paid', 1, 'Purchase', 'Invoice', '', NULL, 1, '{\"InvoiceNumber\":\"23400244r1mk\",\"MerchantCode\":\"121121\",\"BusinessName\":\"Eqwipetrol\",\"BillTitle\":\"Invoice\",\"Items\":[{\"ItemCode\":\"2\",\"ItemName\":\"Petrol\",\"Quantity\":1506.0,\"UnitPrice\":80.00}],\"BillNumber\":\"JPB-638108604316425944\",\"Amount\":120480.00,\"CustomerInfo\":{\"Names\":\"chaitu\",\"Email\":\"chaitanya.appdev@colourmoon.com\",\"PhoneNumber\":\"9966002347\"},\"Currency\":\"KES\",\"Paid\":false,\"PartialPayable\":false,\"RemainingBalance\":120480.00,\"DueDate\":null}', '2023-02-01 17:30:09', '2023-02-01 17:35:19');


#
# TABLE STRUCTURE FOR: transaction_detail
#

DROP TABLE IF EXISTS `transaction_detail`;

CREATE TABLE `transaction_detail` (
  `id` bigint(20) NOT NULL AUTO_INCREMENT,
  `transaction_id` bigint(20) NOT NULL,
  `transporter_id` bigint(20) NOT NULL,
  `category_id` int(11) NOT NULL,
  `name` varchar(100) COLLATE utf8mb4_unicode_ci NOT NULL,
  `type` varchar(100) COLLATE utf8mb4_unicode_ci NOT NULL,
  `image` varchar(100) COLLATE utf8mb4_unicode_ci NOT NULL,
  `measurement` varchar(100) COLLATE utf8mb4_unicode_ci NOT NULL,
  `qty` int(11) NOT NULL,
  `price` decimal(11,2) NOT NULL,
  `currency` varchar(20) COLLATE utf8mb4_unicode_ci NOT NULL,
  `total_price` decimal(11,2) NOT NULL,
  `status` tinyint(1) NOT NULL DEFAULT '1',
  `created_date` datetime NOT NULL,
  `updated_date` datetime DEFAULT NULL,
  PRIMARY KEY (`id`)
) ENGINE=InnoDB DEFAULT CHARSET=utf8mb4 COLLATE=utf8mb4_unicode_ci;

#
# TABLE STRUCTURE FOR: transporter_not_available
#

DROP TABLE IF EXISTS `transporter_not_available`;

CREATE TABLE `transporter_not_available` (
  `id` bigint(20) NOT NULL AUTO_INCREMENT,
  `user_id` bigint(20) NOT NULL,
  `set_date` date DEFAULT NULL,
  `status` tinyint(1) NOT NULL DEFAULT '1',
  `created_date` datetime NOT NULL,
  `updated_date` datetime DEFAULT NULL,
  PRIMARY KEY (`id`)
) ENGINE=InnoDB AUTO_INCREMENT=159 DEFAULT CHARSET=utf8mb4 COLLATE=utf8mb4_unicode_ci;

INSERT INTO `transporter_not_available` (`id`, `user_id`, `set_date`, `status`, `created_date`, `updated_date`) VALUES ('44', '19', '2023-01-19', 1, '2023-01-12 12:45:51', NULL);
INSERT INTO `transporter_not_available` (`id`, `user_id`, `set_date`, `status`, `created_date`, `updated_date`) VALUES ('53', '6', '2023-01-21', 1, '2023-01-12 16:13:35', NULL);
INSERT INTO `transporter_not_available` (`id`, `user_id`, `set_date`, `status`, `created_date`, `updated_date`) VALUES ('59', '19', '2023-01-15', 1, '2023-01-12 18:42:11', NULL);
INSERT INTO `transporter_not_available` (`id`, `user_id`, `set_date`, `status`, `created_date`, `updated_date`) VALUES ('62', '133', '2023-01-14', 1, '2023-01-13 13:03:17', NULL);
INSERT INTO `transporter_not_available` (`id`, `user_id`, `set_date`, `status`, `created_date`, `updated_date`) VALUES ('67', '85', '2023-01-21', 1, '2023-01-14 11:40:36', NULL);
INSERT INTO `transporter_not_available` (`id`, `user_id`, `set_date`, `status`, `created_date`, `updated_date`) VALUES ('69', '85', '2023-01-26', 1, '2023-01-14 11:46:23', NULL);
INSERT INTO `transporter_not_available` (`id`, `user_id`, `set_date`, `status`, `created_date`, `updated_date`) VALUES ('70', '84', '2023-01-27', 1, '2023-01-14 12:17:15', NULL);
INSERT INTO `transporter_not_available` (`id`, `user_id`, `set_date`, `status`, `created_date`, `updated_date`) VALUES ('71', '84', '2023-01-28', 1, '2023-01-14 12:17:15', NULL);
INSERT INTO `transporter_not_available` (`id`, `user_id`, `set_date`, `status`, `created_date`, `updated_date`) VALUES ('73', '133', '2023-01-18', 1, '2023-01-17 12:45:23', NULL);
INSERT INTO `transporter_not_available` (`id`, `user_id`, `set_date`, `status`, `created_date`, `updated_date`) VALUES ('99', '160', '2023-01-26', 1, '2023-01-20 11:57:24', NULL);
INSERT INTO `transporter_not_available` (`id`, `user_id`, `set_date`, `status`, `created_date`, `updated_date`) VALUES ('100', '160', '2023-01-27', 1, '2023-01-20 11:57:24', NULL);
INSERT INTO `transporter_not_available` (`id`, `user_id`, `set_date`, `status`, `created_date`, `updated_date`) VALUES ('133', '85', '2023-01-25', 1, '2023-01-25 15:16:02', NULL);
INSERT INTO `transporter_not_available` (`id`, `user_id`, `set_date`, `status`, `created_date`, `updated_date`) VALUES ('145', '6', '2023-01-28', 1, '2023-01-27 20:06:24', NULL);
INSERT INTO `transporter_not_available` (`id`, `user_id`, `set_date`, `status`, `created_date`, `updated_date`) VALUES ('146', '6', '2023-01-29', 1, '2023-01-27 20:06:40', NULL);
INSERT INTO `transporter_not_available` (`id`, `user_id`, `set_date`, `status`, `created_date`, `updated_date`) VALUES ('155', '19', '2023-02-09', 1, '2023-02-01 15:21:50', NULL);
INSERT INTO `transporter_not_available` (`id`, `user_id`, `set_date`, `status`, `created_date`, `updated_date`) VALUES ('156', '85', '2023-02-09', 1, '2023-02-01 18:26:12', NULL);
INSERT INTO `transporter_not_available` (`id`, `user_id`, `set_date`, `status`, `created_date`, `updated_date`) VALUES ('157', '85', '2023-02-10', 1, '2023-02-01 18:26:12', NULL);
INSERT INTO `transporter_not_available` (`id`, `user_id`, `set_date`, `status`, `created_date`, `updated_date`) VALUES ('158', '85', '2023-02-11', 1, '2023-02-01 18:26:12', NULL);


#
# TABLE STRUCTURE FOR: user
#

DROP TABLE IF EXISTS `user`;

CREATE TABLE `user` (
  `user_id` bigint(20) NOT NULL AUTO_INCREMENT,
  `owner_id` bigint(20) NOT NULL,
  `login_id` varchar(100) COLLATE utf8mb4_unicode_ci NOT NULL,
  `name` varchar(100) COLLATE utf8mb4_unicode_ci NOT NULL,
  `email` varchar(100) COLLATE utf8mb4_unicode_ci NOT NULL,
  `password` varchar(100) COLLATE utf8mb4_unicode_ci NOT NULL,
  `mobile` varchar(20) COLLATE utf8mb4_unicode_ci NOT NULL,
  `address` varchar(255) COLLATE utf8mb4_unicode_ci DEFAULT NULL,
  `otp_code` int(11) DEFAULT NULL,
  `mobile_verified` tinyint(1) NOT NULL DEFAULT '0',
  `station_id` int(11) NOT NULL,
  `user_type` enum('Owner','Manager','Attendant','Transporter') COLLATE utf8mb4_unicode_ci NOT NULL,
  `latitude` varchar(100) COLLATE utf8mb4_unicode_ci DEFAULT NULL,
  `longitude` varchar(100) COLLATE utf8mb4_unicode_ci DEFAULT NULL,
  `geo_fencing_address` text COLLATE utf8mb4_unicode_ci,
  `pincode` varchar(20) COLLATE utf8mb4_unicode_ci DEFAULT NULL,
  `status` tinyint(1) NOT NULL DEFAULT '1',
  `profile_pic` varchar(100) COLLATE utf8mb4_unicode_ci DEFAULT NULL,
  `user_token` varchar(100) COLLATE utf8mb4_unicode_ci DEFAULT NULL,
  `forgot_token` varchar(100) COLLATE utf8mb4_unicode_ci DEFAULT NULL,
  `device_id` varchar(255) COLLATE utf8mb4_unicode_ci DEFAULT NULL,
  `platform_type` varchar(50) COLLATE utf8mb4_unicode_ci DEFAULT NULL,
  `transporter_available` tinyint(1) DEFAULT NULL,
  `employment_type` varchar(50) COLLATE utf8mb4_unicode_ci DEFAULT NULL,
  `vehicle_id` int(11) NOT NULL,
  `payment_option` tinyint(1) NOT NULL DEFAULT '0',
  `currency` varchar(20) COLLATE utf8mb4_unicode_ci DEFAULT NULL,
  `wallet_balance` decimal(11,2) DEFAULT '0.00',
  `created_date` datetime NOT NULL,
  `updated_date` datetime DEFAULT NULL,
  PRIMARY KEY (`user_id`)
) ENGINE=InnoDB AUTO_INCREMENT=185 DEFAULT CHARSET=utf8mb4 COLLATE=utf8mb4_unicode_ci;

INSERT INTO `user` (`user_id`, `owner_id`, `login_id`, `name`, `email`, `password`, `mobile`, `address`, `otp_code`, `mobile_verified`, `station_id`, `user_type`, `latitude`, `longitude`, `geo_fencing_address`, `pincode`, `status`, `profile_pic`, `user_token`, `forgot_token`, `device_id`, `platform_type`, `transporter_available`, `employment_type`, `vehicle_id`, `payment_option`, `currency`, `wallet_balance`, `created_date`, `updated_date`) VALUES ('1', '3', 'dinesh12', 'dinesh', 'din@gmail.com', 'e10adc3949ba59abbe56e057f20f883e', '1234567111', 'dwarakanagar,visakhapatnam', 0, 1, 2, 'Manager', '17.876767', '72.6565765', NULL, NULL, 1, NULL, 'l5ZjxclibORdGDSdZokD', NULL, 'device1', 'android', NULL, NULL, 0, 0, 'KES', '0.00', '2022-10-19 13:31:22', '2022-11-10 15:44:13');
INSERT INTO `user` (`user_id`, `owner_id`, `login_id`, `name`, `email`, `password`, `mobile`, `address`, `otp_code`, `mobile_verified`, `station_id`, `user_type`, `latitude`, `longitude`, `geo_fencing_address`, `pincode`, `status`, `profile_pic`, `user_token`, `forgot_token`, `device_id`, `platform_type`, `transporter_available`, `employment_type`, `vehicle_id`, `payment_option`, `currency`, `wallet_balance`, `created_date`, `updated_date`) VALUES ('3', '0', 'dinesh1', 'Dinesh', 'dinesh1@test.com', 'e10adc3949ba59abbe56e057f20f883e', '1471471470', 'surat', 1234, 1, 0, 'Owner', '21.454852', '78.655655', NULL, NULL, 1, NULL, 'RZqu2ViKZ0g9TQ4IZ72P', 'nci1oHrXriwLCyeFH2gj', 'cRV5iCGoT0i9eh4gvrRBdK:APA91bHuGooseXr4wkhM0ihFmRBqLs0SHrUmEM4M830oF6K6ljnbFHsYibKwyGkU_fJsHzQvvZueYxRZsxXaU4etqyhhltU3UJhu3FwayZsKUFWdsyShMZEi0VmURZ9ossgxZqA3HMvH', 'android', NULL, NULL, 0, 1, 'KES', '2000.00', '2022-10-19 15:13:17', '2022-11-16 16:22:33');
INSERT INTO `user` (`user_id`, `owner_id`, `login_id`, `name`, `email`, `password`, `mobile`, `address`, `otp_code`, `mobile_verified`, `station_id`, `user_type`, `latitude`, `longitude`, `geo_fencing_address`, `pincode`, `status`, `profile_pic`, `user_token`, `forgot_token`, `device_id`, `platform_type`, `transporter_available`, `employment_type`, `vehicle_id`, `payment_option`, `currency`, `wallet_balance`, `created_date`, `updated_date`) VALUES ('4', '3', 'test12', 'test dinesh', 'test@test.com', 'e10adc3949ba59abbe56e057f20f883e', '1234567891', 'test address', NULL, 1, 2, 'Attendant', NULL, NULL, NULL, NULL, 1, NULL, NULL, NULL, NULL, NULL, NULL, NULL, 0, 0, 'KES', '0.00', '2022-10-20 13:11:04', '2022-11-02 15:03:51');
INSERT INTO `user` (`user_id`, `owner_id`, `login_id`, `name`, `email`, `password`, `mobile`, `address`, `otp_code`, `mobile_verified`, `station_id`, `user_type`, `latitude`, `longitude`, `geo_fencing_address`, `pincode`, `status`, `profile_pic`, `user_token`, `forgot_token`, `device_id`, `platform_type`, `transporter_available`, `employment_type`, `vehicle_id`, `payment_option`, `currency`, `wallet_balance`, `created_date`, `updated_date`) VALUES ('6', '0', 'transporter12', 'transporter test', 'dinesh@transporter.com', 'e10adc3949ba59abbe56e057f20f883e', '1234567890', 'Transporter address test', NULL, 1, 0, 'Transporter', '21.1293401', '73.0325951', NULL, NULL, 1, 'pic_4871667822923.jpg', '', NULL, '', 'android', 1, 'Own Employee', 1, 0, 'KES', '0.00', '2022-10-20 13:28:28', '2023-01-27 18:59:32');
INSERT INTO `user` (`user_id`, `owner_id`, `login_id`, `name`, `email`, `password`, `mobile`, `address`, `otp_code`, `mobile_verified`, `station_id`, `user_type`, `latitude`, `longitude`, `geo_fencing_address`, `pincode`, `status`, `profile_pic`, `user_token`, `forgot_token`, `device_id`, `platform_type`, `transporter_available`, `employment_type`, `vehicle_id`, `payment_option`, `currency`, `wallet_balance`, `created_date`, `updated_date`) VALUES ('10', '0', 'abcd11', 'Dinesh', 'dinesh11@test.com', 'e10adc3949ba59abbe56e057f20f883e', '1471471472', NULL, NULL, 1, 0, 'Owner', NULL, NULL, NULL, NULL, 1, NULL, NULL, NULL, NULL, NULL, NULL, NULL, 0, 1, 'KES', '0.00', '2022-10-26 10:27:53', NULL);
INSERT INTO `user` (`user_id`, `owner_id`, `login_id`, `name`, `email`, `password`, `mobile`, `address`, `otp_code`, `mobile_verified`, `station_id`, `user_type`, `latitude`, `longitude`, `geo_fencing_address`, `pincode`, `status`, `profile_pic`, `user_token`, `forgot_token`, `device_id`, `platform_type`, `transporter_available`, `employment_type`, `vehicle_id`, `payment_option`, `currency`, `wallet_balance`, `created_date`, `updated_date`) VALUES ('15', '0', 'raja1', 'raja', 'raj@gmail.com', 'e10adc3949ba59abbe56e057f20f883e', '9632580774', NULL, NULL, 1, 0, 'Owner', NULL, NULL, NULL, NULL, 1, NULL, NULL, NULL, NULL, NULL, NULL, NULL, 0, 1, 'KES', '0.00', '2022-10-28 10:17:20', NULL);
INSERT INTO `user` (`user_id`, `owner_id`, `login_id`, `name`, `email`, `password`, `mobile`, `address`, `otp_code`, `mobile_verified`, `station_id`, `user_type`, `latitude`, `longitude`, `geo_fencing_address`, `pincode`, `status`, `profile_pic`, `user_token`, `forgot_token`, `device_id`, `platform_type`, `transporter_available`, `employment_type`, `vehicle_id`, `payment_option`, `currency`, `wallet_balance`, `created_date`, `updated_date`) VALUES ('16', '0', 'fhhgv', 'rfff', 'sdd@gmail.com', 'e10adc3949ba59abbe56e057f20f883e', '9658444587', NULL, NULL, 1, 0, 'Owner', NULL, NULL, NULL, NULL, 1, NULL, NULL, NULL, NULL, NULL, NULL, NULL, 0, 1, 'KES', '0.00', '2022-10-28 10:30:22', NULL);
INSERT INTO `user` (`user_id`, `owner_id`, `login_id`, `name`, `email`, `password`, `mobile`, `address`, `otp_code`, `mobile_verified`, `station_id`, `user_type`, `latitude`, `longitude`, `geo_fencing_address`, `pincode`, `status`, `profile_pic`, `user_token`, `forgot_token`, `device_id`, `platform_type`, `transporter_available`, `employment_type`, `vehicle_id`, `payment_option`, `currency`, `wallet_balance`, `created_date`, `updated_date`) VALUES ('17', '0', 'abcd13', 'Dinesh', 'dinesh111@test.com', 'e10adc3949ba59abbe56e057f20f883e', '1471471473', NULL, NULL, 1, 0, 'Owner', NULL, NULL, NULL, NULL, 1, NULL, NULL, NULL, NULL, NULL, NULL, NULL, 0, 1, 'KES', '0.00', '2022-10-28 10:40:00', NULL);
INSERT INTO `user` (`user_id`, `owner_id`, `login_id`, `name`, `email`, `password`, `mobile`, `address`, `otp_code`, `mobile_verified`, `station_id`, `user_type`, `latitude`, `longitude`, `geo_fencing_address`, `pincode`, `status`, `profile_pic`, `user_token`, `forgot_token`, `device_id`, `platform_type`, `transporter_available`, `employment_type`, `vehicle_id`, `payment_option`, `currency`, `wallet_balance`, `created_date`, `updated_date`) VALUES ('19', '0', 'krishna', 'krishna', 'krishna@gmail.com', 'e10adc3949ba59abbe56e057f20f883e', '9090909090', 'seethampeta,visakapatnam', 4774, 1, 0, 'Transporter', '17.7284811', '83.3055421', NULL, NULL, 1, 'pic_2201671430562.jpg', 'P4LhJ1WVXFoJox07T6r4', NULL, 'db4pWgA5B0KLmX2MoD8ffY:APA91bGt1kl1rkckzbv08le-axNRyzAIvMAIJqpEZNKmncq1Ll1XBvxaHzpSiQ9wmCfHB-V787ZCLY70P8OqgBPHpAUBz9QNnjOtzkRtIf_U7KL0lZWVh6kIay56JUSU56PSNcvMzg6-', 'ios', 1, 'Freelancer', 5, 0, 'KES', '0.00', '2022-10-28 14:14:29', '2023-02-01 15:17:45');
INSERT INTO `user` (`user_id`, `owner_id`, `login_id`, `name`, `email`, `password`, `mobile`, `address`, `otp_code`, `mobile_verified`, `station_id`, `user_type`, `latitude`, `longitude`, `geo_fencing_address`, `pincode`, `status`, `profile_pic`, `user_token`, `forgot_token`, `device_id`, `platform_type`, `transporter_available`, `employment_type`, `vehicle_id`, `payment_option`, `currency`, `wallet_balance`, `created_date`, `updated_date`) VALUES ('20', '0', 'subbu', 'subbu', 'subbu@gmail.com', 'e10adc3949ba59abbe56e057f20f883e', '1231231231', NULL, NULL, 1, 0, 'Owner', NULL, NULL, NULL, NULL, 1, NULL, NULL, NULL, NULL, NULL, NULL, NULL, 0, 1, 'KES', '0.00', '2022-10-28 16:57:03', NULL);
INSERT INTO `user` (`user_id`, `owner_id`, `login_id`, `name`, `email`, `password`, `mobile`, `address`, `otp_code`, `mobile_verified`, `station_id`, `user_type`, `latitude`, `longitude`, `geo_fencing_address`, `pincode`, `status`, `profile_pic`, `user_token`, `forgot_token`, `device_id`, `platform_type`, `transporter_available`, `employment_type`, `vehicle_id`, `payment_option`, `currency`, `wallet_balance`, `created_date`, `updated_date`) VALUES ('21', '0', 'divya123', 'divya', 'divya@gmail.com', 'adf00707a1c0154a9ad8edb57c8646f4', '1231231232', NULL, NULL, 1, 0, 'Owner', NULL, NULL, NULL, NULL, 1, NULL, NULL, NULL, NULL, NULL, NULL, NULL, 0, 1, 'KES', '0.00', '2022-10-28 17:30:18', NULL);
INSERT INTO `user` (`user_id`, `owner_id`, `login_id`, `name`, `email`, `password`, `mobile`, `address`, `otp_code`, `mobile_verified`, `station_id`, `user_type`, `latitude`, `longitude`, `geo_fencing_address`, `pincode`, `status`, `profile_pic`, `user_token`, `forgot_token`, `device_id`, `platform_type`, `transporter_available`, `employment_type`, `vehicle_id`, `payment_option`, `currency`, `wallet_balance`, `created_date`, `updated_date`) VALUES ('29', '0', 'nagi', 'nagi', 'nagi@gmail.com', 'e10adc3949ba59abbe56e057f20f883e', '9676941819', 'surat', NULL, 1, 0, 'Owner', '21.454852', '78.655655', NULL, NULL, 1, NULL, '24ycdZIIcSo18zQLcCW4', NULL, NULL, NULL, NULL, NULL, 0, 1, 'KES', '0.00', '2022-11-01 10:46:08', NULL);
INSERT INTO `user` (`user_id`, `owner_id`, `login_id`, `name`, `email`, `password`, `mobile`, `address`, `otp_code`, `mobile_verified`, `station_id`, `user_type`, `latitude`, `longitude`, `geo_fencing_address`, `pincode`, `status`, `profile_pic`, `user_token`, `forgot_token`, `device_id`, `platform_type`, `transporter_available`, `employment_type`, `vehicle_id`, `payment_option`, `currency`, `wallet_balance`, `created_date`, `updated_date`) VALUES ('30', '0', 'dinesh1a', 'Dinesh', 'dinesh1a@test.com', 'e10adc3949ba59abbe56e057f20f883e', '2471471470', 'surat', NULL, 1, 0, 'Owner', '', '', NULL, NULL, 1, NULL, NULL, NULL, NULL, NULL, NULL, NULL, 0, 1, 'KES', '0.00', '2022-11-01 11:47:49', NULL);
INSERT INTO `user` (`user_id`, `owner_id`, `login_id`, `name`, `email`, `password`, `mobile`, `address`, `otp_code`, `mobile_verified`, `station_id`, `user_type`, `latitude`, `longitude`, `geo_fencing_address`, `pincode`, `status`, `profile_pic`, `user_token`, `forgot_token`, `device_id`, `platform_type`, `transporter_available`, `employment_type`, `vehicle_id`, `payment_option`, `currency`, `wallet_balance`, `created_date`, `updated_date`) VALUES ('40', '3', 'sefgggdfhh', 'sai', 'sai@gmail.con', 'd10906c3dac1172d4f60bd41f224ae75', '9588077444', 'ddghhvv', NULL, 1, 2, 'Manager', '', '', NULL, NULL, 1, NULL, NULL, NULL, NULL, NULL, NULL, NULL, 0, 0, 'KES', '0.00', '2022-11-03 16:25:22', '2022-11-10 16:17:31');
INSERT INTO `user` (`user_id`, `owner_id`, `login_id`, `name`, `email`, `password`, `mobile`, `address`, `otp_code`, `mobile_verified`, `station_id`, `user_type`, `latitude`, `longitude`, `geo_fencing_address`, `pincode`, `status`, `profile_pic`, `user_token`, `forgot_token`, `device_id`, `platform_type`, `transporter_available`, `employment_type`, `vehicle_id`, `payment_option`, `currency`, `wallet_balance`, `created_date`, `updated_date`) VALUES ('41', '0', 'eswar123', 'Eswar', 'eswar@colourmoon.com', '25d55ad283aa400af464c76d713c07ad', '9618599623', 'vizag', 0, 1, 0, 'Owner', '', '', NULL, NULL, 1, NULL, '29wt6TLqb5YEXLQ1c0hn', '', 'dYYwHcQLTde7XiNKLv9zZD:APA91bFUfOxCmp9kxxi1DniMbXB2hfLld4H4ZkxZLj9mYr1J901MxqYSgYeQseahCanQRBquxperXa-GJlN7c_JvE1KHpfa2qz_wWSGueYVDmUVGQqbmYdar3uXFbG8k3Chcjxm9WcAM', 'android', NULL, NULL, 0, 1, 'KES', '0.00', '2022-11-04 10:25:07', NULL);
INSERT INTO `user` (`user_id`, `owner_id`, `login_id`, `name`, `email`, `password`, `mobile`, `address`, `otp_code`, `mobile_verified`, `station_id`, `user_type`, `latitude`, `longitude`, `geo_fencing_address`, `pincode`, `status`, `profile_pic`, `user_token`, `forgot_token`, `device_id`, `platform_type`, `transporter_available`, `employment_type`, `vehicle_id`, `payment_option`, `currency`, `wallet_balance`, `created_date`, `updated_date`) VALUES ('42', '14', 'w245y', 'chaitu', 'team9@gmail.com', 'e10adc3949ba59abbe56e057f20f883e', '9635580877', 'fhhvvgg', NULL, 1, 52, 'Manager', '', '', NULL, NULL, 1, NULL, NULL, NULL, NULL, NULL, NULL, NULL, 0, 0, 'KES', '0.00', '2022-11-04 11:09:26', '2022-11-04 14:57:15');
INSERT INTO `user` (`user_id`, `owner_id`, `login_id`, `name`, `email`, `password`, `mobile`, `address`, `otp_code`, `mobile_verified`, `station_id`, `user_type`, `latitude`, `longitude`, `geo_fencing_address`, `pincode`, `status`, `profile_pic`, `user_token`, `forgot_token`, `device_id`, `platform_type`, `transporter_available`, `employment_type`, `vehicle_id`, `payment_option`, `currency`, `wallet_balance`, `created_date`, `updated_date`) VALUES ('44', '0', 'sai123', 'sai', 'sai@gmail.com', '4297f44b13955235245b2497399d7a93', '9632580077', 'dwarakanagar,surat', NULL, 1, 0, 'Owner', '', '', NULL, NULL, 1, NULL, NULL, NULL, NULL, NULL, NULL, NULL, 0, 1, 'KES', '0.00', '2022-11-04 11:26:41', NULL);
INSERT INTO `user` (`user_id`, `owner_id`, `login_id`, `name`, `email`, `password`, `mobile`, `address`, `otp_code`, `mobile_verified`, `station_id`, `user_type`, `latitude`, `longitude`, `geo_fencing_address`, `pincode`, `status`, `profile_pic`, `user_token`, `forgot_token`, `device_id`, `platform_type`, `transporter_available`, `employment_type`, `vehicle_id`, `payment_option`, `currency`, `wallet_balance`, `created_date`, `updated_date`) VALUES ('48', '0', 'tejus', 'teju', 'teju@gmail.com', 'e10adc3949ba59abbe56e057f20f883e', '9632580775', 'dwarakanagar', NULL, 1, 0, 'Owner', '', '', NULL, NULL, 1, NULL, 'nwnAvg33Pj9zrfhDzGMr', NULL, NULL, NULL, NULL, NULL, 0, 1, 'KES', '0.00', '2022-11-04 11:33:44', NULL);
INSERT INTO `user` (`user_id`, `owner_id`, `login_id`, `name`, `email`, `password`, `mobile`, `address`, `otp_code`, `mobile_verified`, `station_id`, `user_type`, `latitude`, `longitude`, `geo_fencing_address`, `pincode`, `status`, `profile_pic`, `user_token`, `forgot_token`, `device_id`, `platform_type`, `transporter_available`, `employment_type`, `vehicle_id`, `payment_option`, `currency`, `wallet_balance`, `created_date`, `updated_date`) VALUES ('50', '14', 'sfccc', 'chsfc', 'fgb@gmail.com', 'e10adc3949ba59abbe56e057f20f883e', '9325874144', 'dcvcx', NULL, 1, 52, 'Manager', '', '', NULL, NULL, 1, NULL, NULL, NULL, NULL, NULL, NULL, NULL, 0, 0, 'KES', '0.00', '2022-11-04 14:02:17', '2022-11-10 16:16:58');
INSERT INTO `user` (`user_id`, `owner_id`, `login_id`, `name`, `email`, `password`, `mobile`, `address`, `otp_code`, `mobile_verified`, `station_id`, `user_type`, `latitude`, `longitude`, `geo_fencing_address`, `pincode`, `status`, `profile_pic`, `user_token`, `forgot_token`, `device_id`, `platform_type`, `transporter_available`, `employment_type`, `vehicle_id`, `payment_option`, `currency`, `wallet_balance`, `created_date`, `updated_date`) VALUES ('53', '0', 'subbuvizag', 'Subbu', 'subbu@subbu.com', 'e10adc3949ba59abbe56e057f20f883e', '12345678901', 'tets tets', NULL, 1, 0, 'Owner', NULL, NULL, NULL, NULL, 1, NULL, NULL, NULL, NULL, NULL, NULL, NULL, 0, 1, 'KES', '0.00', '2022-11-04 16:39:33', NULL);
INSERT INTO `user` (`user_id`, `owner_id`, `login_id`, `name`, `email`, `password`, `mobile`, `address`, `otp_code`, `mobile_verified`, `station_id`, `user_type`, `latitude`, `longitude`, `geo_fencing_address`, `pincode`, `status`, `profile_pic`, `user_token`, `forgot_token`, `device_id`, `platform_type`, `transporter_available`, `employment_type`, `vehicle_id`, `payment_option`, `currency`, `wallet_balance`, `created_date`, `updated_date`) VALUES ('54', '53', 'manikanata', 'ManikantA', 'mani@mandk.com', '25f9e794323b453885f5181f1b624d0b', '9383828309792', 'kndkkwk', NULL, 1, 55, 'Manager', NULL, NULL, NULL, NULL, 1, NULL, NULL, NULL, NULL, NULL, NULL, NULL, 0, 0, 'KES', '0.00', '2022-11-04 16:42:05', NULL);
INSERT INTO `user` (`user_id`, `owner_id`, `login_id`, `name`, `email`, `password`, `mobile`, `address`, `otp_code`, `mobile_verified`, `station_id`, `user_type`, `latitude`, `longitude`, `geo_fencing_address`, `pincode`, `status`, `profile_pic`, `user_token`, `forgot_token`, `device_id`, `platform_type`, `transporter_available`, `employment_type`, `vehicle_id`, `payment_option`, `currency`, `wallet_balance`, `created_date`, `updated_date`) VALUES ('55', '53', 'vasujatteh', 'Attensder Vasu', 'vasu@jdjdj.com', '25a41cec631264f04815eda23dc6edd9', '9380820902171', 'kndksjkds', NULL, 1, 55, 'Attendant', NULL, NULL, NULL, NULL, 1, NULL, NULL, NULL, NULL, NULL, NULL, NULL, 0, 0, 'KES', '0.00', '2022-11-04 16:43:19', NULL);
INSERT INTO `user` (`user_id`, `owner_id`, `login_id`, `name`, `email`, `password`, `mobile`, `address`, `otp_code`, `mobile_verified`, `station_id`, `user_type`, `latitude`, `longitude`, `geo_fencing_address`, `pincode`, `status`, `profile_pic`, `user_token`, `forgot_token`, `device_id`, `platform_type`, `transporter_available`, `employment_type`, `vehicle_id`, `payment_option`, `currency`, `wallet_balance`, `created_date`, `updated_date`) VALUES ('57', '0', 'tejas', 'teja', 'teja@gmail.com', '19edacd33ab84209efc96eb76f578f38', '9876543210', 'seethampeta,vizag,530016', NULL, 1, 0, 'Owner', '', '', NULL, NULL, 1, NULL, 'Mdn4deTUNalsM6x0NwZL', NULL, NULL, NULL, NULL, NULL, 0, 1, 'KES', '0.00', '2022-11-09 13:48:46', NULL);
INSERT INTO `user` (`user_id`, `owner_id`, `login_id`, `name`, `email`, `password`, `mobile`, `address`, `otp_code`, `mobile_verified`, `station_id`, `user_type`, `latitude`, `longitude`, `geo_fencing_address`, `pincode`, `status`, `profile_pic`, `user_token`, `forgot_token`, `device_id`, `platform_type`, `transporter_available`, `employment_type`, `vehicle_id`, `payment_option`, `currency`, `wallet_balance`, `created_date`, `updated_date`) VALUES ('59', '0', 'rubis', 'rubi', 'rubis@gmail.com', 'e10adc3949ba59abbe56e057f20f883e', '9632580963', 'seetampeta,dwarakanagar,vizag', NULL, 1, 0, 'Owner', '', '', NULL, NULL, 1, NULL, 'V4GnenwHoGO2Tl54xkmm', NULL, NULL, NULL, NULL, NULL, 0, 1, 'KES', '0.00', '2022-11-14 12:19:41', NULL);
INSERT INTO `user` (`user_id`, `owner_id`, `login_id`, `name`, `email`, `password`, `mobile`, `address`, `otp_code`, `mobile_verified`, `station_id`, `user_type`, `latitude`, `longitude`, `geo_fencing_address`, `pincode`, `status`, `profile_pic`, `user_token`, `forgot_token`, `device_id`, `platform_type`, `transporter_available`, `employment_type`, `vehicle_id`, `payment_option`, `currency`, `wallet_balance`, `created_date`, `updated_date`) VALUES ('60', '14', 'rahul123', 'Rahul', 'rahu@gmail.com', 'e10adc3949ba59abbe56e057f20f883e', '9633696339', 'Madhurwada visakapatnam', NULL, 1, 63, 'Manager', '', '', NULL, NULL, 1, NULL, NULL, NULL, NULL, NULL, NULL, NULL, 0, 0, 'KES', '0.00', '2022-11-14 12:52:18', NULL);
INSERT INTO `user` (`user_id`, `owner_id`, `login_id`, `name`, `email`, `password`, `mobile`, `address`, `otp_code`, `mobile_verified`, `station_id`, `user_type`, `latitude`, `longitude`, `geo_fencing_address`, `pincode`, `status`, `profile_pic`, `user_token`, `forgot_token`, `device_id`, `platform_type`, `transporter_available`, `employment_type`, `vehicle_id`, `payment_option`, `currency`, `wallet_balance`, `created_date`, `updated_date`) VALUES ('61', '0', 'smunyaga', 'Samuel Munyaga', 'smunyaga@webtribe.co.ke', '70a85c48e7bb802aa58633d9eccfc022', '0724972416', 'kairo', NULL, 1, 0, 'Owner', '', '', NULL, NULL, 1, NULL, 'dqGitvZTmAwqaFFBHPv3', NULL, NULL, NULL, NULL, NULL, 0, 1, 'KES', '0.00', '2022-11-19 11:47:14', NULL);
INSERT INTO `user` (`user_id`, `owner_id`, `login_id`, `name`, `email`, `password`, `mobile`, `address`, `otp_code`, `mobile_verified`, `station_id`, `user_type`, `latitude`, `longitude`, `geo_fencing_address`, `pincode`, `status`, `profile_pic`, `user_token`, `forgot_token`, `device_id`, `platform_type`, `transporter_available`, `employment_type`, `vehicle_id`, `payment_option`, `currency`, `wallet_balance`, `created_date`, `updated_date`) VALUES ('62', '0', 'nahashon', 'nahashon', 'Njoroschon@gmail.com', '550efcb2ccfaf9903914c64ca5d082a0', '0722945687', '29202', 1234, 1, 0, 'Owner', '', '', NULL, NULL, 1, NULL, '7sJXJYbvnSbVSzzEG7QS', NULL, NULL, NULL, NULL, NULL, 0, 1, 'KES', '0.00', '2022-11-19 18:02:39', NULL);
INSERT INTO `user` (`user_id`, `owner_id`, `login_id`, `name`, `email`, `password`, `mobile`, `address`, `otp_code`, `mobile_verified`, `station_id`, `user_type`, `latitude`, `longitude`, `geo_fencing_address`, `pincode`, `status`, `profile_pic`, `user_token`, `forgot_token`, `device_id`, `platform_type`, `transporter_available`, `employment_type`, `vehicle_id`, `payment_option`, `currency`, `wallet_balance`, `created_date`, `updated_date`) VALUES ('63', '0', '28628774', 'Jennifer', 'jenniferkamura@gmail.com', 'be121740bf988b2225a313fa1f107ca1', '0719585416', '516', 0, 1, 0, 'Owner', '', '', NULL, NULL, 1, NULL, 'DtUB4vflnLAsKLamNehN', NULL, 'd77FO6gLRdOAGLaDKNbaXY:APA91bGoHLM5La-PzF5aRXm_IWddNMcmtJlQNl5JIXclsMwOBl26s4RaogqHf54CNJU9TYwrnCUvI9dzVSctiSBM-vBUO1dYGghFUlU5t4tjay4Mb-_DSiLgkAGp0cV5OXBxz-A_067S', 'android', NULL, NULL, 0, 1, 'KES', '0.00', '2022-11-19 22:46:35', NULL);
INSERT INTO `user` (`user_id`, `owner_id`, `login_id`, `name`, `email`, `password`, `mobile`, `address`, `otp_code`, `mobile_verified`, `station_id`, `user_type`, `latitude`, `longitude`, `geo_fencing_address`, `pincode`, `status`, `profile_pic`, `user_token`, `forgot_token`, `device_id`, `platform_type`, `transporter_available`, `employment_type`, `vehicle_id`, `payment_option`, `currency`, `wallet_balance`, `created_date`, `updated_date`) VALUES ('64', '0', 'raja123', 'raja', 'raja@gmail.com', 'e10adc3949ba59abbe56e057f20f883e', '9633699633', 'dwarakanagar, visakapatnam', 1234, 1, 0, 'Owner', '', '', NULL, NULL, 1, NULL, 'amMfn1kMSGKK2HdeSu1w', NULL, NULL, NULL, NULL, NULL, 0, 1, 'KES', '0.00', '2022-11-21 12:32:55', NULL);
INSERT INTO `user` (`user_id`, `owner_id`, `login_id`, `name`, `email`, `password`, `mobile`, `address`, `otp_code`, `mobile_verified`, `station_id`, `user_type`, `latitude`, `longitude`, `geo_fencing_address`, `pincode`, `status`, `profile_pic`, `user_token`, `forgot_token`, `device_id`, `platform_type`, `transporter_available`, `employment_type`, `vehicle_id`, `payment_option`, `currency`, `wallet_balance`, `created_date`, `updated_date`) VALUES ('68', '0', 'chaitu', 'chaitu', 'chaitanya.appdev@colourmoon.com', '63c4fd91cf4121bc58456784e41de4d1', '9966002347', 'R8G3+MJQ Kambalakonda Wildlife Sanctuary,,Visakhapatnam,India,531173', 0, 1, 0, 'Owner', '17.783674725839816', '83.29848702996969', NULL, NULL, 1, 'pic_5981671597949.jpg', 'VDb9DT0u8n7bLR8NVoIj', '', 'fT4CXHK0S_aTVAjK9PsMZA:APA91bEQhG0fANDcMFUIh55Ws3l6U9u06FJ7eHlCk24pQmYWpD9XffJsVTQkTAugQxILHrcWLONkd4LKwntS2h36cJdyiJpbnansPSpL3hG_RCpbbqrCTYgX9HhiaGB8X9NDytS_tXUT', 'android', NULL, NULL, 0, 1, 'KES', '305380.00', '2022-11-21 14:11:08', '2023-01-30 12:53:48');
INSERT INTO `user` (`user_id`, `owner_id`, `login_id`, `name`, `email`, `password`, `mobile`, `address`, `otp_code`, `mobile_verified`, `station_id`, `user_type`, `latitude`, `longitude`, `geo_fencing_address`, `pincode`, `status`, `profile_pic`, `user_token`, `forgot_token`, `device_id`, `platform_type`, `transporter_available`, `employment_type`, `vehicle_id`, `payment_option`, `currency`, `wallet_balance`, `created_date`, `updated_date`) VALUES ('69', '0', 'rJugf', 'rajug', 'rajug@gmail.com', 'e10adc3949ba59abbe56e057f20f883e', '9988775588', 'cvjbdddf', 0, 1, 0, 'Owner', '', '', NULL, NULL, 1, NULL, 'cIVJtSupjR90rDepKvtv', NULL, 'device_id111', '', NULL, NULL, 0, 1, 'KES', '0.00', '2022-11-21 14:12:33', NULL);
INSERT INTO `user` (`user_id`, `owner_id`, `login_id`, `name`, `email`, `password`, `mobile`, `address`, `otp_code`, `mobile_verified`, `station_id`, `user_type`, `latitude`, `longitude`, `geo_fencing_address`, `pincode`, `status`, `profile_pic`, `user_token`, `forgot_token`, `device_id`, `platform_type`, `transporter_available`, `employment_type`, `vehicle_id`, `payment_option`, `currency`, `wallet_balance`, `created_date`, `updated_date`) VALUES ('70', '0', 'Felix', 'Felix Njinu Anne', 'njinufelix@gmail.com', '81dc9bdb52d04dc20036dbd8313ed055', '0724347822', '411', 0, 1, 0, 'Owner', '', '', NULL, NULL, 1, NULL, '', '', '', 'android', NULL, NULL, 0, 1, 'KES', '0.00', '2022-11-23 12:32:04', NULL);
INSERT INTO `user` (`user_id`, `owner_id`, `login_id`, `name`, `email`, `password`, `mobile`, `address`, `otp_code`, `mobile_verified`, `station_id`, `user_type`, `latitude`, `longitude`, `geo_fencing_address`, `pincode`, `status`, `profile_pic`, `user_token`, `forgot_token`, `device_id`, `platform_type`, `transporter_available`, `employment_type`, `vehicle_id`, `payment_option`, `currency`, `wallet_balance`, `created_date`, `updated_date`) VALUES ('71', '0', 'JohnMwangi', 'John Mwangi', 'johnikmwash@gmail.com', '63d44753ddccd2c4a20ae077e7a91d5f', '0720295888', '324', 8661, 1, 0, 'Owner', '', '', NULL, NULL, 1, NULL, 'uaciNwdCKyKNljzS33Iq', 'xYxLxkrZOkm9Dfb6OBIO', NULL, NULL, NULL, NULL, 0, 1, 'KES', '0.00', '2022-11-23 13:42:48', NULL);
INSERT INTO `user` (`user_id`, `owner_id`, `login_id`, `name`, `email`, `password`, `mobile`, `address`, `otp_code`, `mobile_verified`, `station_id`, `user_type`, `latitude`, `longitude`, `geo_fencing_address`, `pincode`, `status`, `profile_pic`, `user_token`, `forgot_token`, `device_id`, `platform_type`, `transporter_available`, `employment_type`, `vehicle_id`, `payment_option`, `currency`, `wallet_balance`, `created_date`, `updated_date`) VALUES ('72', '0', 'Becky', 'Becky', 'joymbugua065@gmail.com', 'f69962c34a5abebdea6fe4cddae03451', '0720736387', '123', 0, 1, 0, 'Owner', '', '', NULL, NULL, 1, NULL, '', NULL, '', 'android', NULL, NULL, 0, 1, 'KES', '0.00', '2022-11-23 13:43:09', '2022-11-23 16:31:38');
INSERT INTO `user` (`user_id`, `owner_id`, `login_id`, `name`, `email`, `password`, `mobile`, `address`, `otp_code`, `mobile_verified`, `station_id`, `user_type`, `latitude`, `longitude`, `geo_fencing_address`, `pincode`, `status`, `profile_pic`, `user_token`, `forgot_token`, `device_id`, `platform_type`, `transporter_available`, `employment_type`, `vehicle_id`, `payment_option`, `currency`, `wallet_balance`, `created_date`, `updated_date`) VALUES ('73', '70', 'Felix Njinu', 'Felix Njinu', 'njinufelix@gmail.com', '0c0f5f8018d383063c043eebfe98ce4e', '0724347822', '1838-0200 NAIROBI', NULL, 1, 70, 'Manager', NULL, NULL, NULL, NULL, 1, NULL, NULL, NULL, NULL, NULL, NULL, NULL, 0, 0, 'KES', '0.00', '2022-11-23 16:52:35', NULL);
INSERT INTO `user` (`user_id`, `owner_id`, `login_id`, `name`, `email`, `password`, `mobile`, `address`, `otp_code`, `mobile_verified`, `station_id`, `user_type`, `latitude`, `longitude`, `geo_fencing_address`, `pincode`, `status`, `profile_pic`, `user_token`, `forgot_token`, `device_id`, `platform_type`, `transporter_available`, `employment_type`, `vehicle_id`, `payment_option`, `currency`, `wallet_balance`, `created_date`, `updated_date`) VALUES ('74', '70', 'Anne', 'Anne', 'anne@gmail.com', '2ec5ada52c3a38ed0febfc910d7c6b11', '0724347822', '1838-0200 NAIROBI', NULL, 1, 70, 'Attendant', NULL, NULL, NULL, NULL, 1, NULL, NULL, NULL, NULL, NULL, NULL, NULL, 0, 0, 'KES', '0.00', '2022-11-23 16:54:08', '2022-11-23 16:56:17');
INSERT INTO `user` (`user_id`, `owner_id`, `login_id`, `name`, `email`, `password`, `mobile`, `address`, `otp_code`, `mobile_verified`, `station_id`, `user_type`, `latitude`, `longitude`, `geo_fencing_address`, `pincode`, `status`, `profile_pic`, `user_token`, `forgot_token`, `device_id`, `platform_type`, `transporter_available`, `employment_type`, `vehicle_id`, `payment_option`, `currency`, `wallet_balance`, `created_date`, `updated_date`) VALUES ('75', '0', 'JP Transporters', 'JP Transporters', 'jp@gmail.com', 'e10adc3949ba59abbe56e057f20f883e', '0711223456', 'JP HOUSE', NULL, 1, 0, 'Transporter', NULL, NULL, NULL, NULL, 1, NULL, NULL, NULL, NULL, NULL, NULL, 'Own Employee', 0, 0, 'KES', '0.00', '2022-11-23 17:02:33', '2023-01-27 18:52:03');
INSERT INTO `user` (`user_id`, `owner_id`, `login_id`, `name`, `email`, `password`, `mobile`, `address`, `otp_code`, `mobile_verified`, `station_id`, `user_type`, `latitude`, `longitude`, `geo_fencing_address`, `pincode`, `status`, `profile_pic`, `user_token`, `forgot_token`, `device_id`, `platform_type`, `transporter_available`, `employment_type`, `vehicle_id`, `payment_option`, `currency`, `wallet_balance`, `created_date`, `updated_date`) VALUES ('76', '68', '123456', 'ravi statiob', 'ravi@gmail.com', 'e10adc3949ba59abbe56e057f20f883e', '9632580958', 'dwarakanagar visakapatnam', 0, 1, 71, 'Manager', '', '', NULL, NULL, 1, NULL, '', NULL, '', 'android', NULL, NULL, 0, 0, 'KES', '0.00', '2022-11-25 18:01:53', '2023-01-19 18:29:59');
INSERT INTO `user` (`user_id`, `owner_id`, `login_id`, `name`, `email`, `password`, `mobile`, `address`, `otp_code`, `mobile_verified`, `station_id`, `user_type`, `latitude`, `longitude`, `geo_fencing_address`, `pincode`, `status`, `profile_pic`, `user_token`, `forgot_token`, `device_id`, `platform_type`, `transporter_available`, `employment_type`, `vehicle_id`, `payment_option`, `currency`, `wallet_balance`, `created_date`, `updated_date`) VALUES ('78', '0', 'mintu', 'mintu', 'mintu.subbu@gmail.com', 'e10adc3949ba59abbe56e057f20f883e', '1231231239', 'testing location', 0, 1, 0, 'Owner', '', '', NULL, NULL, 1, NULL, '530cdKtLvmFkakuoWeW5', NULL, 'cW7bJ0qfTHyUawVdkc73XE:APA91bHsJU_JVR78R3uDgPZbAhCX0YdgHdk-tMtGIZ2MVxKQmtf-6mOBTv8VU_iqK8CgJisIBAfZyRD2yVeUoclj3Yf9VQ20BjNHQq5h6DerQ0_YArodCE8PYRfv5X1d6nmLP3ZjotOE', 'android', NULL, NULL, 0, 1, 'KES', '0.00', '2022-11-28 15:39:06', '2022-11-28 16:44:41');
INSERT INTO `user` (`user_id`, `owner_id`, `login_id`, `name`, `email`, `password`, `mobile`, `address`, `otp_code`, `mobile_verified`, `station_id`, `user_type`, `latitude`, `longitude`, `geo_fencing_address`, `pincode`, `status`, `profile_pic`, `user_token`, `forgot_token`, `device_id`, `platform_type`, `transporter_available`, `employment_type`, `vehicle_id`, `payment_option`, `currency`, `wallet_balance`, `created_date`, `updated_date`) VALUES ('79', '0', 'kishan', 'kishan', 'kishan@gmail.com', 'e10adc3949ba59abbe56e057f20f883e', '7894561470', 'surat address', NULL, 1, 0, 'Transporter', '17.728609', '83.305107', NULL, NULL, 1, NULL, '530cdKtLvmFkakuoWeAB', NULL, '', 'android', 1, 'Own Employee', 0, 0, 'KES', '0.00', '2022-11-28 16:01:20', '2023-01-27 18:51:54');
INSERT INTO `user` (`user_id`, `owner_id`, `login_id`, `name`, `email`, `password`, `mobile`, `address`, `otp_code`, `mobile_verified`, `station_id`, `user_type`, `latitude`, `longitude`, `geo_fencing_address`, `pincode`, `status`, `profile_pic`, `user_token`, `forgot_token`, `device_id`, `platform_type`, `transporter_available`, `employment_type`, `vehicle_id`, `payment_option`, `currency`, `wallet_balance`, `created_date`, `updated_date`) VALUES ('81', '0', 'sandya', 'sandhya', 'sandya@gmail.com', 'e10adc3949ba59abbe56e057f20f883e', '9633699639', '57-8-27A/B,Kancharapalem,Visakhapatnam,India,530008', 0, 1, 0, 'Owner', '17.733915353548944', '83.27246256172657', NULL, NULL, 1, 'pic_6391670232050.jpg', '', NULL, '', 'android', NULL, NULL, 0, 1, 'KES', '-5800.00', '2022-11-28 17:31:38', '2022-12-05 14:50:52');
INSERT INTO `user` (`user_id`, `owner_id`, `login_id`, `name`, `email`, `password`, `mobile`, `address`, `otp_code`, `mobile_verified`, `station_id`, `user_type`, `latitude`, `longitude`, `geo_fencing_address`, `pincode`, `status`, `profile_pic`, `user_token`, `forgot_token`, `device_id`, `platform_type`, `transporter_available`, `employment_type`, `vehicle_id`, `payment_option`, `currency`, `wallet_balance`, `created_date`, `updated_date`) VALUES ('82', '81', 'chaitum', 'chaitu', 'chaitum@gmail.com', 'e10adc3949ba59abbe56e057f20f883e', '9632589638', 'thatichetlapalem visakapatnam', 0, 1, 85, 'Manager', '', '', NULL, NULL, 1, NULL, '', NULL, '', 'android', NULL, NULL, 0, 0, 'KES', '0.00', '2022-11-28 17:36:13', '2022-12-02 18:59:19');
INSERT INTO `user` (`user_id`, `owner_id`, `login_id`, `name`, `email`, `password`, `mobile`, `address`, `otp_code`, `mobile_verified`, `station_id`, `user_type`, `latitude`, `longitude`, `geo_fencing_address`, `pincode`, `status`, `profile_pic`, `user_token`, `forgot_token`, `device_id`, `platform_type`, `transporter_available`, `employment_type`, `vehicle_id`, `payment_option`, `currency`, `wallet_balance`, `created_date`, `updated_date`) VALUES ('83', '0', 'saleem', 'saleem', 'saleem@gmail.com', 'e10adc3949ba59abbe56e057f20f883e', '9966002580', 'seethampeta', 0, 1, 0, 'Owner', '', '', NULL, NULL, 1, NULL, 'urdpk3ptihZoWstFM9Tl', NULL, 'ctQWHQUHSRSSQ6CC5E3rgX:APA91bFxEn7tCLIqbFOb3qFi5yp63EHbg08nRNWbGTVB_fN0zCgvb6OEETqNOFxhk8aCo3wiHBNM4eDTwFQtAcrcnYh1uAFwamGz7wHksRsfVjABwNvsXVMySUSQfeHPhyAeMOLtoR5y', 'android', NULL, NULL, 0, 1, 'KES', '0.00', '2022-11-29 10:48:01', NULL);
INSERT INTO `user` (`user_id`, `owner_id`, `login_id`, `name`, `email`, `password`, `mobile`, `address`, `otp_code`, `mobile_verified`, `station_id`, `user_type`, `latitude`, `longitude`, `geo_fencing_address`, `pincode`, `status`, `profile_pic`, `user_token`, `forgot_token`, `device_id`, `platform_type`, `transporter_available`, `employment_type`, `vehicle_id`, `payment_option`, `currency`, `wallet_balance`, `created_date`, `updated_date`) VALUES ('85', '0', 'manoj', 'manoj', 'manoj@gmail.com', 'e10adc3949ba59abbe56e057f20f883e', '1234567899', 'akkayapalem, visakapatnam', NULL, 1, 0, 'Transporter', '17.7284844', '83.305553', NULL, NULL, 1, 'pic_5431674121839.jpg', 'J7mopw9Od8IICjDkKeLi', NULL, 'dXHp77yASwqQ4nYin6y91e:APA91bHFhmyfaoCsvkaWFvac2qg2a0Wbn-mx7U_r9XA0SKAAZjjvQYnNNAnu3zsQTIGDVtDrR3KnpFhHfIwFGsxH4yrcaC3qLJDn5O2Onu86Mdv9SgUnaH36lFrTop4M4rt61JV1Ss6V', 'android', 1, 'Own Employee', 7, 0, 'KES', '0.00', '2022-11-30 12:11:56', '2023-02-01 17:44:09');
INSERT INTO `user` (`user_id`, `owner_id`, `login_id`, `name`, `email`, `password`, `mobile`, `address`, `otp_code`, `mobile_verified`, `station_id`, `user_type`, `latitude`, `longitude`, `geo_fencing_address`, `pincode`, `status`, `profile_pic`, `user_token`, `forgot_token`, `device_id`, `platform_type`, `transporter_available`, `employment_type`, `vehicle_id`, `payment_option`, `currency`, `wallet_balance`, `created_date`, `updated_date`) VALUES ('87', '0', 'mounika', 'mounika', 'mounika@gmail.com', 'e10adc3949ba59abbe56e057f20f883e', '9696969696', 'mvp colony, visakapatnam,530045', 0, 1, 0, 'Owner', '', '', NULL, NULL, 1, NULL, '', NULL, '', 'android', NULL, NULL, 0, 1, 'KES', '0.00', '2022-12-01 14:27:04', NULL);
INSERT INTO `user` (`user_id`, `owner_id`, `login_id`, `name`, `email`, `password`, `mobile`, `address`, `otp_code`, `mobile_verified`, `station_id`, `user_type`, `latitude`, `longitude`, `geo_fencing_address`, `pincode`, `status`, `profile_pic`, `user_token`, `forgot_token`, `device_id`, `platform_type`, `transporter_available`, `employment_type`, `vehicle_id`, `payment_option`, `currency`, `wallet_balance`, `created_date`, `updated_date`) VALUES ('88', '0', 'qwertf', 'sdff', 'ssd@gmail.com', 'e10adc3949ba59abbe56e057f20f883e', '9662555554', 'sadfg chhvcf', 0, 1, 0, 'Owner', '', '', NULL, NULL, 1, NULL, 'aaaa', NULL, '', 'android', NULL, NULL, 0, 1, 'KES', '0.00', '2022-12-01 15:23:18', NULL);
INSERT INTO `user` (`user_id`, `owner_id`, `login_id`, `name`, `email`, `password`, `mobile`, `address`, `otp_code`, `mobile_verified`, `station_id`, `user_type`, `latitude`, `longitude`, `geo_fencing_address`, `pincode`, `status`, `profile_pic`, `user_token`, `forgot_token`, `device_id`, `platform_type`, `transporter_available`, `employment_type`, `vehicle_id`, `payment_option`, `currency`, `wallet_balance`, `created_date`, `updated_date`) VALUES ('89', '0', 'Reg@123', 'register', 'reg@gmail.com', 'e10adc3949ba59abbe56e057f20f883e', '9633693699', 'satyam junction, visakaaptnam,539923', 0, 1, 0, 'Owner', '', '', NULL, NULL, 1, NULL, '', 'zjPco3pXZqayarg67kpZ', 'e8_TC4BBSGyr8RPEG29sbm:APA91bGxtys_TvLEezdCWpKkoZzKaNy29nO4oqEXvDejA1dg5noUAceze7hfivnQQOxAYTQ_XXUQgdcVlrzvQdEaOq4vGUbqtyaeocHLS6p5djrCF5toOw0KvcMqzw3s6aFDRQMKuGX9', 'android', NULL, NULL, 0, 1, 'KES', '0.00', '2022-12-02 10:57:00', NULL);
INSERT INTO `user` (`user_id`, `owner_id`, `login_id`, `name`, `email`, `password`, `mobile`, `address`, `otp_code`, `mobile_verified`, `station_id`, `user_type`, `latitude`, `longitude`, `geo_fencing_address`, `pincode`, `status`, `profile_pic`, `user_token`, `forgot_token`, `device_id`, `platform_type`, `transporter_available`, `employment_type`, `vehicle_id`, `payment_option`, `currency`, `wallet_balance`, `created_date`, `updated_date`) VALUES ('90', '0', 'dcbvf', 'fgfddd', 'ssddf@gmail.com', 'e10adc3949ba59abbe56e057f20f883e', '1472580369', 'ethfd dffd', 0, 1, 0, 'Owner', '', '', NULL, NULL, 1, NULL, '', NULL, '', 'android', NULL, NULL, 0, 1, 'KES', '0.00', '2022-12-02 11:55:29', NULL);
INSERT INTO `user` (`user_id`, `owner_id`, `login_id`, `name`, `email`, `password`, `mobile`, `address`, `otp_code`, `mobile_verified`, `station_id`, `user_type`, `latitude`, `longitude`, `geo_fencing_address`, `pincode`, `status`, `profile_pic`, `user_token`, `forgot_token`, `device_id`, `platform_type`, `transporter_available`, `employment_type`, `vehicle_id`, `payment_option`, `currency`, `wallet_balance`, `created_date`, `updated_date`) VALUES ('91', '0', 'sdcxzss', 'sai', 'sai33@gmail.com', 'e10adc3949ba59abbe56e057f20f883e', '9696369969', 'sfgcxx', 0, 1, 0, 'Owner', '', '', NULL, NULL, 1, 'pic_8211669964463.jpg', '', '', '', 'android', NULL, NULL, 0, 1, 'KES', '0.00', '2022-12-02 12:20:42', '2022-12-02 12:31:03');
INSERT INTO `user` (`user_id`, `owner_id`, `login_id`, `name`, `email`, `password`, `mobile`, `address`, `otp_code`, `mobile_verified`, `station_id`, `user_type`, `latitude`, `longitude`, `geo_fencing_address`, `pincode`, `status`, `profile_pic`, `user_token`, `forgot_token`, `device_id`, `platform_type`, `transporter_available`, `employment_type`, `vehicle_id`, `payment_option`, `currency`, `wallet_balance`, `created_date`, `updated_date`) VALUES ('92', '0', 'qwertg', 'dfhh', 'vini@gmaik.com', '4297f44b13955235245b2497399d7a93', '9636963696', 'fccxd fhhfd', 0, 1, 0, 'Owner', '', '', NULL, NULL, 1, NULL, '', NULL, '', 'android', NULL, NULL, 0, 1, 'KES', '0.00', '2022-12-02 13:02:17', NULL);
INSERT INTO `user` (`user_id`, `owner_id`, `login_id`, `name`, `email`, `password`, `mobile`, `address`, `otp_code`, `mobile_verified`, `station_id`, `user_type`, `latitude`, `longitude`, `geo_fencing_address`, `pincode`, `status`, `profile_pic`, `user_token`, `forgot_token`, `device_id`, `platform_type`, `transporter_available`, `employment_type`, `vehicle_id`, `payment_option`, `currency`, `wallet_balance`, `created_date`, `updated_date`) VALUES ('107', '0', 'swathi', 'swathi', 'swathi@gmail.com', 'e10adc3949ba59abbe56e057f20f883e', '9632580147', 'vip road,ramatakies visakapatnam', 0, 1, 0, 'Owner', '', '', NULL, NULL, 1, 'pic_4451670230221.jpg', 'Wf0Nb2WyWUGD1SkqTCPo', NULL, 'cgMEqVfmMEJ5uPFd2S6epj:APA91bHtz7UD7T5q7j970e_hNMi8VL2o3ZQta67pqy0x_rcn-E1VkZFsQeKn55XgLRArN5Ul-Kqcze8vb4WhFGl6xF9PQl7qilQ50nfoK7mFvLIYCd_fB_dRDJ_swMAsZ0RGUbRIV4wD', 'ios', NULL, NULL, 0, 1, 'KES', '0.00', '2022-12-05 14:18:12', '2022-12-05 14:20:21');
INSERT INTO `user` (`user_id`, `owner_id`, `login_id`, `name`, `email`, `password`, `mobile`, `address`, `otp_code`, `mobile_verified`, `station_id`, `user_type`, `latitude`, `longitude`, `geo_fencing_address`, `pincode`, `status`, `profile_pic`, `user_token`, `forgot_token`, `device_id`, `platform_type`, `transporter_available`, `employment_type`, `vehicle_id`, `payment_option`, `currency`, `wallet_balance`, `created_date`, `updated_date`) VALUES ('108', '107', 'gandhar', 'gangadhar', 'gangadhar@gmail.com', 'e10adc3949ba59abbe56e057f20f883e', '9332584487', 'madhurswada, visakapatnam', NULL, 1, 88, 'Manager', '', '', NULL, NULL, 1, NULL, NULL, NULL, NULL, NULL, NULL, NULL, 0, 0, 'KES', '0.00', '2022-12-05 14:19:53', NULL);
INSERT INTO `user` (`user_id`, `owner_id`, `login_id`, `name`, `email`, `password`, `mobile`, `address`, `otp_code`, `mobile_verified`, `station_id`, `user_type`, `latitude`, `longitude`, `geo_fencing_address`, `pincode`, `status`, `profile_pic`, `user_token`, `forgot_token`, `device_id`, `platform_type`, `transporter_available`, `employment_type`, `vehicle_id`, `payment_option`, `currency`, `wallet_balance`, `created_date`, `updated_date`) VALUES ('109', '0', 'Kiran', 'kiran', 'kiran@gmail.com', 'e10adc3949ba59abbe56e057f20f883e', '9698745889', 'seethampeta colourmoon', 0, 1, 0, 'Owner', '', '', NULL, NULL, 1, 'pic_6481670482876.jpg', 'yXXZkbdiXgJMto6hMDcn', NULL, 'dhKMqXwuSZCv_9IvFw5d2x:APA91bHU4jLhPRpHjRYqg-wXBRxPd36ye_6NrgVJl-DRESgMfHW6vFpyvTjSq2ug626Msgr9L1L6c2udAaBPmLF3xbLiNdwHuLqXS7wkFEKl4E6wWw3fW0Ns6Nfdm5RXnROEtYDbY0Do', 'android', NULL, NULL, 0, 1, 'KES', '0.00', '2022-12-05 17:35:14', '2022-12-08 12:31:16');
INSERT INTO `user` (`user_id`, `owner_id`, `login_id`, `name`, `email`, `password`, `mobile`, `address`, `otp_code`, `mobile_verified`, `station_id`, `user_type`, `latitude`, `longitude`, `geo_fencing_address`, `pincode`, `status`, `profile_pic`, `user_token`, `forgot_token`, `device_id`, `platform_type`, `transporter_available`, `employment_type`, `vehicle_id`, `payment_option`, `currency`, `wallet_balance`, `created_date`, `updated_date`) VALUES ('110', '109', 'sallem', 'saleem', 'saleemf@gmail.com', 'e10adc3949ba59abbe56e057f20f883e', '9632563259', 'dwarakanagar', 0, 1, 89, 'Manager', '', '', NULL, NULL, 1, NULL, '', NULL, '', 'android', NULL, NULL, 0, 0, 'KES', '0.00', '2022-12-06 10:26:35', NULL);
INSERT INTO `user` (`user_id`, `owner_id`, `login_id`, `name`, `email`, `password`, `mobile`, `address`, `otp_code`, `mobile_verified`, `station_id`, `user_type`, `latitude`, `longitude`, `geo_fencing_address`, `pincode`, `status`, `profile_pic`, `user_token`, `forgot_token`, `device_id`, `platform_type`, `transporter_available`, `employment_type`, `vehicle_id`, `payment_option`, `currency`, `wallet_balance`, `created_date`, `updated_date`) VALUES ('111', '0', 'abcde', 'abc', 'abc@gmail.com', 'e10adc3949ba59abbe56e057f20f883e', '1471472580', 'surat', 0, 1, 0, 'Owner', '', '', NULL, NULL, 1, NULL, 'H7juFsdHbJcRRDwx0e29', NULL, 'f-fg9S8FSpOD6rNh673b-g:APA91bHlcsjvd6PSwo72y-B6XUIeo-9IXVZyFBN_ZSCBWvP1IN4YHfOIaoOEqyh9qmP9YrpuepY2_LP9mrKAq4RQgksSeteMQ5kw2P3yo7e4ACDbeDFRYrnoB0CSPaLsCtuln7uyunjH', 'android', NULL, NULL, 0, 1, 'KES', '1000.00', '2022-12-08 09:52:25', NULL);
INSERT INTO `user` (`user_id`, `owner_id`, `login_id`, `name`, `email`, `password`, `mobile`, `address`, `otp_code`, `mobile_verified`, `station_id`, `user_type`, `latitude`, `longitude`, `geo_fencing_address`, `pincode`, `status`, `profile_pic`, `user_token`, `forgot_token`, `device_id`, `platform_type`, `transporter_available`, `employment_type`, `vehicle_id`, `payment_option`, `currency`, `wallet_balance`, `created_date`, `updated_date`) VALUES ('113', '3', '12333sdd', 'divya', 'divyfa@gmail.com', 'e10adc3949ba59abbe56e057f20f883e', '9876544343', 'surat', NULL, 1, 2, 'Attendant', '21.454852', '78.655655', NULL, NULL, 1, NULL, NULL, NULL, NULL, NULL, NULL, NULL, 0, 0, 'KES', '0.00', '2022-12-08 14:59:19', NULL);
INSERT INTO `user` (`user_id`, `owner_id`, `login_id`, `name`, `email`, `password`, `mobile`, `address`, `otp_code`, `mobile_verified`, `station_id`, `user_type`, `latitude`, `longitude`, `geo_fencing_address`, `pincode`, `status`, `profile_pic`, `user_token`, `forgot_token`, `device_id`, `platform_type`, `transporter_available`, `employment_type`, `vehicle_id`, `payment_option`, `currency`, `wallet_balance`, `created_date`, `updated_date`) VALUES ('116', '109', 'sowji', 'sowjanya', 'sowji@gmail.com', 'e10adc3949ba59abbe56e057f20f883e', '9658099580', 'dwarakanagar', NULL, 1, 89, 'Attendant', '', '', NULL, NULL, 1, NULL, NULL, NULL, NULL, NULL, NULL, NULL, 0, 0, 'KES', '0.00', '2022-12-08 18:45:57', NULL);
INSERT INTO `user` (`user_id`, `owner_id`, `login_id`, `name`, `email`, `password`, `mobile`, `address`, `otp_code`, `mobile_verified`, `station_id`, `user_type`, `latitude`, `longitude`, `geo_fencing_address`, `pincode`, `status`, `profile_pic`, `user_token`, `forgot_token`, `device_id`, `platform_type`, `transporter_available`, `employment_type`, `vehicle_id`, `payment_option`, `currency`, `wallet_balance`, `created_date`, `updated_date`) VALUES ('117', '68', 'hari123', 'hari', 'hari@gmail.com', 'e10adc3949ba59abbe56e057f20f883e', '9696369636', 'simhachalam, visakapatnam', 0, 1, 71, 'Attendant', '', '', NULL, NULL, 1, NULL, '', NULL, '', 'android', NULL, NULL, 0, 0, 'KES', '0.00', '2022-12-13 15:09:50', NULL);
INSERT INTO `user` (`user_id`, `owner_id`, `login_id`, `name`, `email`, `password`, `mobile`, `address`, `otp_code`, `mobile_verified`, `station_id`, `user_type`, `latitude`, `longitude`, `geo_fencing_address`, `pincode`, `status`, `profile_pic`, `user_token`, `forgot_token`, `device_id`, `platform_type`, `transporter_available`, `employment_type`, `vehicle_id`, `payment_option`, `currency`, `wallet_balance`, `created_date`, `updated_date`) VALUES ('118', '0', 'satyakiran', 'satyakiran', 'satyakiran@gmail.com', 'e10adc3949ba59abbe56e057f20f883e', '9696959595', 'santhinagar, visakapatnam,530014', 0, 1, 0, 'Owner', '', '', NULL, NULL, 1, NULL, '', NULL, '', 'android', NULL, NULL, 0, 1, 'KES', '-2220.00', '2023-01-03 14:07:16', NULL);
INSERT INTO `user` (`user_id`, `owner_id`, `login_id`, `name`, `email`, `password`, `mobile`, `address`, `otp_code`, `mobile_verified`, `station_id`, `user_type`, `latitude`, `longitude`, `geo_fencing_address`, `pincode`, `status`, `profile_pic`, `user_token`, `forgot_token`, `device_id`, `platform_type`, `transporter_available`, `employment_type`, `vehicle_id`, `payment_option`, `currency`, `wallet_balance`, `created_date`, `updated_date`) VALUES ('119', '118', 'santosh', 'santosh', 'santosh@gmail.com', 'e10adc3949ba59abbe56e057f20f883e', '9632155877', 'P78C+5QG,HPCL Steel Plant,Visakhapatnam,India,530014', 0, 1, 93, 'Manager', '17.714187415116704', '83.27330980449915', NULL, NULL, 1, 'pic_4341672738809.jpg', '', NULL, '', 'android', NULL, NULL, 0, 0, 'KES', '0.00', '2023-01-03 14:11:04', '2023-01-03 15:10:20');
INSERT INTO `user` (`user_id`, `owner_id`, `login_id`, `name`, `email`, `password`, `mobile`, `address`, `otp_code`, `mobile_verified`, `station_id`, `user_type`, `latitude`, `longitude`, `geo_fencing_address`, `pincode`, `status`, `profile_pic`, `user_token`, `forgot_token`, `device_id`, `platform_type`, `transporter_available`, `employment_type`, `vehicle_id`, `payment_option`, `currency`, `wallet_balance`, `created_date`, `updated_date`) VALUES ('120', '118', 'chandu', 'chandu', 'chandhu@gmail.com', 'e10adc3949ba59abbe56e057f20f883e', '9547896554', 'visakapatnam', 0, 1, 94, 'Attendant', '', '', NULL, NULL, 1, NULL, 'Zy5mDeViqOuhLu507own', NULL, 'd80tmudnRjOfbUHnhAeNAd:APA91bHR5yP5E6MGel5DSi_VIc42c0erWgc0JOMacM87vHbW8UbdELlXGZ90vgnR87UuKxnGzLHRuUGl9QZI91qMX4mGQKXkXil8XkY3QRewTNBpZZLWWsnEo7lLoig4tv41mCGGHOJd', 'android', NULL, NULL, 0, 0, 'KES', '0.00', '2023-01-03 15:00:51', NULL);
INSERT INTO `user` (`user_id`, `owner_id`, `login_id`, `name`, `email`, `password`, `mobile`, `address`, `otp_code`, `mobile_verified`, `station_id`, `user_type`, `latitude`, `longitude`, `geo_fencing_address`, `pincode`, `status`, `profile_pic`, `user_token`, `forgot_token`, `device_id`, `platform_type`, `transporter_available`, `employment_type`, `vehicle_id`, `payment_option`, `currency`, `wallet_balance`, `created_date`, `updated_date`) VALUES ('122', '68', 'sallemq', 'sallem', 'sallem@gmail.com', 'e10adc3949ba59abbe56e057f20f883e', '9654788077', 'visakapatnam', 2719, 1, 125, 'Manager', '', '', NULL, NULL, 1, NULL, '', NULL, '', 'android', NULL, NULL, 0, 0, 'KES', '0.00', '2023-01-04 16:46:44', '2023-01-28 13:50:52');
INSERT INTO `user` (`user_id`, `owner_id`, `login_id`, `name`, `email`, `password`, `mobile`, `address`, `otp_code`, `mobile_verified`, `station_id`, `user_type`, `latitude`, `longitude`, `geo_fencing_address`, `pincode`, `status`, `profile_pic`, `user_token`, `forgot_token`, `device_id`, `platform_type`, `transporter_available`, `employment_type`, `vehicle_id`, `payment_option`, `currency`, `wallet_balance`, `created_date`, `updated_date`) VALUES ('125', '0', '12r3456', 'sai', 'sraik@gmail.com', 'e10adc3949ba59abbe56e057f20f883e', '9632580852', 'dwarakanagar', 6251, 1, 0, 'Owner', '', '', NULL, NULL, 1, NULL, 'jnzjcXIHAy2sJZbzc6Bf', NULL, NULL, NULL, NULL, NULL, 0, 1, 'KES', '0.00', '2023-01-04 18:10:31', NULL);
INSERT INTO `user` (`user_id`, `owner_id`, `login_id`, `name`, `email`, `password`, `mobile`, `address`, `otp_code`, `mobile_verified`, `station_id`, `user_type`, `latitude`, `longitude`, `geo_fencing_address`, `pincode`, `status`, `profile_pic`, `user_token`, `forgot_token`, `device_id`, `platform_type`, `transporter_available`, `employment_type`, `vehicle_id`, `payment_option`, `currency`, `wallet_balance`, `created_date`, `updated_date`) VALUES ('126', '0', 'nag123', 'nagendhra', 'nag@gmail.com', 'e10adc3949ba59abbe56e057f20f883e', '9696369635', 'dwarakanagar, visakhapatnam', 0, 1, 0, 'Owner', '', '', NULL, NULL, 1, NULL, '', NULL, '', 'android', NULL, NULL, 0, 2, 'KES', '2673.00', '2023-01-04 18:13:32', '2023-01-04 18:18:37');
INSERT INTO `user` (`user_id`, `owner_id`, `login_id`, `name`, `email`, `password`, `mobile`, `address`, `otp_code`, `mobile_verified`, `station_id`, `user_type`, `latitude`, `longitude`, `geo_fencing_address`, `pincode`, `status`, `profile_pic`, `user_token`, `forgot_token`, `device_id`, `platform_type`, `transporter_available`, `employment_type`, `vehicle_id`, `payment_option`, `currency`, `wallet_balance`, `created_date`, `updated_date`) VALUES ('127', '126', '123567', 'hari', 'harig@gmail.com', 'e10adc3949ba59abbe56e057f20f883e', '9587428874', 'siripuran, vizag', 0, 1, 98, 'Manager', '', '', NULL, NULL, 1, NULL, '', NULL, '', 'android', NULL, NULL, 0, 0, 'KES', '0.00', '2023-01-04 18:35:17', NULL);
INSERT INTO `user` (`user_id`, `owner_id`, `login_id`, `name`, `email`, `password`, `mobile`, `address`, `otp_code`, `mobile_verified`, `station_id`, `user_type`, `latitude`, `longitude`, `geo_fencing_address`, `pincode`, `status`, `profile_pic`, `user_token`, `forgot_token`, `device_id`, `platform_type`, `transporter_available`, `employment_type`, `vehicle_id`, `payment_option`, `currency`, `wallet_balance`, `created_date`, `updated_date`) VALUES ('131', '0', 'praveen208', 'praveen', 'praveen208@gmail.com', 'e10adc3949ba59abbe56e057f20f883e', '9705009108', 'dwaraka nagar visakhapatnam dwaraka nagar visakhapatnam dwaraka nagar visakhapatnam', 0, 1, 0, 'Owner', '', '', NULL, NULL, 1, NULL, '', NULL, '', 'android', NULL, NULL, 0, 1, 'KES', '0.00', '2023-01-05 15:09:19', NULL);
INSERT INTO `user` (`user_id`, `owner_id`, `login_id`, `name`, `email`, `password`, `mobile`, `address`, `otp_code`, `mobile_verified`, `station_id`, `user_type`, `latitude`, `longitude`, `geo_fencing_address`, `pincode`, `status`, `profile_pic`, `user_token`, `forgot_token`, `device_id`, `platform_type`, `transporter_available`, `employment_type`, `vehicle_id`, `payment_option`, `currency`, `wallet_balance`, `created_date`, `updated_date`) VALUES ('133', '0', '81436019999', 'venkatesh hema venka', 'hemavenkatesh@gmail.com', 'e10adc3949ba59abbe56e057f20f883e', '8143601999', 'dwaraka nagar   visakhapatnam', NULL, 1, 0, 'Transporter', '17.7285014', '83.3055482', NULL, NULL, 1, 'pic_8721673951987.jpg', 'U83AS24gowcVyr9HiF9W', NULL, 'dxVa1P98SgCfT1JYII9Egv:APA91bGSHagq6zbcAKsGmsPLnCRwuB_8RlrRUTA9D0kqaE1vp6UwdnMw23KtKC40BxlVojbQsVDhwRUV2Vu0EymQqjziOu6tTGRDkdUWizl6vSQq9gz9Pr2EpA2OBgJsK7iSyOlv1H-C', 'android', 1, 'Freelancer', 13, 0, 'KES', '0.00', '2023-01-05 15:47:24', '2023-01-30 11:22:28');
INSERT INTO `user` (`user_id`, `owner_id`, `login_id`, `name`, `email`, `password`, `mobile`, `address`, `otp_code`, `mobile_verified`, `station_id`, `user_type`, `latitude`, `longitude`, `geo_fencing_address`, `pincode`, `status`, `profile_pic`, `user_token`, `forgot_token`, `device_id`, `platform_type`, `transporter_available`, `employment_type`, `vehicle_id`, `payment_option`, `currency`, `wallet_balance`, `created_date`, `updated_date`) VALUES ('137', '63', 'Jenshell', 'Jennifer', 'jen@gmail.com', '529b1fd83e9b9d478b471004f175a973', '0734567456', '411-01030,GATUNDU,HSE10,CLEEVELAND APARTMENT,CLAYWORKS GITHURAI 45', NULL, 1, 107, 'Attendant', NULL, NULL, NULL, NULL, 1, NULL, NULL, NULL, NULL, NULL, NULL, NULL, 0, 0, 'KES', '0.00', '2023-01-06 20:20:47', NULL);
INSERT INTO `user` (`user_id`, `owner_id`, `login_id`, `name`, `email`, `password`, `mobile`, `address`, `otp_code`, `mobile_verified`, `station_id`, `user_type`, `latitude`, `longitude`, `geo_fencing_address`, `pincode`, `status`, `profile_pic`, `user_token`, `forgot_token`, `device_id`, `platform_type`, `transporter_available`, `employment_type`, `vehicle_id`, `payment_option`, `currency`, `wallet_balance`, `created_date`, `updated_date`) VALUES ('138', '63', 'okothshell', 'Tom', 'tomokoth@gmail.com', '529b1fd83e9b9d478b471004f175a973', '0723586985', 'hgfserttyh', NULL, 1, 107, 'Attendant', '', '', NULL, NULL, 1, NULL, NULL, NULL, NULL, NULL, NULL, NULL, 0, 0, 'KES', '0.00', '2023-01-06 20:24:46', NULL);
INSERT INTO `user` (`user_id`, `owner_id`, `login_id`, `name`, `email`, `password`, `mobile`, `address`, `otp_code`, `mobile_verified`, `station_id`, `user_type`, `latitude`, `longitude`, `geo_fencing_address`, `pincode`, `status`, `profile_pic`, `user_token`, `forgot_token`, `device_id`, `platform_type`, `transporter_available`, `employment_type`, `vehicle_id`, `payment_option`, `currency`, `wallet_balance`, `created_date`, `updated_date`) VALUES ('139', '63', 'petershell', 'peter', 'peterttt@gmail.com', '529b1fd83e9b9d478b471004f175a973', '0720736387', 'hgdaafgkkl', 0, 1, 107, 'Manager', '', '', NULL, NULL, 1, NULL, '', NULL, '', 'android', NULL, NULL, 0, 0, 'KES', '0.00', '2023-01-06 20:28:31', '2023-01-06 20:30:39');
INSERT INTO `user` (`user_id`, `owner_id`, `login_id`, `name`, `email`, `password`, `mobile`, `address`, `otp_code`, `mobile_verified`, `station_id`, `user_type`, `latitude`, `longitude`, `geo_fencing_address`, `pincode`, `status`, `profile_pic`, `user_token`, `forgot_token`, `device_id`, `platform_type`, `transporter_available`, `employment_type`, `vehicle_id`, `payment_option`, `currency`, `wallet_balance`, `created_date`, `updated_date`) VALUES ('146', '121', '1236373', 'sreetham', 'sreetham@gmail.com', '25d55ad283aa400af464c76d713c07ad', '8143601224', 'dwaraka says I am', 0, 1, 102, 'Attendant', '', '', NULL, NULL, 1, NULL, '', NULL, '', 'android', NULL, NULL, 0, 0, 'KES', '0.00', '2023-01-08 19:24:38', NULL);
INSERT INTO `user` (`user_id`, `owner_id`, `login_id`, `name`, `email`, `password`, `mobile`, `address`, `otp_code`, `mobile_verified`, `station_id`, `user_type`, `latitude`, `longitude`, `geo_fencing_address`, `pincode`, `status`, `profile_pic`, `user_token`, `forgot_token`, `device_id`, `platform_type`, `transporter_available`, `employment_type`, `vehicle_id`, `payment_option`, `currency`, `wallet_balance`, `created_date`, `updated_date`) VALUES ('147', '121', '6363738383', 'bijay', 'bijay@gmail.com', 'e10adc3949ba59abbe56e057f20f883e', '8143601982', 'dwaraka nagar visakhapatnam dwaraka', 0, 1, 117, 'Manager', '', '', NULL, NULL, 1, NULL, '', NULL, '', 'android', NULL, NULL, 0, 0, 'KES', '0.00', '2023-01-08 20:03:17', NULL);
INSERT INTO `user` (`user_id`, `owner_id`, `login_id`, `name`, `email`, `password`, `mobile`, `address`, `otp_code`, `mobile_verified`, `station_id`, `user_type`, `latitude`, `longitude`, `geo_fencing_address`, `pincode`, `status`, `profile_pic`, `user_token`, `forgot_token`, `device_id`, `platform_type`, `transporter_available`, `employment_type`, `vehicle_id`, `payment_option`, `currency`, `wallet_balance`, `created_date`, `updated_date`) VALUES ('150', '148', '208208', 'nagendra', 'nagendra@gmail.com', 'e10adc3949ba59abbe56e057f20f883e', '8143601989', 'dwaraka nagar coloney 5 th line visakhapatnam', 4004, 1, 118, 'Attendant', NULL, NULL, NULL, NULL, 1, NULL, '', '26gDDQ1Z8Qri8VWUWu70', '', 'android', NULL, NULL, 0, 0, 'KES', '0.00', '2023-01-09 15:13:28', '2023-01-09 15:40:18');
INSERT INTO `user` (`user_id`, `owner_id`, `login_id`, `name`, `email`, `password`, `mobile`, `address`, `otp_code`, `mobile_verified`, `station_id`, `user_type`, `latitude`, `longitude`, `geo_fencing_address`, `pincode`, `status`, `profile_pic`, `user_token`, `forgot_token`, `device_id`, `platform_type`, `transporter_available`, `employment_type`, `vehicle_id`, `payment_option`, `currency`, `wallet_balance`, `created_date`, `updated_date`) VALUES ('151', '149', '8143601', 'nagendra', 'hemavenkatesh208@gmail.com', '77fab95de2c362ba0ad0b1b27a9f058a', '8143601989', 'dwaraka nagar', NULL, 1, 121, 'Manager', NULL, NULL, NULL, NULL, 1, NULL, '', NULL, '', 'android', NULL, NULL, 0, 0, 'KES', '0.00', '2023-01-09 15:32:28', NULL);
INSERT INTO `user` (`user_id`, `owner_id`, `login_id`, `name`, `email`, `password`, `mobile`, `address`, `otp_code`, `mobile_verified`, `station_id`, `user_type`, `latitude`, `longitude`, `geo_fencing_address`, `pincode`, `status`, `profile_pic`, `user_token`, `forgot_token`, `device_id`, `platform_type`, `transporter_available`, `employment_type`, `vehicle_id`, `payment_option`, `currency`, `wallet_balance`, `created_date`, `updated_date`) VALUES ('152', '0', '654123', 'Hema venkatesh', 'hemavenkatesh208@gmail.com', 'e10adc3949ba59abbe56e057f20f883e', '8143601989', 'Dwaraka  nagara colony', NULL, 1, 0, 'Owner', NULL, NULL, NULL, NULL, 1, NULL, '', NULL, '', 'android', NULL, NULL, 0, 2, 'KES', '9611.00', '2023-01-12 16:51:45', NULL);
INSERT INTO `user` (`user_id`, `owner_id`, `login_id`, `name`, `email`, `password`, `mobile`, `address`, `otp_code`, `mobile_verified`, `station_id`, `user_type`, `latitude`, `longitude`, `geo_fencing_address`, `pincode`, `status`, `profile_pic`, `user_token`, `forgot_token`, `device_id`, `platform_type`, `transporter_available`, `employment_type`, `vehicle_id`, `payment_option`, `currency`, `wallet_balance`, `created_date`, `updated_date`) VALUES ('156', '0', 'vijii', 'viji', 'viji@gmail.com', 'e10adc3949ba59abbe56e057f20f883e', '9633696325', 'kenya,530033', 8659, 1, 0, 'Owner', '', '', NULL, NULL, 1, NULL, 'iKSaETNaBoTlasNy5ajY', NULL, NULL, NULL, NULL, NULL, 0, 1, 'KES', '0.00', '2023-01-16 18:15:59', NULL);
INSERT INTO `user` (`user_id`, `owner_id`, `login_id`, `name`, `email`, `password`, `mobile`, `address`, `otp_code`, `mobile_verified`, `station_id`, `user_type`, `latitude`, `longitude`, `geo_fencing_address`, `pincode`, `status`, `profile_pic`, `user_token`, `forgot_token`, `device_id`, `platform_type`, `transporter_available`, `employment_type`, `vehicle_id`, `payment_option`, `currency`, `wallet_balance`, `created_date`, `updated_date`) VALUES ('157', '0', '28259610', 'Joseph Mutunga', 'josephagnutum@gmail.com', '51e2032a9bffee6013c5fcc825ea72fd', '0719107660', '57 kma Upperhill', 6488, 1, 0, 'Owner', '', '', NULL, NULL, 1, NULL, '', NULL, '', 'android', NULL, NULL, 0, 1, 'KES', '0.00', '2023-01-16 18:44:44', NULL);
INSERT INTO `user` (`user_id`, `owner_id`, `login_id`, `name`, `email`, `password`, `mobile`, `address`, `otp_code`, `mobile_verified`, `station_id`, `user_type`, `latitude`, `longitude`, `geo_fencing_address`, `pincode`, `status`, `profile_pic`, `user_token`, `forgot_token`, `device_id`, `platform_type`, `transporter_available`, `employment_type`, `vehicle_id`, `payment_option`, `currency`, `wallet_balance`, `created_date`, `updated_date`) VALUES ('158', '0', '33058032', 'MOHAMMED HASSAN', 'mh0746900900@gmail.com', 'a0f6043304cb94295b0227f83a5efdca', '0746900900', 'KMA CENTRE', 0, 1, 0, 'Owner', '', '', NULL, NULL, 1, NULL, '', NULL, '', 'android', NULL, NULL, 0, 1, 'KES', '0.00', '2023-01-16 18:48:31', NULL);
INSERT INTO `user` (`user_id`, `owner_id`, `login_id`, `name`, `email`, `password`, `mobile`, `address`, `otp_code`, `mobile_verified`, `station_id`, `user_type`, `latitude`, `longitude`, `geo_fencing_address`, `pincode`, `status`, `profile_pic`, `user_token`, `forgot_token`, `device_id`, `platform_type`, `transporter_available`, `employment_type`, `vehicle_id`, `payment_option`, `currency`, `wallet_balance`, `created_date`, `updated_date`) VALUES ('159', '0', 'praveen', 'praveen', 'prav@gmail.com', 'e10adc3949ba59abbe56e057f20f883e', '9898909890', 'dwarakanagar,visakapatnam', NULL, 1, 0, 'Transporter', NULL, NULL, NULL, NULL, 1, NULL, '', NULL, '', 'android', NULL, 'Own Employee', 0, 0, NULL, '0.00', '2023-01-18 10:23:44', '2023-01-27 18:51:19');
INSERT INTO `user` (`user_id`, `owner_id`, `login_id`, `name`, `email`, `password`, `mobile`, `address`, `otp_code`, `mobile_verified`, `station_id`, `user_type`, `latitude`, `longitude`, `geo_fencing_address`, `pincode`, `status`, `profile_pic`, `user_token`, `forgot_token`, `device_id`, `platform_type`, `transporter_available`, `employment_type`, `vehicle_id`, `payment_option`, `currency`, `wallet_balance`, `created_date`, `updated_date`) VALUES ('160', '0', '155256', 'nagendra', 'nagendra208@gmail.com', 'e10adc3949ba59abbe56e057f20f883e', '97010098816', 'dwaraka nagar 5th line', NULL, 1, 0, 'Transporter', '17.728502', '83.3055178', NULL, NULL, 1, 'pic_3511674128229.jpg', '', NULL, '', 'android', 1, 'Own Employee', 11, 0, NULL, '0.00', '2023-01-19 16:57:17', '2023-01-27 18:51:09');
INSERT INTO `user` (`user_id`, `owner_id`, `login_id`, `name`, `email`, `password`, `mobile`, `address`, `otp_code`, `mobile_verified`, `station_id`, `user_type`, `latitude`, `longitude`, `geo_fencing_address`, `pincode`, `status`, `profile_pic`, `user_token`, `forgot_token`, `device_id`, `platform_type`, `transporter_available`, `employment_type`, `vehicle_id`, `payment_option`, `currency`, `wallet_balance`, `created_date`, `updated_date`) VALUES ('161', '0', 'mahathi', 'mahathiffvcccxx', 'mahathi@gmail.com', 'e10adc3949ba59abbe56e057f20f883e', '9639639625', 'shop no 16,Railway New Colony,Visakhapatnam,India,530004', 0, 1, 0, 'Owner', '17.720258076032998', '83.28741319477558', NULL, NULL, 1, NULL, 'sOaUCbeZZ4XEJELY5RTk', NULL, 'fvZYPCApRRaJr1obVqZSp1:APA91bExAPxMnI3feVohSoiKPDnm7hmqlngLX9sUphh1-uuaC-jueCdys7DtZJx4H57lkoRR9FDnSA2U1Dfg5-yCFNfCbIAvMcy2ATbnVX5bG6FoiiR-o_yZVgdeb3mJtpL0fq86Tjel', 'android', NULL, NULL, 0, 1, 'KES', '7000.00', '2023-01-19 18:14:05', '2023-01-23 17:10:35');
INSERT INTO `user` (`user_id`, `owner_id`, `login_id`, `name`, `email`, `password`, `mobile`, `address`, `otp_code`, `mobile_verified`, `station_id`, `user_type`, `latitude`, `longitude`, `geo_fencing_address`, `pincode`, `status`, `profile_pic`, `user_token`, `forgot_token`, `device_id`, `platform_type`, `transporter_available`, `employment_type`, `vehicle_id`, `payment_option`, `currency`, `wallet_balance`, `created_date`, `updated_date`) VALUES ('162', '0', '8143601989', 'venky', 'venky@gmail.com', 'e10adc3949ba59abbe56e057f20f883e', '8143201989', 'dwaraka nagar', 0, 1, 0, 'Owner', '', '', NULL, NULL, 1, NULL, '3mFBoetwsecmp66WAT5W', NULL, 'elBqwOQFSUOYV4dqhq0T6V:APA91bFM-1HJLv5DSXohoPNv7VZ31wvGsm2BMxtLUubwGAneEZu6kFrjoitsjZyQqxPoWWviU2QKKAWPnR_Tof7QmA2eaFzMqg0vCGzshF9IJONtJeKBs0NBYW12oaZro85CFzIUlzj7', 'android', NULL, NULL, 0, 1, 'KES', '406446.00', '2023-01-21 10:27:10', NULL);
INSERT INTO `user` (`user_id`, `owner_id`, `login_id`, `name`, `email`, `password`, `mobile`, `address`, `otp_code`, `mobile_verified`, `station_id`, `user_type`, `latitude`, `longitude`, `geo_fencing_address`, `pincode`, `status`, `profile_pic`, `user_token`, `forgot_token`, `device_id`, `platform_type`, `transporter_available`, `employment_type`, `vehicle_id`, `payment_option`, `currency`, `wallet_balance`, `created_date`, `updated_date`) VALUES ('163', '152', '987654', 'manoj', 'manoj22@gmail.com', '6c44e5cd17f0019c64b042e4a745412a', '8144601989', 'dwaaraka nagar', 6774, 0, 124, 'Attendant', '', '', NULL, NULL, 1, NULL, 'MPxSmOVeL0xsohe8loND', NULL, NULL, NULL, NULL, NULL, 0, 0, 'KES', '0.00', '2023-01-21 10:46:28', NULL);
INSERT INTO `user` (`user_id`, `owner_id`, `login_id`, `name`, `email`, `password`, `mobile`, `address`, `otp_code`, `mobile_verified`, `station_id`, `user_type`, `latitude`, `longitude`, `geo_fencing_address`, `pincode`, `status`, `profile_pic`, `user_token`, `forgot_token`, `device_id`, `platform_type`, `transporter_available`, `employment_type`, `vehicle_id`, `payment_option`, `currency`, `wallet_balance`, `created_date`, `updated_date`) VALUES ('164', '0', 'qwasdd', 'tes', 'fghg@gmail.com', 'e10adc3949ba59abbe56e057f20f883e', '9879879807', 'cvcc', 0, 1, 0, 'Owner', '', '', NULL, NULL, 1, NULL, '', NULL, '', 'android', NULL, NULL, 0, 1, 'KES', '0.00', '2023-01-21 11:04:57', NULL);
INSERT INTO `user` (`user_id`, `owner_id`, `login_id`, `name`, `email`, `password`, `mobile`, `address`, `otp_code`, `mobile_verified`, `station_id`, `user_type`, `latitude`, `longitude`, `geo_fencing_address`, `pincode`, `status`, `profile_pic`, `user_token`, `forgot_token`, `device_id`, `platform_type`, `transporter_available`, `employment_type`, `vehicle_id`, `payment_option`, `currency`, `wallet_balance`, `created_date`, `updated_date`) VALUES ('165', '152', '765765', 'praveen praveen practice practice practice practice practice practice', 'praven@gmail.com', 'e10adc3949ba59abbe56e057f20f883e', '8143601932', 'dwaraka nagar Visakhapatnam dwaraka nagar', NULL, 0, 124, 'Manager', '', '', NULL, NULL, 1, NULL, NULL, NULL, NULL, NULL, NULL, NULL, 0, 0, 'KES', '0.00', '2023-01-23 18:14:37', NULL);
INSERT INTO `user` (`user_id`, `owner_id`, `login_id`, `name`, `email`, `password`, `mobile`, `address`, `otp_code`, `mobile_verified`, `station_id`, `user_type`, `latitude`, `longitude`, `geo_fencing_address`, `pincode`, `status`, `profile_pic`, `user_token`, `forgot_token`, `device_id`, `platform_type`, `transporter_available`, `employment_type`, `vehicle_id`, `payment_option`, `currency`, `wallet_balance`, `created_date`, `updated_date`) VALUES ('172', '152', '654321', 'anil', 'anil@gmail.com', 'e10adc3949ba59abbe56e057f20f883e', '8143600999', 'dwaraka Visakhapatnam', 0, 1, 124, 'Manager', '', '', NULL, NULL, 1, NULL, '', NULL, '', 'android', NULL, NULL, 0, 0, 'KES', '0.00', '2023-01-25 14:09:47', '2023-01-25 14:10:49');
INSERT INTO `user` (`user_id`, `owner_id`, `login_id`, `name`, `email`, `password`, `mobile`, `address`, `otp_code`, `mobile_verified`, `station_id`, `user_type`, `latitude`, `longitude`, `geo_fencing_address`, `pincode`, `status`, `profile_pic`, `user_token`, `forgot_token`, `device_id`, `platform_type`, `transporter_available`, `employment_type`, `vehicle_id`, `payment_option`, `currency`, `wallet_balance`, `created_date`, `updated_date`) VALUES ('173', '68', 'fdsssss', 'satya', 'satya@gmail.com', 'e10adc3949ba59abbe56e057f20f883e', '9632541587', 'siripuram, visakapatnam', 0, 1, 125, 'Manager', '', '', NULL, NULL, 1, NULL, '', NULL, '', 'android', NULL, NULL, 0, 0, 'KES', '0.00', '2023-01-25 14:16:30', NULL);
INSERT INTO `user` (`user_id`, `owner_id`, `login_id`, `name`, `email`, `password`, `mobile`, `address`, `otp_code`, `mobile_verified`, `station_id`, `user_type`, `latitude`, `longitude`, `geo_fencing_address`, `pincode`, `status`, `profile_pic`, `user_token`, `forgot_token`, `device_id`, `platform_type`, `transporter_available`, `employment_type`, `vehicle_id`, `payment_option`, `currency`, `wallet_balance`, `created_date`, `updated_date`) VALUES ('174', '162', '65432165', 'kumar', 'kumar@gmail.com', 'e10adc3949ba59abbe56e057f20f883e', '8143601729', 'dwaraka Visakhapatnam', 0, 1, 133, 'Manager', '', '', NULL, NULL, 1, 'pic_4771674825733.jpg', 'wu41esGZktPPznLdspct', NULL, 'ebds7EhkSeq4qL6S6iVDr8:APA91bH5q0aSTtmzqvayJJRy9Q5GeT1OvA64WPOlGaEvBazaoK2Cgqi57wL4tgaHC_cEv2quvzNDj314ig3vn4ojzWl_CK1ug9DSuc8kGibSFKxClZoqIHpB_6eReCQyU4Z4X69LvS8X', 'android', NULL, NULL, 0, 0, 'KES', '0.00', '2023-01-25 14:28:09', '2023-01-27 18:52:13');
INSERT INTO `user` (`user_id`, `owner_id`, `login_id`, `name`, `email`, `password`, `mobile`, `address`, `otp_code`, `mobile_verified`, `station_id`, `user_type`, `latitude`, `longitude`, `geo_fencing_address`, `pincode`, `status`, `profile_pic`, `user_token`, `forgot_token`, `device_id`, `platform_type`, `transporter_available`, `employment_type`, `vehicle_id`, `payment_option`, `currency`, `wallet_balance`, `created_date`, `updated_date`) VALUES ('175', '0', '28628775', 'Jennifer Kamura', 'kamurajennifer@gmail.com', 'be121740bf988b2225a313fa1f107ca1', '0715978789', '516', NULL, 1, 0, 'Transporter', NULL, NULL, NULL, NULL, 1, NULL, '', NULL, '', 'android', NULL, 'Own Employee', 12, 0, NULL, '0.00', '2023-01-25 17:28:56', '2023-01-27 18:50:59');
INSERT INTO `user` (`user_id`, `owner_id`, `login_id`, `name`, `email`, `password`, `mobile`, `address`, `otp_code`, `mobile_verified`, `station_id`, `user_type`, `latitude`, `longitude`, `geo_fencing_address`, `pincode`, `status`, `profile_pic`, `user_token`, `forgot_token`, `device_id`, `platform_type`, `transporter_available`, `employment_type`, `vehicle_id`, `payment_option`, `currency`, `wallet_balance`, `created_date`, `updated_date`) VALUES ('176', '70', '32243762', 'joseph mutunga', 'josephmutisya28@gmail.com', '51e2032a9bffee6013c5fcc825ea72fd', '0792646542', 'kma upperhill', NULL, 0, 70, 'Manager', '', '', NULL, NULL, 1, NULL, NULL, NULL, NULL, NULL, NULL, NULL, 0, 0, 'KES', '0.00', '2023-01-25 17:48:00', NULL);
INSERT INTO `user` (`user_id`, `owner_id`, `login_id`, `name`, `email`, `password`, `mobile`, `address`, `otp_code`, `mobile_verified`, `station_id`, `user_type`, `latitude`, `longitude`, `geo_fencing_address`, `pincode`, `status`, `profile_pic`, `user_token`, `forgot_token`, `device_id`, `platform_type`, `transporter_available`, `employment_type`, `vehicle_id`, `payment_option`, `currency`, `wallet_balance`, `created_date`, `updated_date`) VALUES ('177', '0', 'saikiuu', 'saikk', 'saikk@gmail.com', 'e10adc3949ba59abbe56e057f20f883e', '9658445844', 'satvxx', 0, 1, 0, 'Owner', '', '', NULL, NULL, 1, NULL, '', NULL, '', 'android', NULL, NULL, 0, 1, 'KES', '0.00', '2023-01-25 18:15:20', NULL);
INSERT INTO `user` (`user_id`, `owner_id`, `login_id`, `name`, `email`, `password`, `mobile`, `address`, `otp_code`, `mobile_verified`, `station_id`, `user_type`, `latitude`, `longitude`, `geo_fencing_address`, `pincode`, `status`, `profile_pic`, `user_token`, `forgot_token`, `device_id`, `platform_type`, `transporter_available`, `employment_type`, `vehicle_id`, `payment_option`, `currency`, `wallet_balance`, `created_date`, `updated_date`) VALUES ('178', '0', 'kamau', 'kamau', 'kamaukimani@gmail.com', 'a80de79fa2aa1816265eaaed5e22a878', '0715509424', '223 right here', 0, 1, 0, 'Owner', '', '', NULL, NULL, 1, NULL, 'S8uhwdIfAXMSblGmTvwX', NULL, 'dRfcrpKpTLaUdjTnDV9FXh:APA91bEmZ9u5lEGIN-ov0dB6CD0ytWrK_NuhsI3d3P3_rGBSnZUw8lPE--yuWmDft1U-vkPvUMPoB9zT2luY4HTr02DEWhhzJwAqar0oOosM-hRYfa0AWj1l6Ui6gygyQbxhP3ePISGe', 'android', NULL, NULL, 0, 1, 'KES', '0.00', '2023-01-26 17:00:37', NULL);
INSERT INTO `user` (`user_id`, `owner_id`, `login_id`, `name`, `email`, `password`, `mobile`, `address`, `otp_code`, `mobile_verified`, `station_id`, `user_type`, `latitude`, `longitude`, `geo_fencing_address`, `pincode`, `status`, `profile_pic`, `user_token`, `forgot_token`, `device_id`, `platform_type`, `transporter_available`, `employment_type`, `vehicle_id`, `payment_option`, `currency`, `wallet_balance`, `created_date`, `updated_date`) VALUES ('179', '0', 'avinas', 'avinash', 'avinash@gmail.com', 'aaa42296669b958c3cee6c0475c8093e', '9580745886', 'seetmapeta, visakapatnam', 0, 1, 0, 'Owner', '', '', NULL, NULL, 1, NULL, '', NULL, '', 'android', NULL, NULL, 0, 1, 'KES', '0.00', '2023-02-01 16:56:07', '2023-02-01 18:07:18');
INSERT INTO `user` (`user_id`, `owner_id`, `login_id`, `name`, `email`, `password`, `mobile`, `address`, `otp_code`, `mobile_verified`, `station_id`, `user_type`, `latitude`, `longitude`, `geo_fencing_address`, `pincode`, `status`, `profile_pic`, `user_token`, `forgot_token`, `device_id`, `platform_type`, `transporter_available`, `employment_type`, `vehicle_id`, `payment_option`, `currency`, `wallet_balance`, `created_date`, `updated_date`) VALUES ('180', '0', 'swaraj', 'swaraj', 'swaraj@gmail.com', 'fcea920f7412b5da7be0cf42b8c93759', '9822544455', 'dwarakanagar, visakapatnam', 0, 1, 0, 'Owner', '', '', NULL, NULL, 1, NULL, '', NULL, '', 'android', NULL, NULL, 0, 1, 'KES', '0.00', '2023-02-01 17:00:51', NULL);
INSERT INTO `user` (`user_id`, `owner_id`, `login_id`, `name`, `email`, `password`, `mobile`, `address`, `otp_code`, `mobile_verified`, `station_id`, `user_type`, `latitude`, `longitude`, `geo_fencing_address`, `pincode`, `status`, `profile_pic`, `user_token`, `forgot_token`, `device_id`, `platform_type`, `transporter_available`, `employment_type`, `vehicle_id`, `payment_option`, `currency`, `wallet_balance`, `created_date`, `updated_date`) VALUES ('181', '0', 'mintu.subbu', 'mintu', 'mintu.b@gmail.com', 'e10adc3949ba59abbe56e057f20f883e', '9885281291', 'this is my location', NULL, 1, 0, 'Owner', NULL, NULL, NULL, NULL, 1, NULL, NULL, NULL, NULL, NULL, NULL, NULL, 0, 1, 'KES', '0.00', '2023-02-01 18:08:29', NULL);
INSERT INTO `user` (`user_id`, `owner_id`, `login_id`, `name`, `email`, `password`, `mobile`, `address`, `otp_code`, `mobile_verified`, `station_id`, `user_type`, `latitude`, `longitude`, `geo_fencing_address`, `pincode`, `status`, `profile_pic`, `user_token`, `forgot_token`, `device_id`, `platform_type`, `transporter_available`, `employment_type`, `vehicle_id`, `payment_option`, `currency`, `wallet_balance`, `created_date`, `updated_date`) VALUES ('182', '181', 'sankar@gmail.com', 'sankar', 'sankar@sankar.com', 'e10adc3949ba59abbe56e057f20f883e', '9876598543', 'dwarakanagar,visakapatnam', NULL, 1, 138, 'Manager', NULL, NULL, NULL, NULL, 1, NULL, NULL, NULL, NULL, NULL, NULL, NULL, 0, 0, 'KES', '0.00', '2023-02-01 18:17:30', NULL);
INSERT INTO `user` (`user_id`, `owner_id`, `login_id`, `name`, `email`, `password`, `mobile`, `address`, `otp_code`, `mobile_verified`, `station_id`, `user_type`, `latitude`, `longitude`, `geo_fencing_address`, `pincode`, `status`, `profile_pic`, `user_token`, `forgot_token`, `device_id`, `platform_type`, `transporter_available`, `employment_type`, `vehicle_id`, `payment_option`, `currency`, `wallet_balance`, `created_date`, `updated_date`) VALUES ('183', '181', 'rajeev', 'rajeev', 'rajjev@attender.com', 'a675ffb2ec24936fba6e16d5f384578f', '9885988512', 'testing', NULL, 1, 138, 'Attendant', NULL, NULL, NULL, NULL, 1, NULL, NULL, NULL, NULL, NULL, NULL, NULL, 0, 0, 'KES', '0.00', '2023-02-01 18:20:18', NULL);
INSERT INTO `user` (`user_id`, `owner_id`, `login_id`, `name`, `email`, `password`, `mobile`, `address`, `otp_code`, `mobile_verified`, `station_id`, `user_type`, `latitude`, `longitude`, `geo_fencing_address`, `pincode`, `status`, `profile_pic`, `user_token`, `forgot_token`, `device_id`, `platform_type`, `transporter_available`, `employment_type`, `vehicle_id`, `payment_option`, `currency`, `wallet_balance`, `created_date`, `updated_date`) VALUES ('184', '0', 'btrans', 'Bounce Trans', 'btrams@gmail.com', 'f5bb0c8de146c67b44babbf4e6584cc0', '9676600666', 'dubi', NULL, 1, 0, 'Transporter', NULL, NULL, NULL, NULL, 1, NULL, NULL, NULL, NULL, NULL, NULL, 'Own Employee', 0, 0, NULL, '0.00', '2023-02-01 18:21:45', NULL);


#
# TABLE STRUCTURE FOR: user_documents
#

DROP TABLE IF EXISTS `user_documents`;

CREATE TABLE `user_documents` (
  `id` bigint(20) NOT NULL AUTO_INCREMENT,
  `user_id` bigint(20) NOT NULL,
  `document_type` varchar(100) COLLATE utf8mb4_unicode_ci DEFAULT NULL,
  `document_number` varchar(100) COLLATE utf8mb4_unicode_ci DEFAULT NULL,
  `front_photo` varchar(100) COLLATE utf8mb4_unicode_ci DEFAULT NULL,
  `status` tinyint(1) NOT NULL DEFAULT '1',
  `created_date` datetime NOT NULL,
  `updated_date` datetime DEFAULT NULL,
  PRIMARY KEY (`id`)
) ENGINE=InnoDB AUTO_INCREMENT=19 DEFAULT CHARSET=utf8mb4 COLLATE=utf8mb4_unicode_ci;

INSERT INTO `user_documents` (`id`, `user_id`, `document_type`, `document_number`, `front_photo`, `status`, `created_date`, `updated_date`) VALUES ('1', '6', 'Driving License', '123456789012341', 'front_5011670398088.jpg', 1, '2022-10-21 10:20:08', '2023-01-13 11:55:04');
INSERT INTO `user_documents` (`id`, `user_id`, `document_type`, `document_number`, `front_photo`, `status`, `created_date`, `updated_date`) VALUES ('2', '58', 'Driving License', '123456', 'front_1891670322673.jpg', 1, '2022-11-11 19:11:33', '2022-12-07 14:33:09');
INSERT INTO `user_documents` (`id`, `user_id`, `document_type`, `document_number`, `front_photo`, `status`, `created_date`, `updated_date`) VALUES ('3', '80', 'Driving License', '78788889', 'front_9991670394824.jpg', 1, '2022-12-07 12:03:44', '2022-12-07 13:14:03');
INSERT INTO `user_documents` (`id`, `user_id`, `document_type`, `document_number`, `front_photo`, `status`, `created_date`, `updated_date`) VALUES ('4', '19', 'Driving License', '12345647891', 'front_6871671701841.jpg', 1, '2022-12-14 09:10:00', '2023-02-01 15:17:45');
INSERT INTO `user_documents` (`id`, `user_id`, `document_type`, `document_number`, `front_photo`, `status`, `created_date`, `updated_date`) VALUES ('5', '86', 'Driving License', '4554333', 'front_6701671698712.jpg', 1, '2022-12-14 10:22:47', '2022-12-22 15:38:26');
INSERT INTO `user_documents` (`id`, `user_id`, `document_type`, `document_number`, `front_photo`, `status`, `created_date`, `updated_date`) VALUES ('6', '85', 'Driving License', '9898998789', 'front_5101671700426.jpg', 1, '2022-12-22 14:43:50', '2023-02-01 17:44:09');
INSERT INTO `user_documents` (`id`, `user_id`, `document_type`, `document_number`, `front_photo`, `status`, `created_date`, `updated_date`) VALUES ('7', '130', 'Driving License', 'APECHJJSDKJAKMLKAMDL', 'front_6551672902214.png', 1, '0000-00-00 00:00:00', NULL);
INSERT INTO `user_documents` (`id`, `user_id`, `document_type`, `document_number`, `front_photo`, `status`, `created_date`, `updated_date`) VALUES ('8', '132', 'Driving License', 'ap23as1232aas23ods', 'front_6571672913502.jpg', 1, '0000-00-00 00:00:00', NULL);
INSERT INTO `user_documents` (`id`, `user_id`, `document_type`, `document_number`, `front_photo`, `status`, `created_date`, `updated_date`) VALUES ('9', '133', 'Driving License', '51346789009', 'front_5131675057946.jpg', 1, '0000-00-00 00:00:00', '2023-01-30 11:22:28');
INSERT INTO `user_documents` (`id`, `user_id`, `document_type`, `document_number`, `front_photo`, `status`, `created_date`, `updated_date`) VALUES ('10', '136', 'Driving License', 'Dfhff', 'front_1201673008536.jpg', 1, '0000-00-00 00:00:00', '2023-01-06 18:05:41');
INSERT INTO `user_documents` (`id`, `user_id`, `document_type`, `document_number`, `front_photo`, `status`, `created_date`, `updated_date`) VALUES ('11', '84', 'Driving License', 'ap232wsasd 3eidskk', 'front_8091673517440.png', 1, '2023-01-12 15:27:20', NULL);
INSERT INTO `user_documents` (`id`, `user_id`, `document_type`, `document_number`, `front_photo`, `status`, `created_date`, `updated_date`) VALUES ('12', '155', 'Driving License', '12345', 'front_9951673872699.jpg', 1, '0000-00-00 00:00:00', NULL);
INSERT INTO `user_documents` (`id`, `user_id`, `document_type`, `document_number`, `front_photo`, `status`, `created_date`, `updated_date`) VALUES ('13', '159', 'Driving License', 'etr3544435', 'front_3261674017624.jpg', 1, '0000-00-00 00:00:00', NULL);
INSERT INTO `user_documents` (`id`, `user_id`, `document_type`, `document_number`, `front_photo`, `status`, `created_date`, `updated_date`) VALUES ('14', '160', 'Driving License', '98765899909ujhhuuii', 'front_5561674128046.jpg', 1, '0000-00-00 00:00:00', '2023-01-27 18:16:08');
INSERT INTO `user_documents` (`id`, `user_id`, `document_type`, `document_number`, `front_photo`, `status`, `created_date`, `updated_date`) VALUES ('15', '175', 'Driving License', 'fffg', 'front_4391674647937.jpeg', 1, '0000-00-00 00:00:00', '2023-01-25 18:03:08');
INSERT INTO `user_documents` (`id`, `user_id`, `document_type`, `document_number`, `front_photo`, `status`, `created_date`, `updated_date`) VALUES ('16', '79', 'Driving License', '', NULL, 1, '0000-00-00 00:00:00', NULL);
INSERT INTO `user_documents` (`id`, `user_id`, `document_type`, `document_number`, `front_photo`, `status`, `created_date`, `updated_date`) VALUES ('17', '75', 'Driving License', '', NULL, 1, '0000-00-00 00:00:00', NULL);
INSERT INTO `user_documents` (`id`, `user_id`, `document_type`, `document_number`, `front_photo`, `status`, `created_date`, `updated_date`) VALUES ('18', '184', 'Driving License', '2345688989898', 'front_1921675255905.jpg', 1, '0000-00-00 00:00:00', NULL);


#
# TABLE STRUCTURE FOR: user_review
#

DROP TABLE IF EXISTS `user_review`;

CREATE TABLE `user_review` (
  `id` bigint(20) NOT NULL AUTO_INCREMENT,
  `user_id` bigint(20) NOT NULL,
  `rating` decimal(4,2) NOT NULL,
  `description` text COLLATE utf8mb4_unicode_ci,
  `feedback_text` varchar(100) COLLATE utf8mb4_unicode_ci DEFAULT NULL,
  `review_type` enum('Review','Feedback') COLLATE utf8mb4_unicode_ci DEFAULT NULL,
  `status` tinyint(1) NOT NULL DEFAULT '1',
  `created_date` datetime NOT NULL,
  `updated_date` datetime DEFAULT NULL,
  PRIMARY KEY (`id`)
) ENGINE=InnoDB DEFAULT CHARSET=utf8mb4 COLLATE=utf8mb4_unicode_ci;

#
# TABLE STRUCTURE FOR: vehicle
#

DROP TABLE IF EXISTS `vehicle`;

CREATE TABLE `vehicle` (
  `vehicle_id` bigint(20) NOT NULL AUTO_INCREMENT,
  `user_id` bigint(20) NOT NULL,
  `vehicle_number` varchar(50) COLLATE utf8mb4_unicode_ci NOT NULL,
  `measurement` varchar(50) COLLATE utf8mb4_unicode_ci NOT NULL,
  `vehicle_capacity` varchar(50) COLLATE utf8mb4_unicode_ci NOT NULL,
  `front_vehicle_photo` varchar(100) COLLATE utf8mb4_unicode_ci DEFAULT NULL,
  `back_vehicle_photo` varchar(100) COLLATE utf8mb4_unicode_ci DEFAULT NULL,
  `left_vehicle_photo` varchar(100) COLLATE utf8mb4_unicode_ci DEFAULT NULL,
  `right_vehicle_photo` varchar(100) COLLATE utf8mb4_unicode_ci DEFAULT NULL,
  `vehicle_document` varchar(100) COLLATE utf8mb4_unicode_ci DEFAULT NULL,
  `no_of_compartment` int(11) NOT NULL,
  `status` tinyint(1) NOT NULL DEFAULT '1',
  `created_date` datetime NOT NULL,
  `updated_date` datetime DEFAULT NULL,
  PRIMARY KEY (`vehicle_id`)
) ENGINE=InnoDB AUTO_INCREMENT=14 DEFAULT CHARSET=utf8mb4 COLLATE=utf8mb4_unicode_ci;

INSERT INTO `vehicle` (`vehicle_id`, `user_id`, `vehicle_number`, `measurement`, `vehicle_capacity`, `front_vehicle_photo`, `back_vehicle_photo`, `left_vehicle_photo`, `right_vehicle_photo`, `vehicle_document`, `no_of_compartment`, `status`, `created_date`, `updated_date`) VALUES ('1', '6', 'GJ5-GL-1234', 'Litr', '3000', 'vehicle_3261666278217.jpg', NULL, NULL, NULL, 'document_2971666278217.jpg', 3, 1, '2022-10-20 20:33:37', '2023-01-13 11:55:04');
INSERT INTO `vehicle` (`vehicle_id`, `user_id`, `vehicle_number`, `measurement`, `vehicle_capacity`, `front_vehicle_photo`, `back_vehicle_photo`, `left_vehicle_photo`, `right_vehicle_photo`, `vehicle_document`, `no_of_compartment`, `status`, `created_date`, `updated_date`) VALUES ('5', '19', 'GJ1234', 'Litr', '12000', 'front_5491674817123.jpg', 'back_5541674813315.jpg', 'left_6781674813336.jpg', 'left_6781674813336.jpg', 'document_8251674818081.jpg', 3, 1, '2022-12-20 16:16:42', '2023-02-01 15:17:45');
INSERT INTO `vehicle` (`vehicle_id`, `user_id`, `vehicle_number`, `measurement`, `vehicle_capacity`, `front_vehicle_photo`, `back_vehicle_photo`, `left_vehicle_photo`, `right_vehicle_photo`, `vehicle_document`, `no_of_compartment`, `status`, `created_date`, `updated_date`) VALUES ('6', '86', '123444', 'Litr', '6000', 'vehicle_9771671698333.jpg', NULL, NULL, NULL, 'document_9241671698356.jpg', 5, 1, '2022-12-22 14:09:44', '2022-12-22 15:38:26');
INSERT INTO `vehicle` (`vehicle_id`, `user_id`, `vehicle_number`, `measurement`, `vehicle_capacity`, `front_vehicle_photo`, `back_vehicle_photo`, `left_vehicle_photo`, `right_vehicle_photo`, `vehicle_document`, `no_of_compartment`, `status`, `created_date`, `updated_date`) VALUES ('7', '85', '45t45', 'Litr', '4000', 'front_4101675247096.jpg', 'back_6821675247108.jpg', 'left_4461674812145.jpg', 'left_4461674812145.jpg', 'document_9731671700373.jpg', 2, 1, '2022-12-22 14:43:50', '2023-02-01 17:44:09');
INSERT INTO `vehicle` (`vehicle_id`, `user_id`, `vehicle_number`, `measurement`, `vehicle_capacity`, `front_vehicle_photo`, `back_vehicle_photo`, `left_vehicle_photo`, `right_vehicle_photo`, `vehicle_document`, `no_of_compartment`, `status`, `created_date`, `updated_date`) VALUES ('8', '133', 'p23as1234', 'Litr', '1000', 'vehicle_5891673186625.jpg', NULL, NULL, NULL, 'document_6691672980154.jpg', 3, 0, '2023-01-05 16:04:53', '2023-01-17 15:59:40');
INSERT INTO `vehicle` (`vehicle_id`, `user_id`, `vehicle_number`, `measurement`, `vehicle_capacity`, `front_vehicle_photo`, `back_vehicle_photo`, `left_vehicle_photo`, `right_vehicle_photo`, `vehicle_document`, `no_of_compartment`, `status`, `created_date`, `updated_date`) VALUES ('9', '136', 'KDJ 4675', 'Litr', '10000', 'vehicle_7521673008490.jpg', NULL, NULL, NULL, 'document_4361673008502.jpg', 1, 1, '2023-01-06 18:05:41', NULL);
INSERT INTO `vehicle` (`vehicle_id`, `user_id`, `vehicle_number`, `measurement`, `vehicle_capacity`, `front_vehicle_photo`, `back_vehicle_photo`, `left_vehicle_photo`, `right_vehicle_photo`, `vehicle_document`, `no_of_compartment`, `status`, `created_date`, `updated_date`) VALUES ('10', '84', 'ap23as1234', '52', '1000', 'vehicle_5691673517440.png', NULL, NULL, NULL, 'document_7431673517440.png', 3, 1, '2023-01-12 15:27:20', NULL);
INSERT INTO `vehicle` (`vehicle_id`, `user_id`, `vehicle_number`, `measurement`, `vehicle_capacity`, `front_vehicle_photo`, `back_vehicle_photo`, `left_vehicle_photo`, `right_vehicle_photo`, `vehicle_document`, `no_of_compartment`, `status`, `created_date`, `updated_date`) VALUES ('11', '160', 'AS12As1234', 'Litr', '14500', 'vehicle_4801674128090.jpg', 'back_7041674797926.jpg', 'left_5551674797926.jpg', 'left_5551674797926.jpg', 'document_9351674128024.jpg', 1, 1, '2023-01-19 17:04:08', '2023-01-27 18:16:08');
INSERT INTO `vehicle` (`vehicle_id`, `user_id`, `vehicle_number`, `measurement`, `vehicle_capacity`, `front_vehicle_photo`, `back_vehicle_photo`, `left_vehicle_photo`, `right_vehicle_photo`, `vehicle_document`, `no_of_compartment`, `status`, `created_date`, `updated_date`) VALUES ('12', '175', 'nbcgmjl', 'litres', '10000', 'vehicle_2751674649988.jpg', NULL, NULL, NULL, 'document_5391674649988.jpg', 1, 1, '2023-01-25 18:03:08', NULL);
INSERT INTO `vehicle` (`vehicle_id`, `user_id`, `vehicle_number`, `measurement`, `vehicle_capacity`, `front_vehicle_photo`, `back_vehicle_photo`, `left_vehicle_photo`, `right_vehicle_photo`, `vehicle_document`, `no_of_compartment`, `status`, `created_date`, `updated_date`) VALUES ('13', '133', 'AP23AS1234', 'Litr', '14000', 'front_3921675057911.jpg', 'front_1211675057915.jpg', 'front_2051675057919.jpg', 'front_2051675057919.jpg', 'document_1471675057929.jpg', 1, 1, '2023-01-30 11:22:28', NULL);


#
# TABLE STRUCTURE FOR: vehicle_detail
#

DROP TABLE IF EXISTS `vehicle_detail`;

CREATE TABLE `vehicle_detail` (
  `id` bigint(20) NOT NULL AUTO_INCREMENT,
  `vehicle_id` bigint(20) NOT NULL,
  `compartment_no` int(11) NOT NULL,
  `compartment_capacity` varchar(50) COLLATE utf8mb4_unicode_ci NOT NULL,
  PRIMARY KEY (`id`)
) ENGINE=InnoDB AUTO_INCREMENT=290 DEFAULT CHARSET=utf8mb4 COLLATE=utf8mb4_unicode_ci;

INSERT INTO `vehicle_detail` (`id`, `vehicle_id`, `compartment_no`, `compartment_capacity`) VALUES ('195', '6', 1, '2000');
INSERT INTO `vehicle_detail` (`id`, `vehicle_id`, `compartment_no`, `compartment_capacity`) VALUES ('196', '6', 2, '4000');
INSERT INTO `vehicle_detail` (`id`, `vehicle_id`, `compartment_no`, `compartment_capacity`) VALUES ('197', '6', 3, '5000');
INSERT INTO `vehicle_detail` (`id`, `vehicle_id`, `compartment_no`, `compartment_capacity`) VALUES ('198', '6', 4, '1000');
INSERT INTO `vehicle_detail` (`id`, `vehicle_id`, `compartment_no`, `compartment_capacity`) VALUES ('199', '6', 5, '1000');
INSERT INTO `vehicle_detail` (`id`, `vehicle_id`, `compartment_no`, `compartment_capacity`) VALUES ('208', '9', 1, '1000');
INSERT INTO `vehicle_detail` (`id`, `vehicle_id`, `compartment_no`, `compartment_capacity`) VALUES ('223', '10', 1, '100');
INSERT INTO `vehicle_detail` (`id`, `vehicle_id`, `compartment_no`, `compartment_capacity`) VALUES ('224', '10', 2, '100');
INSERT INTO `vehicle_detail` (`id`, `vehicle_id`, `compartment_no`, `compartment_capacity`) VALUES ('225', '10', 3, '100');
INSERT INTO `vehicle_detail` (`id`, `vehicle_id`, `compartment_no`, `compartment_capacity`) VALUES ('229', '1', 1, '500');
INSERT INTO `vehicle_detail` (`id`, `vehicle_id`, `compartment_no`, `compartment_capacity`) VALUES ('230', '1', 2, '1000');
INSERT INTO `vehicle_detail` (`id`, `vehicle_id`, `compartment_no`, `compartment_capacity`) VALUES ('231', '1', 3, '1000');
INSERT INTO `vehicle_detail` (`id`, `vehicle_id`, `compartment_no`, `compartment_capacity`) VALUES ('232', '8', 1, '1580');
INSERT INTO `vehicle_detail` (`id`, `vehicle_id`, `compartment_no`, `compartment_capacity`) VALUES ('233', '8', 2, '150');
INSERT INTO `vehicle_detail` (`id`, `vehicle_id`, `compartment_no`, `compartment_capacity`) VALUES ('234', '8', 3, '150');
INSERT INTO `vehicle_detail` (`id`, `vehicle_id`, `compartment_no`, `compartment_capacity`) VALUES ('249', '12', 1, '1000');
INSERT INTO `vehicle_detail` (`id`, `vehicle_id`, `compartment_no`, `compartment_capacity`) VALUES ('275', '11', 1, '1000');
INSERT INTO `vehicle_detail` (`id`, `vehicle_id`, `compartment_no`, `compartment_capacity`) VALUES ('279', '13', 1, '1000');
INSERT INTO `vehicle_detail` (`id`, `vehicle_id`, `compartment_no`, `compartment_capacity`) VALUES ('283', '5', 1, '4000');
INSERT INTO `vehicle_detail` (`id`, `vehicle_id`, `compartment_no`, `compartment_capacity`) VALUES ('284', '5', 2, '4000');
INSERT INTO `vehicle_detail` (`id`, `vehicle_id`, `compartment_no`, `compartment_capacity`) VALUES ('285', '5', 3, '4000');
INSERT INTO `vehicle_detail` (`id`, `vehicle_id`, `compartment_no`, `compartment_capacity`) VALUES ('288', '7', 1, '2000');
INSERT INTO `vehicle_detail` (`id`, `vehicle_id`, `compartment_no`, `compartment_capacity`) VALUES ('289', '7', 2, '2000');


#
# TABLE STRUCTURE FOR: vendor
#

DROP TABLE IF EXISTS `vendor`;

CREATE TABLE `vendor` (
  `vendor_id` bigint(20) NOT NULL AUTO_INCREMENT,
  `name` varchar(100) COLLATE utf8mb4_unicode_ci NOT NULL,
  `email` varchar(100) COLLATE utf8mb4_unicode_ci NOT NULL,
  `mobile` varchar(20) COLLATE utf8mb4_unicode_ci NOT NULL,
  `address` varchar(255) COLLATE utf8mb4_unicode_ci DEFAULT NULL,
  `latitude` varchar(100) COLLATE utf8mb4_unicode_ci DEFAULT NULL,
  `longitude` varchar(100) COLLATE utf8mb4_unicode_ci DEFAULT NULL,
  `status` tinyint(1) NOT NULL DEFAULT '1',
  `created_date` datetime NOT NULL,
  `updated_date` datetime DEFAULT NULL,
  PRIMARY KEY (`vendor_id`)
) ENGINE=InnoDB AUTO_INCREMENT=4 DEFAULT CHARSET=utf8mb4 COLLATE=utf8mb4_unicode_ci;

INSERT INTO `vendor` (`vendor_id`, `name`, `email`, `mobile`, `address`, `latitude`, `longitude`, `status`, `created_date`, `updated_date`) VALUES ('1', 'test vendor', 'test@vendor.com', '1234567890', 'test address', '17.684311382019164', '83.1860489038005', 1, '2022-10-20 17:14:29', '2022-11-16 15:16:38');
INSERT INTO `vendor` (`vendor_id`, `name`, `email`, `mobile`, `address`, `latitude`, `longitude`, `status`, `created_date`, `updated_date`) VALUES ('2', 'National Oil', 'national@gmail.com', '0799988222', 'KAWI HOUSE', '-1.288811', '36.823219', 1, '2022-11-23 17:20:28', NULL);
INSERT INTO `vendor` (`vendor_id`, `name`, `email`, `mobile`, `address`, `latitude`, `longitude`, `status`, `created_date`, `updated_date`) VALUES ('3', 'venkatesh', 'hemavenkatsh@gmail.com', '8143601989', 'dwaaraka nagar  5th line visakapatnam', '17.728820', '83.307522', 1, '2023-01-05 15:52:45', '2023-01-06 19:37:51');


#
# TABLE STRUCTURE FOR: vendor_purchase
#

DROP TABLE IF EXISTS `vendor_purchase`;

CREATE TABLE `vendor_purchase` (
  `id` bigint(20) NOT NULL AUTO_INCREMENT,
  `vendor_id` bigint(20) NOT NULL,
  `product_id` bigint(20) NOT NULL,
  `invoice_no` varchar(100) COLLATE utf8mb4_unicode_ci DEFAULT NULL,
  `invoice_date` date DEFAULT NULL,
  `inward_date` date DEFAULT NULL,
  `invoice_attach` varchar(100) COLLATE utf8mb4_unicode_ci DEFAULT NULL,
  `amount` decimal(11,2) NOT NULL,
  `product_data` text COLLATE utf8mb4_unicode_ci,
  `vendor_data` text COLLATE utf8mb4_unicode_ci,
  `created_date` datetime NOT NULL,
  `updated_date` datetime DEFAULT NULL,
  PRIMARY KEY (`id`)
) ENGINE=InnoDB AUTO_INCREMENT=6 DEFAULT CHARSET=utf8mb4 COLLATE=utf8mb4_unicode_ci;

INSERT INTO `vendor_purchase` (`id`, `vendor_id`, `product_id`, `invoice_no`, `invoice_date`, `inward_date`, `invoice_attach`, `amount`, `product_data`, `vendor_data`, `created_date`, `updated_date`) VALUES ('1', '1', '2', 'INV0001', '2022-12-04', '2022-12-05', 'inv_5511670232417.jpg', '1000.00', '{\"category_id\":\"2\",\"name\":\"Petrol\",\"type\":\"Pms\",\"image\":\"product_5051666941331.png\",\"measurement\":\"Litr\",\"status\":\"1\",\"display_order\":\"1\",\"created_date\":\"2022-10-17 19:25:50\",\"updated_date\":\"2022-10-28 12:45:31\"}', '{\"vendor_id\":\"1\",\"name\":\"test vendor\",\"email\":\"test@vendor.com\",\"mobile\":\"1234567890\",\"address\":\"test address\",\"latitude\":\"17.684311382019164\",\"longitude\":\"83.1860489038005\",\"status\":\"1\",\"created_date\":\"2022-10-20 17:14:29\",\"updated_date\":\"2022-11-16 15:16:38\"}', '2022-12-05 13:38:44', '2022-12-05 14:58:02');
INSERT INTO `vendor_purchase` (`id`, `vendor_id`, `product_id`, `invoice_no`, `invoice_date`, `inward_date`, `invoice_attach`, `amount`, `product_data`, `vendor_data`, `created_date`, `updated_date`) VALUES ('2', '2', '3', 'INV0002', '2022-12-05', '2022-12-05', 'inv_1751670227725.jpg', '1500.00', '{\"category_id\":\"3\",\"name\":\"Diesel\",\"type\":\"Ago\",\"image\":\"product_6011666941346.png\",\"measurement\":\"Litr\",\"status\":\"1\",\"display_order\":\"2\",\"created_date\":\"2022-10-17 19:26:28\",\"updated_date\":\"2022-10-28 12:45:45\"}', '{\"vendor_id\":\"2\",\"name\":\"National Oil\",\"email\":\"national@gmail.com\",\"mobile\":\"0799988222\",\"address\":\"KAWI HOUSE\",\"latitude\":\"-1.288811\",\"longitude\":\"36.823219\",\"status\":\"1\",\"created_date\":\"2022-11-23 17:20:28\",\"updated_date\":null}', '2022-12-05 13:38:45', '2022-12-05 14:59:14');
INSERT INTO `vendor_purchase` (`id`, `vendor_id`, `product_id`, `invoice_no`, `invoice_date`, `inward_date`, `invoice_attach`, `amount`, `product_data`, `vendor_data`, `created_date`, `updated_date`) VALUES ('3', '3', '2', '123456789', '2023-01-05', '2023-01-01', 'inv_2521672914224.jpg', '500000.00', '{\"category_id\":\"2\",\"name\":\"Petrol\",\"type\":\"Pms\",\"image\":\"product_5051666941331.png\",\"measurement\":\"Litr\",\"status\":\"1\",\"display_order\":\"1\",\"created_date\":\"2022-10-17 19:25:50\",\"updated_date\":\"2022-10-28 12:45:31\"}', '{\"vendor_id\":\"3\",\"name\":\"venkatesh\",\"email\":\"hemavenkatsh@gmail.com\",\"mobile\":\"8143601989\",\"address\":\"dwaaraka nagar  5th line visakapatnam\",\"latitude\":\"17.728820\",\"longitude\":\"83.307522\",\"status\":\"1\",\"created_date\":\"2023-01-05 15:52:45\",\"updated_date\":null}', '2023-01-05 15:53:44', NULL);
INSERT INTO `vendor_purchase` (`id`, `vendor_id`, `product_id`, `invoice_no`, `invoice_date`, `inward_date`, `invoice_attach`, `amount`, `product_data`, `vendor_data`, `created_date`, `updated_date`) VALUES ('4', '3', '2', 'etfgc', '2023-01-06', '2023-01-06', 'inv_6461673014646.png', '12356790.00', '{\"category_id\":\"2\",\"name\":\"Petrol\",\"type\":\"Pms\",\"image\":\"product_5051666941331.png\",\"measurement\":\"Litr\",\"status\":\"1\",\"display_order\":\"1\",\"created_date\":\"2022-10-17 19:25:50\",\"updated_date\":\"2022-10-28 12:45:31\"}', '{\"vendor_id\":\"3\",\"name\":\"venkatesh\",\"email\":\"hemavenkatsh@gmail.com\",\"mobile\":\"8143601989\",\"address\":\"dwaaraka nagar  5th line visakapatnam\",\"latitude\":\"17.728820\",\"longitude\":\"83.307522\",\"status\":\"1\",\"created_date\":\"2023-01-05 15:52:45\",\"updated_date\":\"2023-01-06 19:37:51\"}', '2023-01-06 19:47:26', NULL);
INSERT INTO `vendor_purchase` (`id`, `vendor_id`, `product_id`, `invoice_no`, `invoice_date`, `inward_date`, `invoice_attach`, `amount`, `product_data`, `vendor_data`, `created_date`, `updated_date`) VALUES ('5', '2', '2', '7628728298', '2023-01-31', NULL, NULL, '28282929.00', '{\"category_id\":\"2\",\"name\":\"Petrol\",\"type\":\"Pms\",\"image\":\"product_5051666941331.png\",\"measurement\":\"Litr\",\"minimum_order_qty\":\"100\",\"status\":\"1\",\"display_order\":\"1\",\"created_date\":\"2022-10-17 19:25:50\",\"updated_date\":\"2023-01-30 12:58:29\"}', '{\"vendor_id\":\"2\",\"name\":\"National Oil\",\"email\":\"national@gmail.com\",\"mobile\":\"0799988222\",\"address\":\"KAWI HOUSE\",\"latitude\":\"-1.288811\",\"longitude\":\"36.823219\",\"status\":\"1\",\"created_date\":\"2022-11-23 17:20:28\",\"updated_date\":null}', '2023-02-01 18:26:14', NULL);


